timestamp,P1,P2,P3,P4,P5,P6,Ax,Ay,Az,Gx,Gy,Gz,activity
0.0,964,283,223,389,460,166,0.0226,-0.0068,0.9469,1.86,-2.05,-0.02,Standing
0.02,1034,266,216,408,433,181,0.0215,0.0536,1.0198,-0.99,1.07,0.96,Standing
0.04,1005,296,204,374,426,175,0.0459,-0.0215,1.0437,-1.0,-0.2,0.32,Standing
0.06,1010,275,196,378,400,208,0.0774,0.0243,0.9608,-0.07,0.62,0.92,Standing
0.08,1002,253,222,398,428,158,0.0224,0.0757,1.0097,-0.29,1.58,0.25,Standing
0.1,1019,292,202,377,400,176,0.033,-0.0213,0.9452,-1.06,-2.92,-0.08,Standing
0.12,1019,267,200,348,430,176,0.0045,-0.0086,0.9763,-0.62,-2.49,-0.92,Standing
0.14,997,270,195,382,456,146,-0.0292,0.0255,0.9841,-2.35,-0.85,-0.15,Standing
0.16,972,291,213,358,431,166,0.0141,0.0016,0.9677,-1.42,0.64,-1.77,Standing
0.18,976,266,211,370,435,187,0.0103,0.0315,0.9737,-0.07,-0.53,-0.04,Standing
0.2,1045,286,197,372,453,150,0.0211,-0.0049,0.955,-1.18,0.24,-0.24,Standing
0.22,1052,264,226,387,394,180,0.0453,-0.0497,0.9788,0.72,-0.46,-1.84,Standing
0.24,1023,298,212,372,402,154,0.0509,0.0666,1.0203,-0.97,1.75,-1.26,Standing
0.26,1007,300,202,353,396,158,0.0352,-0.0293,1.0109,0.6,-0.68,-0.57,Standing
0.28,1061,316,205,373,378,149,0.0084,0.0272,1.0134,0.37,-0.04,-0.55,Standing
0.3,1093,287,200,345,401,157,0.0441,-0.0447,0.9934,0.58,0.82,-0.09,Standing
0.32,1055,291,192,324,361,163,0.0079,0.0055,0.9244,0.69,-2.05,1.17,Standing
0.34,1044,277,226,341,418,160,-0.014,0.0319,1.0089,-1.9,-0.45,-0.93,Standing
0.36,1062,300,204,365,419,144,0.0694,0.0057,0.9362,0.3,0.62,-0.15,Standing
0.38,1051,326,186,413,420,150,0.0223,0.0327,1.0012,0.73,-1.87,2.2,Standing
0.4,1048,313,218,369,405,136,0.0403,-0.0344,1.0145,-0.99,-1.52,-0.03,Standing
0.42,1045,312,187,357,371,169,0.0022,0.0773,1.0342,1.45,-0.81,-0.84,Standing
0.44,998,308,178,354,388,151,0.0151,0.0255,1.079,-0.67,-0.86,1.34,Standing
0.46,995,304,167,348,380,168,0.0435,0.0221,1.0305,-1.01,-1.82,0.04,Standing
0.48,1035,273,190,335,380,163,-0.0039,0.0485,1.0786,-0.82,-0.3,0.19,Standing
0.5,1040,312,191,380,385,130,0.0319,0.0253,1.0276,1.07,-0.09,-0.96,Standing
0.52,1043,310,176,310,385,143,0.0145,0.0777,1.0092,1.11,0.88,-1.0,Standing
0.54,1047,294,207,316,386,178,0.0183,0.0183,0.9615,-0.7,1.51,-0.94,Standing
0.56,1041,319,187,315,341,152,0.0217,-0.0081,0.9964,0.05,0.22,0.54,Standing
0.58,1051,323,164,316,375,171,0.0015,0.0065,0.9423,-2.66,0.43,0.41,Standing
0.6,1105,291,167,343,369,162,0.018,-0.0403,1.0303,1.91,2.31,0.77,Standing
0.62,1097,296,196,314,405,149,0.0246,0.0123,0.9568,1.63,0.11,0.65,Standing
0.64,1126,291,179,328,363,151,0.005,-0.0056,0.8986,-1.35,0.4,-0.2,Standing
0.66,1109,288,182,301,390,135,0.0008,0.049,0.9436,2.01,1.51,-0.37,Standing
0.68,1069,311,171,322,359,124,0.0023,-0.0022,0.9494,-0.09,-0.32,0.48,Standing
0.7,1062,323,161,315,328,132,0.0471,-0.0284,1.0075,2.32,-1.89,0.62,Standing
0.72,1041,317,203,305,344,152,0.0466,-0.0427,0.9841,1.43,-0.24,0.29,Standing
0.74,1055,321,177,301,382,141,-0.0132,-0.0439,1.0813,-1.42,3.31,-0.55,Standing
0.76,1037,300,183,321,375,142,-0.0238,0.028,0.98,-0.2,-1.6,0.99,Standing
0.78,1092,315,174,286,363,133,-0.025,0.0471,1.0058,-1.61,1.18,0.23,Standing
0.8,1119,319,164,278,369,136,-0.0107,0.0328,1.0107,0.69,-0.68,-0.88,Standing
0.82,1093,307,163,329,353,143,-0.0028,0.0579,1.0352,-0.56,0.17,-1.0,Standing
0.84,1062,304,167,321,339,121,0.019,0.0337,1.0167,-0.17,0.89,-0.04,Standing
0.86,1083,306,170,325,347,111,0.048,0.0114,1.0342,0.6,1.11,1.27,Standing
0.88,1101,322,169,291,384,174,0.0439,0.0287,1.0628,-0.82,0.68,0.74,Standing
0.9,1081,310,162,306,320,141,0.0601,0.0235,1.0233,0.93,-0.27,-0.59,Standing
0.92,1046,311,169,289,327,146,-0.0173,-0.0504,1.0516,-0.65,-1.1,-1.0,Standing
0.94,1057,320,201,335,353,154,0.0104,0.0002,1.0077,-0.61,0.09,0.95,Standing
0.96,1112,334,143,364,344,131,-0.0111,-0.0332,0.9248,-1.68,-0.85,-0.72,Standing
0.98,1047,298,138,283,326,123,0.0557,-0.0013,1.0474,-1.78,1.95,0.68,Standing
1.0,1091,291,176,327,361,157,0.0465,-0.0056,1.0737,1.11,-0.02,0.1,Standing
1.02,1082,305,194,289,382,133,-0.0227,0.0085,0.9673,0.23,0.27,-0.24,Standing
1.04,1075,308,178,298,344,119,0.0013,0.0213,1.04,0.46,-1.67,-0.83,Standing
1.06,1097,299,161,275,398,144,0.0779,-0.0078,1.004,-0.67,-0.91,0.34,Standing
1.08,1024,322,165,333,361,166,0.0247,0.0318,0.9782,2.17,-1.68,0.12,Standing
1.1,1107,328,141,316,338,127,-0.0376,0.0006,1.0192,0.66,1.4,0.07,Standing
1.12,1074,327,186,368,392,125,0.0015,0.0174,1.0133,0.31,-0.43,-0.87,Standing
1.14,1112,310,189,297,378,129,0.054,-0.0386,1.0077,-0.07,0.25,-0.61,Standing
1.16,1101,297,181,288,363,152,0.0387,0.0311,1.0609,-0.31,1.58,0.95,Standing
1.18,1107,305,206,295,347,135,0.0467,-0.0284,0.9999,0.94,0.62,-0.57,Standing
1.2,1004,304,181,318,381,155,0.0809,0.0027,1.0637,1.33,-0.24,1.38,Standing
1.22,1065,315,210,291,354,149,0.0031,0.0439,1.0228,-1.34,-0.93,-0.49,Standing
1.24,1084,309,161,276,377,152,0.0195,0.0486,0.961,0.01,-1.43,0.74,Standing
1.26,1099,316,171,312,362,142,0.0312,-0.0238,0.936,0.37,-1.6,-0.22,Standing
1.28,1071,287,226,331,369,150,-0.0151,0.0241,0.9245,1.36,1.52,-0.28,Standing
1.3,1078,318,189,283,351,126,-0.0207,0.0632,0.9463,-0.96,0.57,0.0,Standing
1.32,1086,316,183,330,377,153,0.0344,-0.0154,1.0081,-1.17,-1.11,-1.28,Standing
1.34,1069,280,191,289,370,164,-0.0195,0.0239,1.0693,0.87,-0.98,2.25,Standing
1.36,1086,299,185,316,404,138,-0.006,-0.0029,0.9728,2.11,-0.9,0.02,Standing
1.38,1016,305,164,356,385,143,0.0579,0.0218,1.0016,1.25,-1.1,0.54,Standing
1.4,1072,301,162,328,366,159,0.0481,0.0369,0.9914,1.77,-0.51,-0.22,Standing
1.42,1045,314,183,291,404,148,0.0197,0.0183,1.024,-0.27,-1.98,1.19,Standing
1.44,1045,313,208,288,387,176,0.0499,-0.0071,0.9693,0.42,0.53,1.25,Standing
1.46,1046,316,181,299,389,127,0.0163,0.0275,0.9955,0.23,0.32,1.63,Standing
1.48,1054,312,183,328,347,145,-0.0,0.0058,1.0502,0.44,-0.14,-0.53,Standing
1.5,1069,291,160,360,355,132,0.051,-0.009,0.9997,0.14,0.61,-0.13,Standing
1.52,1025,307,172,324,373,154,-0.0141,-0.0218,1.0591,0.7,-1.57,1.5,Standing
1.54,1077,288,176,329,380,175,0.0174,-0.03,1.0442,0.79,1.14,0.14,Standing
1.56,997,305,197,348,373,171,0.0251,0.0727,0.9878,0.4,-2.1,0.64,Standing
1.58,1026,302,193,317,396,162,0.0878,0.0363,1.0163,-0.34,1.12,-0.88,Standing
1.6,1020,295,179,333,389,156,0.0254,0.0044,0.9843,0.26,-1.25,1.09,Standing
1.62,1050,276,182,365,384,163,0.0014,0.0038,1.0337,0.55,-0.16,1.16,Standing
1.64,1061,281,179,306,377,157,-0.0027,0.0079,1.0281,0.67,-0.55,-0.12,Standing
1.66,1028,289,170,361,444,150,0.0142,-0.0098,1.0259,-0.12,0.45,-1.47,Standing
1.68,1088,306,182,372,411,149,-0.0011,-0.0142,0.9997,-1.46,0.34,-1.08,Standing
1.7,1019,298,200,348,418,180,0.0351,-0.0404,0.9755,0.93,1.34,1.79,Standing
1.72,1039,292,201,330,430,168,0.0545,0.0069,1.1001,0.48,-0.61,1.52,Standing
1.74,1022,266,165,349,399,156,0.0529,-0.0308,1.0562,1.88,2.64,0.01,Standing
1.76,1080,270,174,389,392,187,-0.014,0.0152,1.0045,-1.56,0.22,-1.02,Standing
1.78,984,294,212,357,421,183,0.0012,-0.0583,0.987,1.75,2.76,0.12,Standing
1.8,1030,272,201,341,415,182,0.0078,-0.008,1.0065,-1.43,-0.17,-0.45,Standing
1.82,1012,277,190,397,418,169,0.0472,-0.0006,1.0493,-0.5,-0.69,0.65,Standing
1.84,1018,328,226,378,464,159,0.0576,-0.01,0.9936,-0.27,0.28,1.55,Standing
1.86,1007,294,169,365,416,173,0.0297,-0.0226,1.0928,-1.39,1.12,1.46,Standing
1.88,1008,288,180,371,431,172,0.0549,0.0373,1.0787,-0.41,1.78,0.48,Standing
1.9,1030,305,207,377,457,154,0.0311,-0.0029,0.9988,1.82,-1.49,0.22,Standing
1.92,974,271,204,392,462,161,0.0619,-0.0016,0.9839,-0.51,-0.11,0.54,Standing
1.94,995,266,192,369,413,168,0.0571,-0.027,1.0796,-1.55,-0.08,-0.54,Standing
1.96,998,250,239,383,446,174,0.0097,-0.0188,1.031,1.83,0.24,-0.35,Standing
1.98,999,257,227,406,439,143,0.0088,0.0327,1.0483,-1.71,1.45,0.73,Standing
2.0,990,277,244,402,452,154,0.0457,0.0213,1.0055,-0.13,-2.88,1.02,Standing
2.02,1043,270,212,412,438,188,-0.0054,0.0267,1.0251,0.8,1.38,-0.63,Standing
2.04,1015,254,232,408,472,189,0.035,0.0002,0.9835,1.06,0.09,-0.15,Standing
2.06,1002,287,236,392,453,202,-0.0033,0.0208,1.0618,-1.4,1.05,0.57,Standing
2.08,980,256,215,395,477,185,0.0152,0.0696,1.0461,0.06,1.8,0.02,Standing
2.1,1035,276,215,410,438,185,0.0246,-0.0117,1.0125,-0.22,0.64,0.28,Standing
2.12,1012,284,259,407,474,205,0.0465,0.0275,0.9926,0.25,-1.6,-0.4,Standing
2.14,965,282,215,437,514,193,-0.0004,0.0248,1.028,-0.28,-0.54,-1.64,Standing
2.16,939,260,241,448,473,196,0.0337,-0.0117,0.9848,1.5,-0.05,-0.04,Standing
2.18,926,242,236,410,449,191,-0.0235,0.0289,1.0149,0.44,-1.99,0.59,Standing
2.2,919,255,230,402,477,175,0.0182,-0.0117,1.0292,0.28,-0.67,-0.39,Standing
2.22,936,262,229,424,469,212,-0.0065,-0.04,0.9642,0.19,1.39,-0.69,Standing
2.24,934,254,229,468,493,195,-0.0395,0.0128,1.0454,-1.86,2.24,1.16,Standing
2.26,936,289,237,446,495,200,-0.0084,0.0373,0.9997,-1.03,1.78,0.29,Standing
2.28,944,242,227,447,533,182,0.0162,0.0006,1.0501,0.61,0.33,-0.25,Standing
2.3,955,236,229,437,486,210,-0.0002,-0.0035,1.0192,-1.66,-1.11,-1.97,Standing
2.32,922,245,220,446,485,216,0.0087,-0.0288,0.9527,-0.5,1.2,-0.59,Standing
2.34,900,245,238,473,488,221,0.0324,0.0754,1.0474,-1.48,0.37,-1.26,Standing
2.36,968,241,234,446,497,225,0.0388,-0.0166,0.9109,0.87,-0.66,1.43,Standing
2.38,953,267,233,436,448,216,0.0021,-0.0187,0.9576,-0.63,0.12,0.88,Standing
2.4,922,245,241,471,488,219,0.0255,0.0221,1.0498,-0.7,0.62,0.11,Standing
2.42,895,239,244,460,520,221,0.0353,0.0358,1.0274,-0.62,-2.0,-0.9,Standing
2.44,908,211,245,460,501,232,-0.0006,0.0171,0.9919,-0.86,-0.16,1.8,Standing
2.46,924,241,230,469,521,205,0.0208,-0.012,0.9254,1.76,-0.39,0.65,Standing
2.48,877,236,259,423,495,203,0.0078,-0.0324,0.9937,1.37,0.16,-0.23,Standing
2.5,929,254,258,468,528,208,-0.0326,0.0105,0.9722,-1.71,-1.91,-0.95,Standing
2.52,929,220,241,447,519,229,0.0169,0.0298,1.01,-0.39,0.76,0.6,Standing
2.54,913,229,221,456,537,197,0.0024,-0.0245,0.9836,-1.16,0.69,-0.38,Standing
2.56,870,244,255,471,522,184,0.0503,0.0094,1.0231,1.12,-1.52,0.2,Standing
2.58,923,237,257,442,503,233,0.0404,0.0417,0.9416,-1.18,-1.03,-1.22,Standing
2.6,945,227,235,496,522,222,-0.012,-0.0327,1.1017,1.08,-1.58,0.68,Standing
2.62,940,238,256,512,515,221,0.0162,0.071,0.9296,-2.14,1.62,1.28,Standing
2.64,923,214,251,487,492,215,0.0613,0.0257,1.0611,2.27,0.5,-0.55,Standing
2.66,943,238,250,499,513,215,0.0763,-0.006,1.0464,1.75,-1.05,0.63,Standing
2.68,880,231,247,491,501,202,0.0622,0.0251,1.0154,-1.41,0.02,-0.07,Standing
2.7,881,237,245,479,550,224,-0.015,0.0073,1.0057,-0.59,-1.36,1.76,Standing
2.72,918,214,266,482,567,213,0.0233,0.0469,0.9343,1.84,-0.26,-0.76,Standing
2.74,856,221,258,486,519,231,0.0332,-0.0168,1.0424,0.39,0.39,-0.88,Standing
2.76,865,211,249,460,573,241,0.0704,0.0305,0.9407,-0.88,3.5,0.37,Standing
2.78,903,224,274,488,530,204,0.0424,0.0077,0.9439,1.2,0.5,-0.5,Standing
2.8,888,236,241,466,539,203,-0.0018,-0.0043,1.0359,1.09,1.22,-0.34,Standing
2.82,885,247,248,496,571,230,0.061,-0.0245,0.9957,0.49,-0.65,0.14,Standing
2.84,904,228,267,500,526,246,0.0333,0.048,1.0323,0.32,0.65,-0.43,Standing
2.86,888,212,242,506,546,200,0.0105,0.0073,0.9967,0.61,-1.95,-1.24,Standing
2.88,917,227,270,492,516,251,-0.0082,0.0111,1.0154,0.43,-0.82,-2.4,Standing
2.9,859,230,274,474,537,242,-0.0024,0.0045,0.9787,-0.54,2.78,0.09,Standing
2.92,940,202,282,507,531,224,0.0094,0.0253,0.9717,0.17,0.8,0.48,Standing
2.94,896,256,272,486,559,230,0.0698,0.0414,1.0331,1.05,1.79,0.95,Standing
2.96,883,199,253,521,539,236,0.011,0.0058,0.9784,-0.16,-0.26,-0.54,Standing
2.98,895,221,280,489,547,212,0.02,0.0128,0.9503,0.36,-0.72,0.83,Standing
3.0,888,211,246,515,575,230,0.0447,-0.0065,1.0469,-1.21,0.53,-1.74,Standing
3.02,909,215,277,488,534,223,0.0345,-0.0463,0.9486,-0.52,-1.12,-0.98,Standing
3.04,930,246,252,497,526,218,0.0034,0.007,0.9575,0.6,-0.36,-0.18,Standing
3.06,885,225,265,479,555,221,0.0628,0.0157,0.9705,-0.33,0.34,-0.32,Standing
3.08,873,215,276,526,538,238,0.0273,0.0608,0.9882,0.39,-0.16,-0.63,Standing
3.1,914,232,251,423,555,216,0.0401,0.0343,1.0008,-1.95,1.13,1.4,Standing
3.12,925,208,264,487,542,217,0.0329,0.0363,0.99,1.26,0.87,0.51,Standing
3.14,880,227,267,516,522,218,0.0404,0.0081,0.9659,0.43,0.93,-1.44,Standing
3.16,872,219,263,487,561,201,-0.0133,0.0119,0.9774,0.91,0.21,0.44,Standing
3.18,894,223,233,467,569,254,0.0205,-0.0149,1.0086,-1.13,-0.35,-0.58,Standing
3.2,914,229,270,471,566,199,0.0299,0.0164,0.9452,1.2,1.34,-0.94,Standing
3.22,889,225,276,477,564,212,-0.0127,0.0304,0.9901,-1.23,1.28,0.06,Standing
3.24,918,233,263,465,556,201,0.0156,-0.0041,0.9693,-0.31,-0.0,-0.61,Standing
3.26,885,234,261,501,539,198,0.0873,-0.0073,1.0615,-0.25,0.16,-0.88,Standing
3.28,929,218,272,505,524,213,-0.0277,0.0673,1.0057,0.91,0.4,-0.76,Standing
3.3,913,238,242,456,520,208,0.0608,0.0581,0.9856,-1.39,-4.1,-1.18,Standing
3.32,907,250,280,468,523,222,0.0064,-0.0034,0.9168,-2.0,1.0,0.13,Standing
3.34,869,245,262,459,479,206,-0.0096,-0.017,1.1116,0.45,0.82,0.6,Standing
3.36,900,244,269,471,486,206,-0.0211,0.0281,1.0267,-0.01,-0.1,0.17,Standing
3.38,901,247,217,474,447,209,0.0162,0.0557,0.9438,1.65,2.02,-0.52,Standing
3.4,924,227,255,459,518,207,-0.0089,-0.0232,1.0503,-0.48,1.7,0.24,Standing
3.42,908,203,238,470,559,219,0.0446,0.0581,1.0215,0.77,3.41,-1.03,Standing
3.44,892,237,253,460,519,237,0.0501,0.0429,0.979,0.01,-0.24,0.27,Standing
3.46,928,228,224,471,540,186,0.0185,0.0409,0.9913,0.32,-0.02,-0.38,Standing
3.48,959,221,232,470,519,180,0.0712,-0.0142,1.0469,-1.37,-1.37,-1.52,Standing
3.5,904,240,223,463,535,179,0.05,0.0087,0.9983,-0.69,1.43,0.27,Standing
3.52,953,252,269,490,456,206,0.0126,0.0043,1.0501,-0.6,-1.0,1.77,Standing
3.54,931,220,233,419,537,194,0.042,-0.0141,1.0201,-1.03,1.25,0.4,Standing
3.56,903,240,262,439,524,223,0.0634,0.0316,0.962,0.8,1.38,-0.22,Standing
3.58,933,242,256,455,476,222,0.0413,0.0377,0.9886,-0.64,0.88,0.66,Standing
3.6,929,271,253,429,512,248,0.0075,0.0595,1.0298,-0.74,-2.15,0.85,Standing
3.62,969,221,234,438,524,211,0.0724,0.0103,1.0281,-0.72,-0.89,-0.0,Standing
3.64,961,259,212,442,530,200,-0.0023,0.0251,1.037,1.18,-0.18,-0.07,Standing
3.66,941,243,255,468,506,186,-0.0046,0.0469,0.9735,-1.88,0.52,-0.19,Standing
3.68,932,254,231,458,451,200,0.0847,0.0106,1.0084,0.54,-0.59,-0.45,Standing
3.7,963,232,229,432,484,184,0.0256,0.0433,0.9973,-0.59,2.4,0.24,Standing
3.72,955,249,272,419,464,226,0.0539,-0.0214,1.0351,1.19,-1.02,0.54,Standing
3.74,1001,228,227,424,506,197,0.0049,0.0075,1.05,-2.64,2.78,0.66,Standing
3.76,964,265,239,414,478,203,0.0494,-0.0009,0.9928,-0.94,0.84,0.13,Standing
3.78,995,253,233,425,445,193,0.073,-0.0128,0.9999,-0.51,1.65,0.0,Standing
3.8,966,268,201,443,479,183,-0.003,0.0102,0.9624,-0.74,-1.51,-1.35,Standing
3.82,947,277,231,385,509,224,0.0605,0.0037,1.024,-1.68,0.24,-0.65,Standing
3.84,959,258,187,376,463,199,0.0518,-0.016,0.9727,-1.04,-0.88,-0.39,Standing
3.86,959,289,209,412,465,185,0.0668,0.055,1.0057,1.54,-0.46,-0.71,Standing
3.88,961,266,241,416,478,198,0.0423,0.0324,0.9674,0.65,0.23,0.36,Standing
3.9,983,250,211,409,484,183,-0.0535,-0.0208,1.0226,0.25,0.5,0.06,Standing
3.92,976,277,227,421,499,181,0.019,-0.0449,0.9606,-0.46,1.29,-0.67,Standing
3.94,993,253,208,427,453,154,-0.0033,-0.0274,0.9337,-0.21,2.15,-1.21,Standing
3.96,1000,274,234,384,454,175,0.0022,-0.0193,0.9096,-0.29,-0.75,-0.46,Standing
3.98,991,294,234,406,423,201,0.0312,0.0126,0.9769,-1.06,-1.26,0.23,Standing
4.0,964,278,223,371,459,142,0.0051,-0.036,1.0177,0.18,2.76,1.46,Standing
4.02,935,286,182,393,449,171,-0.0152,0.0172,1.0308,-1.51,0.27,1.01,Standing
4.04,1004,293,194,399,445,174,0.0402,-0.005,0.9381,-1.41,-0.45,-0.76,Standing
4.06,996,296,197,373,401,171,0.011,0.0158,1.0369,-1.32,3.85,-1.13,Standing
4.08,1038,274,207,388,409,164,-0.0038,0.0218,1.0858,-0.36,0.32,0.82,Standing
4.1,982,265,224,413,437,173,-0.0251,-0.0043,1.0106,-3.73,-2.01,0.53,Standing
4.12,1024,313,205,379,430,180,0.006,0.0123,1.0175,2.13,-1.35,1.17,Standing
4.14,1060,279,203,369,422,174,-0.0298,-0.0015,1.0198,1.66,-1.06,-0.27,Standing
4.16,1002,278,188,391,426,164,0.055,0.0435,0.9723,-0.49,-0.07,0.76,Standing
4.18,1057,308,191,391,423,186,0.0002,-0.0079,1.0078,1.16,1.6,-0.65,Standing
4.2,1017,237,204,361,444,161,0.0423,-0.001,1.0361,0.98,-0.12,0.5,Standing
4.22,1004,254,191,365,393,151,-0.0358,0.004,1.0122,-0.99,0.55,-0.04,Standing
4.24,978,317,192,365,417,172,0.0075,-0.0435,1.025,0.17,1.97,1.47,Standing
4.26,1052,303,215,355,378,166,-0.01,0.0177,1.0407,1.44,-1.33,0.71,Standing
4.28,1015,302,225,376,402,166,0.0052,0.0005,1.021,0.09,0.97,0.04,Standing
4.3,1013,279,206,371,367,179,-0.0309,0.039,1.0354,-0.48,-0.95,-1.28,Standing
4.32,1053,312,191,328,439,181,0.0267,-0.0007,0.992,-2.99,0.51,0.64,Standing
4.34,1048,279,166,368,401,130,0.0017,-0.0028,1.0277,0.24,-0.37,-0.27,Standing
4.36,1033,306,164,361,422,157,0.0094,-0.0292,0.9914,1.38,1.35,-0.4,Standing
4.38,1026,297,186,356,416,157,0.0685,0.0154,1.0993,0.04,0.26,0.72,Standing
4.4,1082,303,189,308,390,151,0.0122,0.0469,0.9974,0.91,-0.54,0.21,Standing
4.42,1047,288,189,389,395,128,0.0336,0.0152,1.0474,0.32,2.16,-1.27,Standing
4.44,1044,302,194,342,397,145,-0.0272,0.0171,0.9974,-0.35,0.67,-0.73,Standing
4.46,1077,323,181,313,351,154,0.0601,0.026,1.0531,0.12,1.61,-1.41,Standing
4.48,1063,309,189,338,372,147,0.0345,-0.0042,0.9415,0.54,-0.41,0.26,Standing
4.5,1082,304,176,340,418,167,-0.0064,0.02,1.0359,-0.3,0.02,0.87,Standing
4.52,1050,278,167,316,378,137,0.0341,-0.0044,1.047,-1.12,-1.2,-1.06,Standing
4.54,1066,302,172,324,358,137,0.027,0.0387,0.9696,3.83,-2.21,1.35,Standing
4.56,1071,309,138,376,386,127,0.0159,0.0021,0.9888,1.09,2.31,0.24,Standing
4.58,1071,297,202,321,399,144,0.0523,0.0493,1.0311,-1.7,-0.1,-0.79,Standing
4.6,1073,337,181,300,349,140,0.017,-0.0087,1.0074,1.22,-0.16,-0.53,Standing
4.62,1059,311,165,288,358,132,-0.0264,-0.006,1.0156,2.21,0.98,-0.9,Standing
4.64,1055,297,166,323,385,133,0.0123,0.0034,1.0222,1.36,-0.52,0.3,Standing
4.66,1056,301,178,297,364,142,0.019,0.0276,1.0202,-0.53,-0.19,0.15,Standing
4.68,1110,312,181,278,381,132,0.0565,0.0082,0.9386,-0.19,0.76,0.64,Standing
4.7,1123,337,156,296,342,131,-0.0131,0.0086,0.9797,-2.26,0.36,-0.97,Standing
4.72,1090,348,191,316,372,154,0.0081,0.0213,0.9008,-1.47,-1.33,-0.63,Standing
4.74,1113,315,208,298,342,149,0.034,-0.0291,1.0048,1.05,-0.41,0.02,Standing
4.76,1058,295,179,320,367,147,0.0647,0.0288,0.9948,0.43,-1.17,-0.32,Standing
4.78,1085,334,187,281,361,123,0.0358,0.003,1.0405,0.15,-1.42,0.53,Standing
4.8,1056,302,167,317,361,122,0.0219,0.0387,1.0251,0.02,0.54,-0.21,Standing
4.82,1061,331,206,314,365,150,0.0016,0.0089,0.9897,-2.57,-2.27,0.94,Standing
4.84,1095,318,144,301,346,126,0.0206,0.0564,0.9955,0.64,1.6,-1.53,Standing
4.86,1117,287,179,295,385,138,0.0161,0.0155,1.0122,0.08,-1.0,0.21,Standing
4.88,1076,326,191,277,371,150,0.0007,0.0403,1.0441,-1.77,1.05,-0.36,Standing
4.9,1038,302,170,330,373,159,0.0488,0.0497,0.9858,0.37,0.03,-0.12,Standing
4.92,1034,312,172,313,337,165,0.0771,0.0395,1.0453,-2.68,-0.82,1.11,Standing
4.94,1077,335,165,339,362,122,-0.0273,0.0076,0.9895,-0.5,0.24,0.14,Standing
4.96,1105,320,159,314,353,148,0.0321,0.0033,1.005,-1.57,1.44,-0.52,Standing
4.98,1075,321,177,318,364,140,-0.0203,0.0486,1.0397,-1.1,0.49,-0.29,Standing
5.0,1087,330,154,315,341,123,0.0663,0.0552,0.9783,-0.5,-0.72,1.44,Standing
5.02,1127,329,146,307,366,117,0.0133,-0.0253,0.9977,-1.49,-1.72,-0.29,Standing
5.04,1060,334,187,256,377,131,-0.0258,-0.0169,1.0252,-1.12,0.87,-0.88,Standing
5.06,1086,326,167,294,382,136,0.0466,-0.0306,0.9619,-0.05,-1.5,0.44,Standing
5.08,1127,337,160,336,339,135,-0.0201,0.0016,1.0174,-2.2,1.5,0.02,Standing
5.1,1094,294,167,330,398,159,0.0153,0.004,0.9845,-1.02,-3.41,0.56,Standing
5.12,1040,299,181,293,376,150,0.0221,0.0104,0.9464,1.1,-0.89,-1.63,Standing
5.14,1090,339,169,314,387,133,-0.0118,0.0169,1.0034,0.13,0.25,-0.89,Standing
5.16,1072,291,163,321,395,87,0.0277,-0.0269,0.985,-1.43,-0.62,0.1,Standing
5.18,1082,337,156,316,358,143,0.0674,0.0095,0.9244,-0.8,0.43,0.5,Standing
5.2,1106,306,179,299,367,147,0.0371,-0.0267,0.9971,2.03,-0.21,0.96,Standing
5.22,1081,303,189,317,382,148,0.0316,0.0347,1.0542,0.36,-1.47,0.55,Standing
5.24,1043,324,194,332,363,167,0.0187,0.0288,0.972,-0.67,-0.86,0.37,Standing
5.26,1065,326,172,346,392,117,0.029,-0.0033,1.0058,2.91,1.78,-0.37,Standing
5.28,1079,286,178,295,353,151,0.0599,-0.0011,0.9515,-1.02,0.78,-1.14,Standing
5.3,1053,285,142,319,341,172,-0.0251,-0.0105,0.9664,-1.76,-1.44,0.54,Standing
5.32,1099,299,181,314,340,146,-0.0272,0.0106,1.021,-1.04,-0.86,0.66,Standing
5.34,1052,299,170,311,425,161,0.0481,-0.0211,0.9929,1.86,0.14,-1.2,Standing
5.36,1038,296,185,308,386,134,0.0512,-0.0065,0.8944,-0.59,1.5,-0.68,Standing
5.38,1093,340,197,304,355,151,0.0112,0.0238,0.9977,0.42,-2.34,0.01,Standing
5.4,1065,310,181,332,345,146,0.0757,-0.0282,1.048,-0.31,-0.15,0.62,Standing
5.42,1122,313,177,297,382,156,0.023,0.0139,0.9892,0.77,1.03,0.51,Standing
5.44,1079,309,189,323,409,146,0.0296,-0.032,0.9769,1.67,-0.27,-0.47,Standing
5.46,1062,326,185,336,371,127,0.0396,0.0058,1.0149,1.2,0.28,-1.58,Standing
5.48,1093,298,185,339,378,157,0.0331,-0.0541,1.0034,-0.76,0.31,-0.3,Standing
5.5,1068,307,157,320,393,145,-0.002,0.0115,0.9534,0.28,-2.5,0.4,Standing
5.52,1062,319,159,346,393,162,-0.0149,-0.0382,0.9711,3.29,-0.34,-1.62,Standing
5.54,1000,289,202,341,396,158,0.0794,0.0138,0.9525,0.55,1.13,0.61,Standing
5.56,1020,302,193,358,389,164,0.0112,0.0098,0.9952,0.17,1.31,-1.18,Standing
5.58,1041,291,201,382,409,179,0.0612,0.0729,1.0285,0.25,0.64,1.1,Standing
5.6,1041,301,201,352,416,166,0.0106,0.0222,1.0107,0.13,-0.12,-0.27,Standing
5.62,1035,312,173,394,373,147,-0.0084,0.0386,1.0608,0.46,0.25,-0.04,Standing
5.64,1040,319,174,341,383,153,0.0086,0.0133,1.0675,2.08,-1.58,-0.25,Standing
5.66,1004,287,191,324,416,167,0.0109,-0.0614,0.9061,0.22,1.5,-0.8,Standing
5.68,1060,282,169,374,382,150,-0.0319,0.0776,1.0688,-0.39,-0.73,-0.0,Standing
5.7,1013,299,166,337,428,140,-0.013,0.024,1.0372,-1.39,-0.07,-1.27,Standing
5.72,1038,286,188,347,419,132,0.0471,-0.0106,0.9875,-1.23,0.36,0.04,Standing
5.74,1010,284,197,344,449,136,0.0622,0.0541,0.9836,0.16,0.35,1.29,Standing
5.76,1078,273,185,385,388,165,0.0456,-0.0144,0.9324,0.34,-0.81,0.38,Standing
5.78,992,280,200,338,453,166,-0.0202,0.0044,0.9853,1.03,-1.57,-2.24,Standing
5.8,1027,267,185,365,401,140,0.0648,0.0357,0.9266,0.34,-1.23,-0.16,Standing
5.82,997,282,204,368,420,154,-0.0379,-0.0079,1.0258,0.33,-0.49,-0.44,Standing
5.84,1001,262,222,340,411,150,0.0582,0.0026,1.0138,-1.6,-0.57,1.7,Standing
5.86,1012,267,203,397,418,141,0.025,0.0741,0.9803,-1.3,0.31,0.58,Standing
5.88,981,293,224,368,431,163,0.0153,0.0118,0.9493,0.77,-0.4,-1.3,Standing
5.9,1006,252,218,367,436,164,0.0197,0.0406,0.9712,0.94,-0.21,0.83,Standing
5.92,1000,279,194,392,440,188,0.0338,0.0471,0.9153,-0.78,-0.18,0.02,Standing
5.94,965,261,226,376,405,182,-0.0022,0.0394,0.9952,0.68,-0.26,0.33,Standing
5.96,995,263,199,395,449,171,0.0613,0.0039,0.9621,-2.53,0.65,2.2,Standing
5.98,983,299,233,377,425,153,0.0337,0.0146,1.0666,1.33,-0.86,0.9,Standing
6.0,1005,275,234,390,448,204,-0.0006,0.0056,0.9593,0.77,0.23,0.04,Standing
6.02,932,261,203,378,436,189,0.0143,0.0134,0.9935,-1.22,0.07,-0.69,Standing
6.04,979,260,233,373,440,182,-0.004,0.0361,0.9863,2.0,-1.13,-0.79,Standing
6.06,961,288,205,426,488,199,0.0405,0.014,0.9774,-1.82,-0.11,-1.13,Standing
6.08,993,259,231,423,443,191,-0.0028,0.0314,0.9935,0.99,1.01,-0.25,Standing
6.1,1023,265,208,409,443,199,0.0027,-0.0016,1.0191,0.01,1.56,-0.33,Standing
6.12,981,255,211,399,431,166,0.0342,0.0743,1.0237,-0.73,-0.11,0.16,Standing
6.14,946,262,237,442,451,187,-0.0119,0.0123,1.0405,-0.74,-0.48,0.37,Standing
6.16,945,224,222,412,459,179,0.0541,0.0405,1.0391,0.96,-2.62,0.56,Standing
6.18,951,234,209,378,490,185,0.0544,-0.0426,1.0238,0.87,-0.65,0.0,Standing
6.2,985,243,240,389,481,177,-0.0193,0.0133,1.0348,-1.18,0.35,-0.34,Standing
6.22,931,240,216,417,504,192,0.0094,-0.0099,0.9825,-0.67,0.48,-0.02,Standing
6.24,963,239,230,433,484,190,-0.0016,-0.042,1.0045,0.67,-0.01,-0.68,Standing
6.26,971,242,229,434,534,170,-0.04,0.0535,0.9809,-1.42,1.23,0.3,Standing
6.28,975,240,242,446,471,194,0.0337,0.0517,1.0153,1.98,-1.14,0.94,Standing
6.3,951,231,236,448,527,188,0.0016,-0.0626,0.9911,-0.13,-0.5,0.16,Standing
6.32,941,249,247,418,467,201,0.0496,-0.0344,1.0601,-0.25,0.6,0.53,Standing
6.34,898,275,223,444,501,216,0.003,-0.0035,0.9899,-0.09,1.83,0.38,Standing
6.36,936,257,233,470,503,220,0.0248,0.0372,0.9966,-4.06,0.7,0.18,Standing
6.38,935,258,239,426,482,204,0.0242,-0.0134,1.0084,0.06,0.3,-1.26,Standing
6.4,921,268,261,450,509,180,0.0029,-0.0053,0.9355,0.16,1.54,0.91,Standing
6.42,937,228,231,436,515,212,-0.0356,0.0184,1.0463,1.16,1.07,0.36,Standing
6.44,949,226,259,459,526,225,0.0171,-0.0258,1.0489,2.31,-0.41,0.43,Standing
6.46,946,232,217,459,507,225,0.0313,0.0182,1.0208,0.45,1.15,-0.75,Standing
6.48,910,250,253,455,493,209,-0.0276,0.0229,0.9504,0.67,1.89,-0.45,Standing
6.5,912,250,239,444,477,170,-0.0302,0.0345,1.0457,-1.26,0.17,-0.28,Standing
6.52,906,239,212,454,519,185,0.0726,-0.0241,1.0278,-1.35,-2.48,-0.35,Standing
6.54,923,246,228,467,549,221,-0.0145,-0.0308,0.9703,-2.9,-1.25,1.55,Standing
6.56,893,230,250,460,481,191,0.0052,0.0512,0.9517,-0.73,0.87,0.31,Standing
6.58,876,236,234,505,540,222,-0.0153,0.0089,0.9426,-0.65,0.47,-0.15,Standing
6.6,958,225,238,455,529,199,0.047,-0.0205,0.9551,-0.03,1.06,0.61,Standing
6.62,930,249,261,471,543,215,0.0009,-0.0001,1.0301,1.77,0.48,-0.5,Standing
6.64,884,197,247,474,489,215,0.0205,0.0526,1.1283,0.5,-1.61,-0.48,Standing
6.66,910,227,275,446,544,212,0.0581,0.0136,0.9714,1.13,-0.57,0.31,Standing
6.68,946,221,250,462,524,227,0.0202,0.0113,1.0869,-0.72,-2.05,-0.86,Standing
6.7,916,246,264,489,531,242,-0.014,0.0119,0.9478,0.31,0.31,-0.01,Standing
6.72,894,236,263,473,515,227,0.0197,0.0465,0.9668,-0.95,0.69,0.4,Standing
6.74,866,205,249,481,536,197,0.0329,-0.027,0.9935,-0.36,1.23,-1.58,Standing
6.76,898,263,269,496,532,239,0.0114,0.0332,1.0426,-1.18,-0.8,-1.3,Standing
6.78,916,216,255,531,483,219,0.0345,-0.0199,1.0206,-0.35,1.54,0.12,Standing
6.8,891,244,243,451,558,250,0.0255,0.0107,0.9721,0.84,0.07,-0.44,Standing
6.82,906,233,244,520,570,220,0.0363,0.0223,0.9786,-0.75,-0.1,-1.15,Standing
6.84,884,214,269,493,550,221,0.0352,0.0058,1.071,3.05,1.03,-1.31,Standing
6.86,918,199,261,494,531,238,0.0275,-0.0011,0.9874,0.08,0.1,1.63,Standing
6.88,898,236,280,492,537,241,-0.003,0.0281,1.0305,1.38,0.66,0.01,Standing
6.9,937,211,267,486,537,209,-0.0133,0.0517,1.0079,-0.08,0.17,0.55,Standing
6.92,895,246,259,480,510,243,0.0239,-0.01,1.0127,-0.1,-0.31,0.03,Standing
6.94,908,237,277,495,538,236,0.0364,-0.0026,1.0662,-0.67,1.49,-0.88,Standing
6.96,890,225,277,459,530,211,-0.0023,-0.0083,1.0513,-0.08,-0.28,-0.31,Standing
6.98,884,215,261,454,549,214,0.0597,0.0072,1.0475,0.69,-0.02,-0.19,Standing
7.0,962,260,233,514,490,208,0.0206,-0.0553,1.0194,-1.08,1.3,-0.24,Standing
7.02,945,247,263,478,543,230,0.0414,0.0348,0.9585,-2.49,-0.09,0.65,Standing
7.04,892,213,260,476,544,221,-0.0274,-0.0002,1.0224,-1.58,-0.34,-0.21,Standing
7.06,959,197,266,486,543,226,-0.0382,0.0259,0.9848,-1.17,-2.56,-0.36,Standing
7.08,937,243,249,485,539,203,0.0135,0.0041,0.9674,0.25,-1.47,-0.39,Standing
7.1,895,223,259,497,559,213,0.0158,0.0043,1.0568,-0.14,-1.72,-0.34,Standing
7.12,892,215,260,477,534,227,0.0171,0.0766,1.0228,0.1,1.77,0.9,Standing
7.14,883,217,261,478,529,212,0.0424,0.0715,1.0178,-0.82,2.28,-0.66,Standing
7.16,969,245,264,492,524,249,0.0284,-0.0128,0.9504,-0.13,-1.85,0.31,Standing
7.18,901,217,245,481,502,208,0.0792,-0.0304,1.0464,-1.67,-0.01,-0.42,Standing
7.2,891,250,258,467,542,213,-0.0112,0.0259,0.9681,0.38,2.96,1.33,Standing
7.22,873,223,242,496,550,202,0.0053,-0.0017,1.0294,0.24,-0.39,0.55,Standing
7.24,891,188,262,476,528,226,0.0038,-0.0373,0.9984,-0.99,-0.43,-1.27,Standing
7.26,906,231,267,480,544,239,0.0444,0.0226,0.9438,0.94,-1.29,-0.79,Standing
7.28,885,227,275,438,546,245,0.0154,0.0159,1.031,-1.58,-0.4,1.34,Standing
7.3,946,229,247,477,532,192,0.0547,0.0097,0.9678,-0.16,2.46,0.47,Standing
7.32,894,188,264,473,521,208,0.0844,-0.0453,1.0987,-0.61,-1.33,-0.4,Standing
7.34,854,202,274,467,512,210,0.0364,0.0261,1.0352,0.99,-0.18,-0.98,Standing
7.36,943,210,263,458,526,200,0.0593,-0.0395,0.9342,-0.41,-0.54,0.05,Standing
7.38,961,252,230,446,539,214,0.0271,0.005,1.0269,-0.6,0.88,-0.77,Standing
7.4,920,228,276,479,549,231,0.0109,0.0614,0.9727,1.78,2.6,0.74,Standing
7.42,913,230,223,465,555,215,0.0902,-0.0601,1.0689,0.4,0.24,0.69,Standing
7.44,903,246,261,465,500,205,0.0423,0.0051,1.0306,0.28,-2.14,-0.42,Standing
7.46,901,231,235,482,520,224,0.0261,-0.0298,0.9624,-0.03,1.7,0.59,Standing
7.48,930,225,275,451,554,210,0.0144,0.033,1.0105,0.53,-2.29,0.33,Standing
7.5,925,233,247,474,515,230,0.0723,0.0725,1.0064,-2.07,-0.2,-0.27,Standing
7.52,905,256,244,491,549,206,0.0377,-0.0339,1.0462,0.56,0.46,-0.94,Standing
7.54,951,225,213,441,530,236,0.0261,0.0102,0.9456,-1.13,-1.02,0.36,Standing
7.56,922,217,234,447,492,208,0.0148,0.0298,1.0026,0.7,1.33,0.12,Standing
7.58,910,262,216,461,496,206,-0.0291,0.0442,0.9894,2.4,-0.36,-0.28,Standing
7.6,964,223,236,461,471,227,-0.0025,0.0469,0.9528,0.37,0.59,-2.02,Standing
7.62,921,262,222,430,555,204,-0.0186,-0.0254,1.0491,-0.27,1.5,1.0,Standing
7.64,981,250,263,475,484,219,0.0282,0.026,0.9982,0.28,0.68,-0.36,Standing
7.66,971,220,248,433,506,205,-0.0291,-0.0304,1.0298,0.22,-2.13,0.19,Standing
7.68,1011,243,192,433,502,203,0.0462,0.1079,0.9864,-0.67,-0.16,0.21,Standing
7.7,934,234,218,446,516,212,0.0283,0.0084,0.9732,1.17,0.62,0.46,Standing
7.72,929,261,229,448,497,189,0.0988,0.0109,1.0434,2.62,1.69,0.61,Standing
7.74,912,234,240,427,501,188,0.0288,-0.0131,0.9968,0.22,0.75,-1.36,Standing
7.76,961,245,229,397,493,190,0.0301,0.0346,1.0297,2.83,-1.08,-1.56,Standing
7.78,966,256,228,410,500,212,0.0285,0.0064,0.9429,0.05,0.11,1.18,Standing
7.8,990,226,229,406,460,203,0.0214,0.0588,0.9853,-1.51,-1.4,-1.85,Standing
7.82,991,237,223,419,461,176,0.0203,0.003,0.9288,0.37,0.32,0.59,Standing
7.84,978,253,185,406,437,213,0.0837,0.016,0.9959,0.76,0.62,-0.9,Standing
7.86,978,270,201,437,482,169,0.0006,-0.0396,1.0037,-0.54,0.05,-0.68,Standing
7.88,971,253,232,429,498,174,-0.0128,0.0036,1.0209,0.07,-0.74,-0.61,Standing
7.9,951,253,238,419,477,155,-0.0055,-0.002,0.9971,-1.8,0.57,0.22,Standing
7.92,953,276,220,385,436,159,0.0167,0.0159,1.0157,-0.38,-2.27,0.34,Standing
7.94,1002,267,241,394,487,177,0.006,0.0429,1.053,-1.85,2.08,-0.33,Standing
7.96,986,240,212,405,447,199,0.0589,0.0313,1.031,-1.26,-0.62,-1.59,Standing
7.98,993,266,221,394,459,146,0.0217,0.0482,0.9926,1.0,0.68,0.68,Standing
8.0,991,299,231,389,463,179,0.0681,0.0279,1.0196,-3.58,-1.14,0.56,Standing
8.02,988,275,224,399,454,194,-0.0101,0.0057,0.97,-1.23,-0.32,-1.0,Standing
8.04,1007,285,231,393,423,172,0.039,0.0212,0.9885,-0.14,0.45,-0.8,Standing
8.06,982,286,223,365,466,178,0.0476,0.0329,0.9832,-1.19,0.57,-0.42,Standing
8.08,1027,282,226,354,453,175,0.0349,0.0363,1.0188,-1.23,-0.23,0.19,Standing
8.1,992,294,209,417,475,173,-0.0207,-0.0205,1.0563,1.35,-1.54,0.05,Standing
8.12,996,262,196,396,406,173,0.0168,0.0154,0.9915,1.04,0.5,1.0,Standing
8.14,1035,293,201,368,448,174,0.0543,0.0037,0.9717,-1.55,-1.41,1.17,Standing
8.16,1050,276,183,359,425,175,0.0191,0.0044,1.0376,1.01,-0.53,0.62,Standing
8.18,1046,306,205,400,438,148,0.0893,-0.0151,1.0368,-1.1,2.71,0.26,Standing
8.2,1027,309,194,373,433,162,0.0466,0.0406,0.9609,1.03,-0.25,0.88,Standing
8.22,990,269,205,369,463,171,0.0247,0.0322,1.0217,-1.13,3.22,0.3,Standing
8.24,1037,302,175,366,394,178,0.0544,-0.0024,1.0703,2.36,0.91,0.47,Standing
8.26,1063,301,193,323,392,200,0.0382,-0.0234,0.9267,-1.71,-0.31,-0.09,Standing
8.28,1070,299,215,366,418,156,0.0298,0.0741,1.0364,2.9,0.27,-0.17,Standing
8.3,1037,283,193,364,439,157,0.0289,-0.0154,1.0256,0.72,-1.03,0.04,Standing
8.32,1065,262,185,335,417,143,0.0225,0.0196,1.0176,0.41,-0.25,1.19,Standing
8.34,1050,285,195,332,372,164,0.0033,0.0253,0.9172,-0.74,-0.12,0.56,Standing
8.36,1052,302,177,349,417,160,0.0379,-0.0195,1.0268,1.74,0.52,-0.37,Standing
8.38,1044,304,227,375,425,186,-0.0019,-0.0282,0.9306,-1.82,-2.22,-1.39,Standing
8.4,1093,296,190,348,386,124,0.0399,0.0571,0.9612,0.41,-0.09,-0.65,Standing
8.42,1083,259,177,370,361,175,0.0083,0.0038,1.0468,0.08,-0.22,-0.13,Standing
8.44,1020,303,167,324,378,146,0.035,0.0418,0.9807,0.54,0.96,-0.29,Standing
8.46,1042,280,170,322,411,149,-0.0017,0.0434,1.004,0.07,-0.27,-0.31,Standing
8.48,1037,300,197,325,353,152,-0.0222,0.0253,1.0334,1.46,0.2,0.34,Standing
8.5,1040,310,170,353,342,136,0.0094,-0.0265,1.0288,0.76,-0.54,0.81,Standing
8.52,1056,319,184,361,382,158,0.0197,0.0435,0.9715,-1.49,0.02,0.89,Standing
8.54,1042,324,189,324,383,142,0.0232,0.0968,0.9819,3.34,1.99,0.65,Standing
8.56,1065,303,192,295,356,146,0.0407,-0.0127,1.0625,-0.32,-0.48,0.65,Standing
8.58,1092,295,159,330,376,147,0.0546,0.0279,1.0605,0.41,2.02,-0.73,Standing
8.6,1080,306,204,306,387,140,0.0357,-0.0169,1.0111,0.94,0.96,0.85,Standing
8.62,1071,310,167,331,371,124,0.0085,0.0108,0.9485,0.9,1.91,0.79,Standing
8.64,1072,320,181,307,378,138,0.031,-0.0265,1.0171,-1.53,-2.06,-1.14,Standing
8.66,1086,293,174,308,385,125,0.0422,0.0338,1.0361,-0.78,-0.71,-0.46,Standing
8.68,1124,286,181,348,357,131,0.0393,-0.0066,0.8886,0.25,0.05,-0.64,Standing
8.7,1088,313,193,296,347,156,0.0083,0.0105,1.0131,-0.73,0.88,0.07,Standing
8.72,1072,308,199,347,372,159,0.0356,-0.0051,0.932,-1.71,-1.49,-1.05,Standing
8.74,1046,300,169,303,361,155,0.0326,0.0279,0.9833,-1.19,0.22,-0.25,Standing
8.76,1087,321,166,326,393,102,-0.0177,0.0252,0.9778,-0.51,2.68,-0.56,Standing
8.78,1094,303,159,277,359,173,0.0517,0.0487,1.0539,1.56,-1.79,-0.58,Standing
8.8,1093,324,205,304,344,142,0.0235,0.0408,0.985,-1.19,-0.79,-0.87,Standing
8.82,1054,291,200,277,377,130,0.0214,-0.0172,1.0499,-0.06,-1.94,-1.09,Standing
8.84,1079,333,162,305,357,153,0.0368,0.0281,1.0025,-1.28,-0.81,0.37,Standing
8.86,1084,328,186,301,378,145,0.0375,-0.01,1.0037,-1.17,0.79,-1.27,Standing
8.88,1100,340,187,344,348,130,0.0157,-0.0089,0.9508,1.51,-1.13,-0.43,Standing
8.9,1078,327,175,344,364,158,0.0607,0.0027,1.059,-0.92,1.09,-0.16,Standing
8.92,1122,307,184,317,343,110,-0.018,-0.0031,0.9625,1.33,0.81,-0.77,Standing
8.94,1116,300,185,310,329,136,-0.002,0.0399,1.0098,2.52,-0.58,0.42,Standing
8.96,1060,327,208,317,347,127,0.0043,0.0025,1.0136,-1.2,0.68,-0.69,Standing
8.98,1072,334,177,276,388,115,0.0258,-0.0101,0.9695,0.8,2.49,-0.24,Standing
9.0,1073,345,183,283,381,123,0.0677,0.0164,0.9413,0.21,0.61,1.22,Standing
9.02,1096,314,155,313,352,127,0.0012,0.0177,1.0268,-1.15,-0.79,0.02,Standing
9.04,1085,308,170,300,379,119,0.0349,0.0122,0.9773,0.09,0.12,0.66,Standing
9.06,1096,330,159,313,323,148,0.0382,-0.0194,1.0084,-1.27,1.17,1.71,Standing
9.08,1075,299,182,284,397,159,0.0339,0.0001,1.0132,-1.67,1.12,0.73,Standing
9.1,1133,326,171,280,333,118,0.0651,0.0261,1.0372,-0.01,0.26,-0.64,Standing
9.12,1108,321,181,315,356,133,0.0225,0.0082,0.9758,0.38,2.74,-0.69,Standing
9.14,1029,313,174,299,322,138,0.0703,-0.0033,0.9905,-0.84,-0.45,-0.62,Standing
9.16,1074,297,186,321,349,121,0.0389,0.0367,0.9844,0.51,-0.25,0.67,Standing
9.18,1054,310,179,306,342,126,0.0335,0.0085,1.0682,0.18,0.71,-0.69,Standing
9.2,1089,326,159,301,372,154,0.0113,0.0513,1.0154,2.11,-0.57,0.86,Standing
9.22,1090,321,152,311,362,144,0.004,-0.0335,1.0511,-1.13,-0.45,0.75,Standing
9.24,1092,292,175,275,378,127,0.0299,0.0087,0.9856,2.25,2.25,0.86,Standing
9.26,1116,327,161,303,381,99,-0.0125,0.0326,0.9603,-0.98,0.84,-1.29,Standing
9.28,1094,284,173,324,382,171,0.0206,0.0223,0.994,0.53,-0.16,0.62,Standing
9.3,1052,342,173,365,366,124,-0.0108,0.0122,0.9391,-1.08,2.64,0.69,Standing
9.32,1060,346,175,304,410,155,-0.0172,0.0173,1.062,1.35,1.42,0.44,Standing
9.34,1066,298,174,348,390,144,0.0578,0.0245,1.0412,1.8,-1.19,-1.47,Standing
9.36,1070,330,194,297,368,145,0.0129,0.0334,1.0179,-1.2,0.11,0.07,Standing
9.38,1047,295,167,282,402,110,0.0317,0.0261,1.0714,1.84,1.72,-0.11,Standing
9.4,1051,279,169,349,360,154,0.0224,-0.0899,1.0872,-0.96,-0.39,-0.57,Standing
9.42,1042,298,186,290,379,115,-0.0245,0.0364,1.0263,3.36,0.19,1.0,Standing
9.44,1106,312,174,311,400,174,0.0259,0.0421,1.0291,-0.13,-0.33,-0.3,Standing
9.46,1050,283,183,364,408,135,0.0021,0.0103,0.9825,0.5,-0.49,-0.83,Standing
9.48,1007,294,188,344,410,141,-0.0287,-0.0091,0.9432,-0.72,1.05,-0.25,Standing
9.5,1017,308,188,310,397,143,0.0309,0.0016,0.9275,1.18,-1.76,0.99,Standing
9.52,1030,302,182,347,392,147,0.0298,0.0094,0.9949,-0.64,-2.76,0.57,Standing
9.54,1047,307,160,346,376,152,0.0756,0.0091,0.9948,0.6,-1.03,-0.49,Standing
9.56,1018,305,227,326,372,166,0.0744,0.0031,0.9781,0.52,0.19,1.01,Standing
9.58,1038,283,189,308,369,157,-0.0035,0.0614,1.0393,-0.69,0.3,0.85,Standing
9.6,1024,301,177,328,421,164,-0.0142,0.0742,0.9967,-0.57,0.16,1.51,Standing
9.62,1031,288,187,355,418,167,0.0219,0.019,0.9851,1.01,1.5,0.2,Standing
9.64,992,325,199,332,420,129,-0.0091,-0.0293,1.0589,1.41,0.85,0.49,Standing
9.66,1039,298,221,351,412,165,0.0361,-0.0096,1.0236,-0.13,-2.06,0.4,Standing
9.68,998,305,198,349,410,171,0.0043,-0.0336,0.9963,-0.49,-1.02,1.29,Standing
9.7,1036,297,182,358,404,181,-0.0045,0.0217,0.9736,1.03,-0.99,-0.02,Standing
9.72,1039,284,217,366,444,176,0.0264,0.003,1.0655,0.95,1.15,-0.27,Standing
9.74,1018,280,184,358,422,160,0.0548,0.0364,0.957,-1.9,0.39,1.38,Standing
9.76,1038,276,186,342,437,171,0.0033,0.0205,0.9594,-0.29,-0.5,1.02,Standing
9.78,1034,283,210,371,405,166,-0.0119,0.0171,1.0274,-2.72,-0.47,0.28,Standing
9.8,1022,276,175,359,444,172,0.0065,0.0469,1.0372,1.24,0.45,-0.25,Standing
9.82,973,285,205,396,402,169,0.0176,0.0362,1.0981,0.81,-0.75,1.08,Standing
9.84,1019,295,201,392,436,161,0.05,0.0099,0.9422,-0.12,-1.85,-0.6,Standing
9.86,993,275,199,391,413,162,0.0383,0.0217,1.059,0.59,-1.46,0.12,Standing
9.88,987,284,225,356,453,184,-0.0186,-0.0108,1.0054,0.78,0.85,-0.21,Standing
9.9,1029,274,208,372,448,183,-0.0077,-0.0178,0.9965,-1.11,3.04,-0.32,Standing
9.92,999,280,189,394,427,187,0.0396,0.0521,1.0279,0.39,-2.22,-0.6,Standing
9.94,979,252,216,370,490,189,-0.008,0.0639,0.9763,-0.09,-0.91,0.07,Standing
9.96,997,279,214,412,412,163,-0.0029,-0.0332,1.0292,0.91,0.08,-0.13,Standing
9.98,1017,256,202,395,461,188,0.0573,-0.0119,1.0229,-0.13,-0.37,-0.23,Standing
10.0,991,278,220,375,408,191,0.0273,-0.0318,0.9929,-0.1,0.54,0.22,Standing
10.02,1005,256,199,424,461,143,0.0678,-0.0057,1.0199,-0.05,0.49,-0.69,Standing
10.04,1014,271,233,434,438,168,-0.0038,0.0043,0.9131,-2.09,-0.39,-0.82,Standing
10.06,945,266,230,406,450,198,0.014,0.0201,1.0651,2.02,-0.43,0.84,Standing
10.08,979,265,228,406,492,165,0.0227,0.0425,1.0511,-0.32,0.84,-0.22,Standing
10.1,936,247,254,400,469,195,0.0116,0.0008,1.0345,-4.17,0.55,-2.44,Standing
10.12,979,265,208,423,444,182,0.0167,0.0513,0.9886,0.1,0.34,-0.63,Standing
10.14,996,251,249,412,473,186,0.0514,0.0445,0.9758,0.18,1.69,0.78,Standing
10.16,987,269,242,423,458,164,0.0165,0.0377,1.0218,0.43,0.72,0.12,Standing
10.18,957,235,250,423,456,177,0.0355,0.0599,1.012,0.46,-0.28,0.34,Standing
10.2,961,272,205,427,478,192,0.0068,0.0328,0.9665,2.08,0.21,0.29,Standing
10.22,967,216,243,415,502,178,-0.0265,0.0123,0.9818,-1.58,-0.72,-0.07,Standing
10.24,946,247,263,430,478,189,0.0297,0.0108,1.0013,2.43,0.26,0.61,Standing
10.26,966,248,257,436,500,199,-0.0009,0.0079,1.0039,0.52,0.3,-1.16,Standing
10.28,939,248,228,460,458,200,0.0032,-0.0013,1.0135,-0.36,-2.04,0.16,Standing
10.3,969,264,234,436,528,223,0.0534,0.0395,0.9888,-1.97,1.94,-1.64,Standing
10.32,963,248,258,461,507,188,0.0061,-0.0165,0.9952,1.84,1.1,-1.2,Standing
10.34,960,235,248,428,520,215,-0.0165,-0.0443,1.024,1.02,-0.45,0.69,Standing
10.36,924,241,219,443,515,233,0.0243,-0.0316,0.951,1.26,0.26,-0.95,Standing
10.38,937,239,229,470,514,179,0.0511,0.0667,1.0305,1.28,0.6,0.7,Standing
10.4,917,225,256,455,507,217,0.0084,-0.0411,1.007,1.89,0.35,-1.85,Standing
10.42,936,228,233,465,509,201,0.0193,0.0528,1.0764,2.12,0.03,0.88,Standing
10.44,922,247,231,441,517,188,0.0048,0.032,0.9965,-0.77,-1.03,2.2,Standing
10.46,929,235,241,457,504,200,0.0221,0.0673,0.9938,-1.26,-1.1,1.18,Standing
10.48,909,237,261,446,523,201,0.0401,-0.0634,0.996,1.78,0.32,-0.35,Standing
10.5,946,231,274,441,505,215,-0.0274,0.0255,1.005,-2.45,-0.69,0.73,Standing
10.52,938,239,230,445,499,218,-0.0008,-0.0062,0.9794,1.44,-0.86,-0.74,Standing
10.54,933,244,254,460,505,210,-0.0158,-0.0443,1.0402,0.5,2.94,-0.48,Standing
10.56,922,227,242,495,520,184,0.0547,0.0495,1.0037,-0.99,-0.87,-0.48,Standing
10.58,912,240,256,505,494,221,0.0289,-0.0111,0.9585,0.27,0.57,0.68,Standing
10.6,887,248,227,446,524,204,0.0167,0.0083,1.0586,-3.63,-1.58,0.61,Standing
10.62,884,220,245,479,498,195,-0.0283,-0.0195,0.9934,-1.85,-1.62,0.54,Standing
10.64,943,219,246,493,541,228,-0.0078,-0.028,1.007,0.2,0.93,0.46,Standing
10.66,935,225,257,451,543,221,0.0291,0.0415,1.0609,2.68,0.64,-0.0,Standing
10.68,932,211,212,502,552,178,0.0117,-0.0185,0.9647,-1.04,-2.43,0.01,Standing
10.7,905,226,251,478,538,232,0.0329,0.0215,0.9697,1.35,-0.81,-0.36,Standing
10.72,897,239,267,507,533,226,0.0296,0.0589,1.0341,-0.29,-1.35,-0.05,Standing
10.74,861,208,249,452,514,188,0.0379,0.0753,1.0351,-2.84,-0.83,-0.96,Standing
10.76,900,241,251,438,522,233,0.069,0.0421,0.9671,-0.06,2.8,0.66,Standing
10.78,865,236,268,440,551,206,-0.0115,-0.0038,1.0241,0.13,1.72,0.37,Standing
10.8,920,231,263,448,503,235,0.0139,0.1073,1.0309,0.68,-1.64,1.91,Standing
10.82,924,230,253,525,534,211,0.0106,0.0083,0.9607,-0.42,1.07,-0.48,Standing
10.84,895,222,257,492,531,243,-0.0173,-0.0077,1.0158,0.32,-0.74,-0.77,Standing
10.86,865,216,288,486,527,230,-0.0116,0.033,0.9954,-0.75,-1.67,-0.24,Standing
10.88,893,245,243,487,532,244,0.0335,-0.0571,0.926,0.19,0.21,-0.76,Standing
10.9,869,224,260,467,535,217,0.0606,-0.0451,0.9876,-1.01,-2.11,-0.64,Standing
10.92,905,194,254,467,515,236,0.0228,-0.012,1.0251,0.45,0.79,-0.66,Standing
10.94,920,246,279,478,545,240,0.0604,0.0335,1.0124,1.88,0.1,1.25,Standing
10.96,907,239,244,465,538,230,0.035,0.0289,0.9201,0.84,-0.18,0.39,Standing
10.98,895,253,265,462,552,228,0.0343,-0.0687,1.0477,1.35,-0.46,0.78,Standing
11.0,914,231,239,496,509,256,0.0278,0.0303,1.0065,-1.8,0.95,-0.57,Standing
11.02,901,233,256,484,561,208,0.0115,0.0017,1.0331,-1.2,-0.39,1.02,Standing
11.04,919,215,274,498,567,240,0.0142,-0.0433,1.0055,1.8,0.5,0.64,Standing
11.06,891,225,269,493,533,233,0.0838,0.0254,0.9832,0.85,-0.44,-0.14,Standing
11.08,834,253,267,484,545,214,0.0281,-0.0254,0.9784,-0.84,0.7,-0.16,Standing
11.1,877,218,223,490,534,215,0.0288,0.053,1.0628,0.12,1.39,0.83,Standing
11.12,888,219,272,483,539,201,0.0061,-0.0087,1.0873,1.21,-0.38,-0.77,Standing
11.14,915,237,244,495,535,236,-0.0349,0.054,0.9935,1.54,-1.42,-1.68,Standing
11.16,880,224,273,491,531,225,0.0836,-0.0297,1.0028,-1.02,-1.97,0.02,Standing
11.18,884,204,263,497,514,219,0.0225,0.0003,1.1048,2.14,-2.15,-0.52,Standing
11.2,931,230,263,526,535,232,0.055,-0.0009,1.0303,-0.96,0.66,0.19,Standing
11.22,902,207,276,494,525,243,0.0304,0.0506,1.0503,0.35,0.6,0.85,Standing
11.24,917,239,238,479,544,220,0.0135,0.0122,0.8865,-1.53,2.31,0.56,Standing
11.26,923,201,276,446,556,243,0.0252,0.0549,1.0154,0.35,1.43,0.4,Standing
11.28,923,231,265,457,551,207,0.0002,-0.0016,1.0238,1.11,1.18,-0.69,Standing
11.3,955,253,262,468,528,215,0.0326,0.0129,0.9775,-2.28,1.16,-0.49,Standing
11.32,932,224,262,468,539,230,0.0532,-0.0504,0.9557,-1.6,2.12,0.24,Standing
11.34,924,239,240,449,516,214,-0.0093,0.0141,1.0082,-0.08,1.43,-1.07,Standing
11.36,949,195,249,511,566,216,0.0202,0.0309,1.0521,-0.56,-0.36,0.68,Standing
11.38,967,249,248,425,510,210,0.0424,0.0548,0.9591,-1.42,0.34,0.72,Standing
11.4,931,235,250,438,554,235,0.078,-0.004,0.9296,-1.0,0.83,0.1,Standing
11.42,912,224,274,463,560,219,0.0355,0.0414,0.975,1.97,0.36,-1.33,Standing
11.44,900,253,246,458,524,196,-0.0137,0.0083,1.0402,1.95,1.01,-0.38,Standing
11.46,893,228,243,490,521,212,0.0157,-0.0037,1.0036,-0.26,0.39,0.54,Standing
11.48,952,218,236,441,507,231,-0.0605,0.0009,0.9882,-1.18,0.21,-0.13,Standing
11.5,937,237,226,463,475,201,0.0211,0.0316,1.0057,-0.06,-1.92,-0.11,Standing
11.52,930,234,253,409,507,177,-0.0021,-0.0052,1.0048,1.6,0.46,-0.52,Standing
11.54,940,248,271,460,503,218,0.0048,0.018,1.0584,0.6,0.65,0.56,Standing
11.56,949,215,248,458,519,236,-0.018,-0.0121,1.0128,0.66,-0.87,1.29,Standing
11.58,924,212,242,489,487,214,0.0498,-0.0285,1.0394,-0.45,-0.38,1.6,Standing
11.6,965,248,251,479,524,234,0.0446,-0.0129,0.9875,0.83,-0.82,0.18,Standing
11.62,874,232,251,445,497,204,0.0521,0.0055,0.9606,-0.29,-1.01,-0.34,Standing
11.64,916,247,248,459,479,206,0.0321,-0.0046,1.0007,-0.83,3.11,1.36,Standing
11.66,937,258,243,458,533,189,0.0443,0.003,0.9989,0.9,0.79,0.17,Standing
11.68,958,249,232,455,499,190,0.006,0.0361,0.9434,1.34,-0.48,0.69,Standing
11.7,920,236,246,422,489,196,0.0554,0.0234,1.0617,-1.38,0.92,1.04,Standing
11.72,954,249,222,432,480,206,0.0236,0.0478,0.9626,-2.02,0.27,1.33,Standing
11.74,947,286,226,402,506,207,-0.003,0.0025,0.9321,2.62,0.1,-0.67,Standing
11.76,915,248,225,415,496,188,-0.025,-0.0064,0.9541,0.11,-0.77,-1.1,Standing
11.78,908,240,230,431,485,208,0.0134,0.0243,0.9883,-0.12,0.94,1.27,Standing
11.8,986,266,214,433,428,218,0.0169,0.0208,1.0093,0.02,2.0,-0.54,Standing
11.82,931,251,223,415,459,192,0.0303,0.0133,1.0045,-2.39,2.21,0.12,Standing
11.84,970,277,228,402,470,209,0.0455,0.0325,0.9499,-0.29,-0.49,0.68,Standing
11.86,984,259,213,442,508,174,-0.0216,0.0202,0.9214,-1.01,1.03,-0.12,Standing
11.88,916,251,241,400,471,150,0.0055,0.0236,0.9698,-3.52,-3.49,-0.51,Standing
11.9,975,246,223,424,439,178,0.0407,-0.0022,1.023,0.81,-0.63,0.96,Standing
11.92,986,251,224,381,433,151,-0.009,-0.0025,0.924,-2.21,-2.45,-0.44,Standing
11.94,956,270,214,425,467,178,0.0475,0.0207,1.0076,-0.69,-0.05,-0.26,Standing
11.96,982,256,192,399,461,185,0.0395,0.0626,0.9989,0.51,0.88,-0.92,Standing
11.98,1032,267,243,407,458,177,0.0337,0.0077,1.0125,0.13,0.49,0.51,Standing
12.0,1000,302,222,364,458,196,0.0154,0.0586,1.0322,1.83,0.17,0.78,Standing
12.02,1002,252,229,395,443,161,0.0447,0.0295,0.9757,0.13,0.36,0.01,Standing
12.04,963,263,222,406,443,186,0.0174,0.0356,0.945,-0.09,0.62,-0.23,Standing
12.06,981,290,238,420,461,154,0.0272,-0.0323,1.0049,-1.48,-1.27,-0.23,Standing
12.08,1021,271,218,392,444,185,0.0335,-0.0009,0.9326,0.27,-0.97,-0.17,Standing
12.1,1037,266,184,357,458,185,0.0286,-0.0291,1.06,1.67,-0.09,1.4,Standing
12.12,1018,279,182,359,455,164,0.0367,0.0391,1.0236,-0.14,-2.13,-0.33,Standing
12.14,1042,273,218,387,459,166,-0.0271,-0.0004,1.0103,1.94,1.93,-0.92,Standing
12.16,1013,302,196,362,426,169,0.0119,0.0155,0.9795,1.09,-2.79,0.68,Standing
12.18,1027,257,184,362,457,157,0.0241,0.0343,0.985,0.77,0.22,-0.16,Standing
12.2,1067,260,231,348,438,168,-0.0126,0.0547,1.0484,-1.64,-0.54,0.7,Standing
12.22,1000,304,208,346,407,165,0.0495,0.0343,1.054,-0.6,-0.74,-1.83,Standing
12.24,1051,305,224,357,417,180,0.0532,0.0232,1.0558,-2.9,0.12,0.65,Standing
12.26,1004,282,208,349,401,176,0.0329,0.0143,1.0413,-0.1,-1.58,-0.53,Standing
12.28,1054,311,169,354,394,185,0.0096,-0.001,1.0013,1.27,-1.87,1.53,Standing
12.3,1043,300,182,325,386,166,-0.0049,-0.0029,1.0196,-0.41,1.41,0.27,Standing
12.32,1019,295,207,384,423,158,-0.0268,0.024,1.0587,0.46,-0.12,-0.12,Standing
12.34,1026,288,182,314,440,147,-0.0183,0.0407,0.9808,1.78,0.42,0.02,Standing
12.36,1039,263,209,361,410,152,-0.0041,0.0448,1.0826,1.21,-0.78,0.43,Standing
12.38,1046,289,207,313,402,139,0.0557,0.0393,0.9394,-0.09,0.2,-1.41,Standing
12.4,1044,278,206,330,409,155,0.0489,0.0028,0.9142,1.25,1.38,0.71,Standing
12.42,1061,295,188,332,400,142,0.0266,0.0305,1.0388,1.13,1.8,1.39,Standing
12.44,1032,277,186,330,379,146,-0.0061,-0.0004,1.0585,2.21,0.99,0.26,Standing
12.46,1000,304,171,334,407,152,-0.0055,-0.0081,1.0353,0.71,-1.46,0.67,Standing
12.48,1039,288,190,309,365,117,0.0223,-0.0387,1.0395,-0.71,-0.53,-0.13,Standing
12.5,1033,310,167,325,415,166,-0.0117,-0.0031,1.0732,1.13,-2.95,1.11,Standing
12.52,1062,281,172,333,405,150,0.016,-0.0264,0.986,-0.26,-2.62,-0.01,Standing
12.54,1006,290,194,293,396,156,-0.0138,0.0082,1.0383,0.42,0.49,0.59,Standing
12.56,1056,317,168,324,390,159,0.0174,0.0604,0.9748,1.2,-2.21,-1.23,Standing
12.58,1105,316,192,348,372,133,0.0124,0.0211,1.0079,-0.63,-1.84,-0.04,Standing
12.6,1060,303,177,329,361,162,-0.0134,-0.0297,1.001,1.78,-0.75,-0.18,Standing
12.62,1060,305,178,302,391,124,0.0064,-0.0005,1.0037,-1.61,0.42,0.99,Standing
12.64,1067,311,182,306,356,172,-0.0097,0.0599,0.9668,-0.92,-1.29,0.72,Standing
12.66,1069,315,180,333,408,124,-0.02,0.0382,1.0448,0.92,-0.02,0.56,Standing
12.68,1071,299,190,339,363,120,-0.0163,0.0603,0.9381,3.8,-1.0,0.64,Standing
12.7,1059,334,131,314,354,151,0.0393,0.0014,0.9633,-1.3,-0.55,0.73,Standing
12.72,1093,285,179,286,342,146,0.0116,0.0085,1.0136,-1.6,-0.72,-1.63,Standing
12.74,1085,313,164,344,386,125,0.0257,0.0509,1.007,-0.38,-0.39,0.71,Standing
12.76,1088,291,157,296,366,164,-0.0224,0.0096,1.0103,-1.99,-1.28,-1.19,Standing
12.78,1052,308,165,298,355,151,0.0126,0.0544,0.9823,-0.9,-0.18,-1.23,Standing
12.8,1066,324,188,319,376,154,-0.0361,0.0332,0.9721,-0.39,1.81,0.71,Standing
12.82,1092,310,183,299,366,137,0.011,-0.0073,0.9818,-0.79,-0.61,0.44,Standing
12.84,1099,285,168,339,344,141,0.0213,-0.0085,0.953,-1.02,0.47,0.64,Standing
12.86,1093,312,142,327,361,154,-0.0056,0.0304,0.9733,-1.76,2.08,1.23,Standing
12.88,1098,347,179,268,389,130,0.0019,0.0513,0.9338,0.01,-1.39,0.34,Standing
12.9,1091,314,170,325,367,152,0.0571,-0.0198,0.9933,0.55,0.51,-0.42,Standing
12.92,1056,326,175,302,381,148,0.03,0.0304,0.9425,0.24,-0.83,0.15,Standing
12.94,1089,303,171,320,352,143,0.0608,0.0368,1.0583,0.55,0.52,0.78,Standing
12.96,1108,285,177,297,366,145,0.0297,-0.0288,1.0148,-0.7,-1.14,-0.24,Standing
12.98,1084,308,164,312,384,121,0.0261,0.007,1.0693,-0.18,1.32,0.13,Standing
13.0,1099,318,190,341,340,123,-0.0096,-0.0318,1.0331,-0.81,-0.05,0.99,Standing
13.02,1066,282,146,334,380,122,0.0308,-0.0328,0.957,-1.57,0.15,0.02,Standing
13.04,1102,345,150,328,338,104,-0.0069,-0.0398,0.9417,0.18,0.43,0.37,Standing
13.06,1103,305,182,327,371,122,0.0285,0.0192,0.9477,2.27,-1.38,-0.3,Standing
13.08,1068,295,186,298,372,155,-0.0227,0.0054,1.0215,-0.09,0.06,-0.32,Standing
13.1,1099,286,165,321,318,128,0.0377,0.0093,0.9861,-1.38,-1.42,0.34,Standing
13.12,1116,315,187,318,322,132,0.0422,-0.0509,1.0279,-0.6,-1.18,0.1,Standing
13.14,1091,301,175,291,363,154,-0.0372,-0.037,1.061,0.61,-2.09,-0.61,Standing
13.16,1081,285,189,310,357,131,-0.0114,-0.0033,0.9903,-0.5,0.1,0.65,Standing
13.18,1062,297,175,318,347,151,0.009,-0.0185,1.0586,1.04,0.27,-0.41,Standing
13.2,1081,321,158,338,359,143,0.018,0.0424,1.0773,0.98,-0.17,-0.64,Standing
13.22,1093,315,181,311,370,108,0.0451,-0.0346,1.046,-0.1,-2.05,0.88,Standing
13.24,1126,324,179,309,381,133,0.0507,-0.0412,0.9732,2.65,-1.47,-0.84,Standing
13.26,1046,293,207,348,385,140,0.0413,-0.0287,0.9769,-0.01,-1.27,0.71,Standing
13.28,1069,313,202,331,366,135,0.009,0.0273,1.001,2.21,0.41,0.38,Standing
13.3,1055,307,181,312,405,148,0.0483,0.0138,1.0607,0.27,-0.85,0.34,Standing
13.32,1080,322,208,297,344,143,0.0221,-0.0289,0.9914,-0.72,1.43,0.05,Standing
13.34,1047,275,189,328,377,136,0.0114,0.0357,1.0462,-0.18,-0.26,0.74,Standing
13.36,1065,302,189,296,396,157,0.0057,0.0046,1.0246,-0.97,-0.75,-0.63,Standing
13.38,1067,280,185,347,353,122,0.0432,0.0301,1.0044,-2.16,-0.18,0.77,Standing
13.4,1083,321,167,293,335,135,0.024,-0.0411,0.9452,0.44,0.09,-1.24,Standing
13.42,1075,324,189,323,383,150,0.034,-0.0568,1.0123,-0.11,-0.37,0.41,Standing
13.44,1110,275,186,309,331,140,0.0568,0.0846,1.0444,-2.11,2.93,0.87,Standing
13.46,1058,302,191,342,374,147,0.0128,-0.0017,1.0337,-1.12,-1.11,0.43,Standing
13.48,1063,319,196,323,401,139,0.0088,-0.0322,0.9811,-0.3,-0.36,-0.61,Standing
13.5,1049,297,167,331,383,156,0.0702,0.0291,0.9515,2.01,-1.14,-1.62,Standing
13.52,1045,289,167,354,389,144,-0.001,-0.0124,1.0249,-0.02,-1.95,1.05,Standing
13.54,1059,295,186,337,356,120,0.0009,0.0051,0.9719,-1.0,-0.84,-0.94,Standing
13.56,1029,313,242,319,386,139,0.0931,0.0074,1.0336,2.63,-0.28,0.52,Standing
13.58,1024,274,185,334,386,139,0.0443,-0.0168,1.0393,-0.89,0.81,-0.28,Standing
13.6,1056,314,187,352,391,173,-0.0316,0.0189,0.9731,1.34,2.55,1.19,Standing
13.62,989,306,182,324,384,159,0.0373,-0.0058,1.0372,-0.78,-0.66,-0.81,Standing
13.64,1047,296,187,322,377,148,0.0233,-0.0005,1.0674,-1.04,1.11,-0.04,Standing
13.66,1027,295,182,340,425,151,0.0326,-0.0526,1.0034,1.18,-2.29,-0.46,Standing
13.68,983,296,180,373,407,145,0.0466,-0.007,1.0146,-1.62,0.18,2.12,Standing
13.7,1006,283,188,351,441,133,0.0442,-0.0113,1.0451,1.04,0.55,-0.3,Standing
13.72,1020,300,196,380,427,137,0.0166,-0.0001,1.0221,-0.61,0.86,-0.11,Standing
13.74,989,267,179,364,432,177,0.02,0.0272,0.9891,0.17,1.15,-1.71,Standing
13.76,1004,299,165,369,393,161,0.0291,0.0646,1.0395,1.11,-0.84,-1.95,Standing
13.78,1002,291,195,394,433,158,0.0538,0.0025,0.9394,-2.31,-1.2,-0.32,Standing
13.8,1038,283,193,352,442,180,0.0808,0.0108,0.9431,-3.53,-1.38,0.06,Standing
13.82,1020,256,197,381,444,163,-0.0143,-0.0083,0.9931,-1.62,-0.62,0.5,Standing
13.84,985,272,219,392,392,143,0.0361,0.0819,0.9487,-1.8,1.26,1.8,Standing
13.86,1002,279,204,374,405,187,0.0032,0.0478,0.9959,0.56,0.26,0.31,Standing
13.88,1006,268,199,368,435,156,0.0371,0.0067,0.988,-0.64,-1.3,0.83,Standing
13.9,1032,259,203,335,436,177,0.0399,0.0105,1.0585,-0.87,-1.65,-1.03,Standing
13.92,1009,265,182,379,426,175,0.0205,-0.0109,0.9815,1.81,-2.96,0.51,Standing
13.94,955,266,211,374,441,195,0.0379,0.0304,0.9798,-1.95,1.38,-1.05,Standing
13.96,1022,252,206,421,469,159,0.0335,-0.0016,1.0,-1.5,-0.85,-1.56,Standing
13.98,1022,293,211,391,456,186,0.0153,0.0777,1.0089,0.37,-1.44,-0.2,Standing
14.0,969,280,209,396,415,178,0.028,-0.0007,1.0494,1.36,0.57,-0.09,Standing
14.02,983,250,194,422,465,190,0.0349,0.0005,1.0211,-0.92,-2.53,-0.6,Standing
14.04,986,265,228,414,440,192,0.048,0.0402,0.9762,-1.43,1.18,-0.39,Standing
14.06,1020,255,246,469,472,193,0.0172,0.021,0.9575,0.5,-2.0,-0.19,Standing
14.08,1001,262,223,413,451,171,0.0539,-0.0069,1.045,0.53,1.08,-0.6,Standing
14.1,1043,271,208,425,460,178,0.0116,0.037,1.028,-1.2,1.09,0.45,Standing
14.12,937,253,222,421,431,175,-0.0315,0.0389,0.9693,-0.45,-0.21,-0.03,Standing
14.14,925,247,225,421,477,203,0.0093,0.0204,1.0433,1.64,0.87,1.05,Standing
14.16,965,234,260,409,446,216,0.0223,0.0321,0.978,-0.33,0.11,-0.65,Standing
14.18,953,264,237,389,497,191,0.005,-0.0387,1.0427,1.23,0.48,0.56,Standing
14.2,971,257,250,411,477,187,0.0164,0.03,0.934,1.99,-0.42,-0.54,Standing
14.22,951,260,238,420,441,193,0.0418,-0.0051,0.9575,-0.48,-0.66,0.52,Standing
14.24,931,266,220,474,489,180,-0.0325,-0.0066,1.0467,1.04,1.17,-0.49,Standing
14.26,940,284,222,427,474,215,0.0383,-0.0189,1.0763,-0.61,-0.13,-0.43,Standing
14.28,971,244,203,438,503,168,0.0043,-0.0146,1.015,-2.23,-1.51,-0.07,Standing
14.3,967,246,214,444,481,166,-0.0162,0.0261,0.9344,0.87,0.45,1.19,Standing
14.32,968,248,258,454,488,201,-0.0556,0.0186,0.9859,-0.05,-0.6,0.57,Standing
14.34,916,246,240,422,498,168,0.0275,0.043,1.0104,-1.25,-3.44,-0.15,Standing
14.36,893,231,267,434,499,221,0.0436,-0.0065,0.9399,2.45,1.74,-0.83,Standing
14.38,974,239,280,447,500,189,-0.0341,0.016,0.9691,-2.84,-0.09,0.04,Standing
14.4,936,262,240,478,492,206,-0.037,0.0141,0.9941,-1.95,0.05,-0.22,Standing
14.42,940,252,244,424,520,216,-0.0206,0.0064,1.0016,-2.03,-0.86,0.53,Standing
14.44,883,270,262,461,512,199,-0.0041,0.044,0.9643,0.8,-1.61,1.01,Standing
14.46,882,264,250,449,520,219,0.0074,0.0374,1.0109,-1.72,-1.19,0.12,Standing
14.48,906,257,212,473,512,201,0.0128,-0.0253,0.9669,-0.4,1.17,0.5,Standing
14.5,939,251,255,464,526,185,0.0494,0.0001,1.0337,-0.05,0.27,0.42,Standing
14.52,942,212,267,462,517,211,0.0018,0.0773,0.9834,1.74,0.48,1.1,Standing
14.54,919,256,229,453,528,196,0.0085,0.0458,0.9593,1.15,-1.33,0.03,Standing
14.56,916,235,228,440,511,225,-0.002,0.0494,0.965,-0.32,-1.03,0.0,Standing
14.58,934,233,291,451,522,202,0.0274,0.0452,1.0211,-2.05,0.26,-0.37,Standing
14.6,901,252,256,477,525,206,-0.0218,-0.0144,0.9971,1.18,-0.32,0.07,Standing
14.62,933,265,255,459,523,215,0.0322,0.0109,1.0428,-1.1,-0.3,1.15,Standing
14.64,905,238,267,468,501,231,0.0333,-0.0147,1.0365,0.09,-0.43,0.51,Standing
14.66,892,225,252,478,523,207,0.0002,-0.0314,0.9526,1.02,0.28,-0.64,Standing
14.68,915,245,290,458,508,209,0.0243,0.051,0.91,-1.36,0.66,0.68,Standing
14.7,938,210,277,490,563,241,0.0533,0.0184,0.9636,0.17,1.48,-0.3,Standing
14.72,947,223,254,494,528,224,0.0624,0.0413,0.9775,0.61,-0.47,-0.33,Standing
14.74,947,245,266,494,511,246,-0.0012,0.0216,0.9369,-1.16,0.4,0.03,Standing
14.76,845,244,239,471,506,219,-0.0229,0.056,1.0048,0.28,0.03,-1.07,Standing
14.78,950,235,279,478,550,219,-0.016,0.0191,0.9889,-2.6,0.95,-0.68,Standing
14.8,930,225,277,476,556,202,0.0164,0.014,0.9449,-0.28,-0.74,-0.53,Standing
14.82,931,206,241,498,554,210,0.0151,-0.003,1.0394,1.16,-0.56,-0.3,Standing
14.84,847,233,259,453,499,214,0.0189,-0.0316,1.0005,0.79,-0.27,-0.67,Standing
14.86,910,215,252,488,541,230,0.0158,0.0538,0.9838,0.58,0.34,-0.24,Standing
14.88,892,233,278,487,557,237,-0.0046,0.0707,0.9746,-0.4,-0.33,-1.22,Standing
14.9,865,251,255,478,523,230,-0.0108,0.0007,1.0165,-0.67,0.68,-1.32,Standing
14.92,890,211,239,454,524,207,0.0313,0.0088,1.0276,-0.03,-2.4,0.07,Standing
14.94,881,232,259,526,517,220,0.0345,-0.0397,0.9872,-0.95,-0.23,-0.71,Standing
14.96,919,221,253,529,542,232,0.0515,0.0363,1.0208,-1.24,0.56,0.75,Standing
14.98,865,242,265,451,529,242,-0.0336,0.0275,1.0433,-0.45,-0.72,-1.76,Standing
15.0,892,183,263,487,579,240,0.0465,0.0465,1.0133,-1.64,-0.3,-0.16,Standing
15.02,927,213,251,506,527,239,0.0349,-0.0422,0.9311,1.52,-2.37,0.8,Standing
15.04,874,232,260,501,533,233,0.019,0.0588,0.9456,-0.61,-0.4,0.61,Standing
15.06,916,236,245,477,524,227,0.0514,-0.0361,0.991,0.22,-0.37,-0.02,Standing
15.08,873,219,255,448,535,222,0.0995,0.0845,1.0059,1.07,-1.47,-0.43,Standing
15.1,942,237,260,428,517,206,0.0166,0.0657,0.9388,-0.72,-0.13,-0.22,Standing
15.12,915,233,277,487,510,251,0.0324,-0.0199,0.9947,-0.78,0.5,-0.05,Standing
15.14,918,250,285,500,535,238,0.0381,0.0151,0.9545,-1.89,-0.07,0.03,Standing
15.16,892,242,240,424,524,199,0.0436,-0.014,1.0178,-0.38,-1.14,0.05,Standing
15.18,919,195,265,504,538,237,-0.0436,0.0062,0.9447,0.19,0.09,1.2,Standing
15.2,902,220,247,497,545,230,0.1099,0.0245,1.0214,0.44,2.04,0.52,Standing
15.22,873,229,242,477,533,217,0.0678,-0.0254,1.0035,-0.13,-0.93,1.49,Standing
15.24,878,217,255,487,551,208,0.0429,-0.0169,1.0272,1.1,-0.91,-0.97,Standing
15.26,877,226,242,481,533,228,-0.0187,0.0014,1.0091,0.26,-1.48,-1.04,Standing
15.28,918,224,252,509,559,225,-0.0311,0.0272,1.0478,-1.55,-2.13,0.62,Standing
15.3,893,258,277,451,515,217,-0.0234,0.0312,1.0417,-0.21,-0.26,-1.38,Standing
15.32,907,225,253,430,505,229,-0.0106,0.0088,0.9955,-1.57,-1.44,0.32,Standing
15.34,926,206,275,478,515,214,0.0659,0.0319,1.0542,-0.75,0.72,0.31,Standing
15.36,945,228,241,484,497,210,-0.033,0.0253,1.0509,0.88,-2.32,-0.42,Standing
15.38,914,234,278,458,523,246,0.0188,0.0105,0.9784,-0.23,0.61,0.09,Standing
15.4,915,238,237,496,530,241,0.0509,0.027,1.005,0.74,-0.09,0.74,Standing
15.42,919,258,235,471,551,217,-0.0205,-0.0006,1.0236,-0.87,0.86,0.1,Standing
15.44,910,228,274,447,547,213,0.0223,-0.0447,1.0496,0.77,0.72,0.07,Standing
15.46,931,248,263,479,506,215,0.0506,0.0021,0.9822,-1.57,-0.68,-0.58,Standing
15.48,905,224,249,446,505,210,0.022,-0.0011,1.0454,3.24,0.98,-1.52,Standing
15.5,956,245,234,454,514,217,0.0273,0.0236,1.0274,1.06,-0.15,-1.42,Standing
15.52,881,232,231,431,475,202,-0.0052,-0.0211,1.0001,-0.95,1.4,-1.05,Standing
15.54,927,204,257,471,518,228,0.0053,0.0011,0.9403,-1.13,0.93,0.0,Standing
15.56,941,216,244,464,475,209,-0.0154,0.0569,0.9238,-0.9,-0.47,-0.89,Standing
15.58,934,229,247,424,543,220,0.0369,0.0256,0.9766,1.2,-0.22,0.05,Standing
15.6,943,240,228,443,494,179,0.0015,-0.0098,1.0071,-1.23,-0.3,-0.67,Standing
15.62,944,222,222,426,540,226,0.0077,0.0255,1.0211,0.61,0.81,-0.11,Standing
15.64,922,252,234,437,501,195,0.0348,-0.0382,0.9851,-0.86,0.81,-0.88,Standing
15.66,911,254,255,442,484,176,0.0106,0.0023,0.9692,1.83,2.12,0.39,Standing
15.68,983,249,278,428,494,184,0.0548,0.0142,0.9803,0.1,0.32,0.11,Standing
15.7,937,239,216,431,479,200,-0.0061,0.0231,1.0812,0.18,-1.07,-0.67,Standing
15.72,950,263,259,419,480,183,0.0273,0.0053,0.9565,0.73,0.03,-0.49,Standing
15.74,952,272,233,420,480,207,0.0439,0.0247,0.9886,-0.71,0.51,0.49,Standing
15.76,978,273,237,417,490,205,0.0441,0.0152,0.9578,-0.25,0.19,0.56,Standing
15.78,977,258,255,415,453,192,0.0407,0.0022,1.0114,-2.33,0.04,0.94,Standing
15.8,964,258,250,428,461,177,0.0496,-0.0293,1.0085,0.87,1.09,-0.82,Standing
15.82,958,272,245,432,478,209,0.0674,-0.0278,1.0094,-1.63,1.27,-0.37,Standing
15.84,955,288,228,416,505,208,0.0513,-0.0028,0.9721,0.08,2.33,0.13,Standing
15.86,978,260,188,418,474,199,0.0852,0.0146,1.0267,0.84,1.98,-0.12,Standing
15.88,917,289,202,403,481,181,-0.0036,-0.01,1.0087,0.13,1.52,1.15,Standing
15.9,986,267,225,428,459,213,0.0172,0.0395,0.8982,1.79,-0.59,1.24,Standing
15.92,1004,233,220,398,463,190,0.0248,-0.0184,0.9684,-1.85,0.65,0.6,Standing
15.94,980,221,225,385,470,164,0.009,-0.0038,0.9955,3.27,-3.03,-0.52,Standing
15.96,1012,275,217,385,444,194,0.0202,0.0172,1.0735,0.74,-1.9,0.15,Standing
15.98,971,265,212,396,428,180,0.058,0.0266,0.9654,-0.58,-0.91,-0.34,Standing
16.0,974,259,214,416,449,188,0.0663,-0.0038,0.9665,-1.85,-0.31,0.94,Standing
16.02,1004,233,192,400,459,169,0.0479,-0.0029,0.9954,-1.63,0.91,-0.97,Standing
16.04,1003,251,229,391,407,153,-0.0242,-0.0079,1.0052,0.11,3.27,0.58,Standing
16.06,1000,268,202,392,453,158,-0.0036,0.0044,0.9812,1.68,1.15,1.71,Standing
16.08,1022,275,209,389,432,193,0.0335,-0.0255,1.0005,-1.29,0.39,-0.62,Standing
16.1,1001,321,206,414,436,199,0.0279,-0.0029,0.9587,0.84,0.53,-0.97,Standing
16.12,1008,276,196,380,432,170,-0.0263,-0.0283,1.0299,-0.68,-1.22,-1.05,Standing
16.14,970,262,230,373,412,157,-0.0225,-0.0073,1.0331,0.83,2.88,-0.06,Standing
16.16,989,270,223,363,430,179,-0.0084,-0.0275,1.0058,-1.45,0.69,-0.13,Standing
16.18,990,285,210,350,413,160,0.0613,-0.0247,0.9851,0.84,-0.16,-0.02,Standing
16.2,972,277,197,391,416,165,0.0194,0.0257,1.0225,0.34,-0.02,-1.78,Standing
16.22,1012,300,162,384,419,139,0.0144,0.0261,1.0498,-0.18,-0.97,-0.44,Standing
16.24,1020,282,189,367,389,150,-0.0329,-0.0388,0.9771,-0.09,-1.0,0.71,Standing
16.26,1011,307,187,367,379,142,0.0238,0.0259,1.0625,1.37,-2.93,-0.21,Standing
16.28,1037,277,187,345,407,166,0.0071,0.0282,1.0627,-0.66,0.66,-0.26,Standing
16.3,1061,276,201,325,392,186,-0.0006,0.0214,0.9944,0.54,-0.37,0.16,Standing
16.32,1031,289,196,356,444,151,-0.0325,0.0286,0.9576,-0.81,-0.08,0.8,Standing
16.34,1060,298,164,355,437,175,-0.0126,0.0296,0.9281,1.54,-1.8,-0.11,Standing
16.36,1014,314,195,313,393,169,-0.0181,0.0161,0.9718,-0.98,-0.9,-0.06,Standing
16.38,1054,272,209,348,389,148,0.0063,-0.0303,1.027,0.23,-0.34,-0.3,Standing
16.4,1046,292,204,353,379,153,0.0523,-0.0082,1.0504,-1.31,0.75,0.27,Standing
16.42,1038,293,189,340,387,151,0.0391,-0.0022,1.0272,-2.9,1.59,-0.76,Standing
16.44,1051,296,193,333,389,152,0.0082,0.0185,0.9671,-0.41,0.32,0.37,Standing
16.46,1041,291,194,321,388,159,0.0287,0.0392,0.9531,-0.38,0.87,0.55,Standing
16.48,974,289,183,307,393,151,-0.0055,0.0161,0.9853,1.19,-0.68,0.99,Standing
16.5,1095,284,190,313,382,138,0.0124,-0.0063,1.0143,0.2,-1.17,0.91,Standing
16.52,1031,302,156,321,366,127,-0.0036,-0.0111,1.0835,-0.51,-0.45,-0.39,Standing
16.54,1051,298,208,317,380,158,0.0235,0.0533,1.0594,-0.01,0.95,-0.65,Standing
16.56,992,306,167,338,393,145,0.0009,0.0109,1.0554,0.34,-1.12,-1.46,Standing
16.58,1104,319,212,298,394,135,0.0365,-0.0303,0.9607,-0.56,-1.05,-0.14,Standing
16.6,1073,300,193,338,358,167,0.0181,-0.0051,0.9758,-0.01,-0.83,0.39,Standing
16.62,1055,327,183,315,389,145,-0.0233,-0.0145,0.9898,-1.54,-2.45,0.41,Standing
16.64,1041,311,166,343,359,155,-0.0048,0.0134,1.0223,-0.74,-0.48,0.21,Standing
16.66,1043,331,171,301,343,130,0.0301,-0.0393,0.9834,0.13,1.39,0.06,Standing
16.68,1045,321,159,291,415,131,-0.035,0.0081,1.0761,-0.08,0.35,0.97,Standing
16.7,1048,281,205,322,381,153,0.0228,-0.0066,1.067,-0.66,-0.07,-1.4,Standing
16.72,1034,314,164,345,362,130,0.0191,0.0005,0.9629,0.55,0.63,-0.18,Standing
16.74,1094,307,163,335,384,139,0.0621,0.0184,1.0263,0.45,-1.48,-1.79,Standing
16.76,1108,314,212,320,373,147,-0.0155,0.0391,1.023,0.39,0.12,0.25,Standing
16.78,1103,322,178,308,392,134,-0.0135,-0.0605,0.9852,0.41,1.19,-1.02,Standing
16.8,1047,330,159,324,348,120,0.0329,0.1173,0.974,-1.57,-1.08,0.54,Standing
16.82,1090,312,166,277,377,144,0.0077,-0.0092,1.0125,-0.58,2.33,-0.05,Standing
16.84,1053,318,175,326,360,115,0.0478,-0.0133,1.0342,1.47,-1.83,0.5,Standing
16.86,1083,316,191,291,386,156,-0.0055,0.0245,1.0337,-1.19,1.17,-0.38,Standing
16.88,1072,299,171,296,358,149,0.0353,0.0098,0.9839,1.49,2.38,-1.3,Standing
16.9,1051,312,191,301,372,134,0.0228,-0.0176,1.0422,-1.76,0.93,-0.56,Standing
16.92,1048,336,165,343,375,139,0.0342,-0.0174,0.9828,1.9,-1.18,1.17,Standing
16.94,1089,335,182,293,347,136,0.098,0.0129,0.9586,1.02,-0.14,1.65,Standing
16.96,1087,295,135,347,366,149,0.0218,-0.0102,1.0049,-0.33,-0.13,0.14,Standing
16.98,1082,304,138,319,334,135,0.0132,0.0304,1.0298,0.83,3.04,0.09,Standing
17.0,1079,335,164,315,359,133,0.0369,0.0204,0.9411,1.55,1.2,-0.76,Standing
17.02,1108,322,150,308,353,139,0.0185,-0.0406,0.9798,-1.35,-0.53,-0.41,Standing
17.04,1045,302,178,288,392,126,0.0323,0.0143,1.0211,-0.71,-2.3,0.48,Standing
17.06,1089,301,176,331,374,153,0.0345,0.0462,0.9834,0.63,1.28,-0.16,Standing
17.08,1075,338,154,315,355,117,0.0104,-0.0011,1.0459,1.64,-0.2,0.24,Standing
17.1,1048,296,178,328,359,140,-0.0047,0.0337,1.0771,0.79,-0.62,-0.48,Standing
17.12,1134,329,167,293,360,179,0.0266,0.0493,1.0353,1.09,1.19,-0.64,Standing
17.14,1125,306,133,323,382,147,0.0193,0.034,1.0619,0.11,1.21,0.25,Standing
17.16,1062,300,197,321,329,128,0.0141,-0.0102,1.0412,-0.54,-0.1,0.62,Standing
17.18,1111,320,169,299,352,148,0.0288,-0.0186,1.0641,-0.87,0.79,-0.4,Standing
17.2,1059,292,188,287,362,123,0.0368,0.0197,1.0172,-0.58,1.15,-0.08,Standing
17.22,1066,315,175,285,367,120,-0.0005,0.0272,0.9956,0.21,0.26,0.8,Standing
17.24,1072,314,149,287,350,143,0.0432,0.0566,0.9726,2.34,-0.13,0.04,Standing
17.26,1092,308,183,350,354,125,0.0707,0.0031,1.0062,1.47,-0.83,0.96,Standing
17.28,1080,294,157,312,373,142,0.0453,0.0122,1.0013,0.31,0.29,-0.47,Standing
17.3,1073,304,166,332,352,154,0.051,0.0467,1.0171,1.72,-0.38,-1.33,Standing
17.32,1055,317,175,329,375,140,0.0053,0.012,0.9737,1.56,0.1,0.01,Standing
17.34,1108,272,159,337,398,120,0.0312,-0.0063,0.9932,-2.28,-1.05,-1.1,Standing
17.36,1077,313,158,325,355,142,-0.0437,0.0533,1.0382,0.81,0.73,-0.64,Standing
17.38,1054,299,162,326,365,145,0.0588,0.0094,1.0221,1.23,-0.83,-0.8,Standing
17.4,1051,304,165,339,328,155,0.0811,0.0338,1.0174,-1.29,-0.15,-1.71,Standing
17.42,1077,309,189,335,388,141,-0.0229,0.0049,0.9411,1.09,0.53,1.02,Standing
17.44,1051,302,181,294,406,145,0.069,-0.0627,0.9732,-1.55,-0.19,-1.07,Standing
17.46,1042,305,181,357,370,141,0.0182,0.0399,1.0416,1.75,0.85,-0.25,Standing
17.48,1030,307,192,355,363,159,0.0548,-0.0024,0.9564,-0.8,-0.63,-1.42,Standing
17.5,1046,302,178,337,361,161,0.0273,-0.0549,0.9976,-0.97,-1.43,0.17,Standing
17.52,1051,297,182,345,388,146,0.0709,0.0767,0.9946,-0.81,-0.95,-0.84,Standing
17.54,1064,292,183,301,379,167,0.0422,0.0054,0.9788,-1.2,0.19,-0.34,Standing
17.56,1036,295,195,331,372,141,0.0487,0.0647,0.968,-0.21,-1.77,0.35,Standing
17.58,1044,308,162,379,364,124,0.0601,-0.0126,0.9505,1.36,0.63,-0.98,Standing
17.6,1069,295,191,319,382,148,0.0699,0.0336,1.0438,0.58,0.05,-0.09,Standing
17.62,1052,280,193,353,410,160,0.0362,0.0144,1.0008,1.01,-0.7,-0.12,Standing
17.64,1061,295,202,335,406,154,0.0163,0.007,0.9933,0.29,1.57,-0.07,Standing
17.66,1040,286,206,338,400,134,0.0493,-0.044,1.0056,0.47,0.34,1.38,Standing
17.68,1048,306,199,379,398,127,0.0246,0.0151,1.0675,2.69,0.51,-0.16,Standing
17.7,1037,279,205,366,379,166,0.0073,-0.0097,0.9999,0.36,0.3,0.4,Standing
17.72,1059,303,205,336,412,143,0.0198,-0.0195,1.0153,0.36,1.22,0.77,Standing
17.74,1068,277,194,351,363,183,0.0037,-0.0213,0.9817,-0.48,0.66,0.4,Standing
17.76,1075,277,218,355,434,164,-0.0119,0.0257,0.9674,1.44,-0.14,-1.11,Standing
17.78,1023,270,202,343,443,176,0.0699,0.0248,1.0377,-2.07,1.38,0.33,Standing
17.8,1026,297,219,356,453,126,0.0268,0.0218,1.0179,0.42,0.03,0.18,Standing
17.82,995,276,219,353,450,131,0.0846,0.0401,1.0416,-1.07,2.02,-0.58,Standing
17.84,954,255,195,334,426,158,-0.0212,0.0388,0.9632,2.19,0.89,-1.25,Standing
17.86,985,292,207,373,445,167,-0.0088,0.0643,0.9592,-0.04,-0.45,0.6,Standing
17.88,981,265,190,341,442,159,0.0592,-0.0098,1.067,-1.77,-0.49,-0.55,Standing
17.9,984,282,219,381,440,191,0.0523,0.0343,1.0275,0.81,-0.22,-0.0,Standing
17.92,995,263,241,392,426,180,0.0333,-0.001,0.9596,-0.12,-2.14,-0.68,Standing
17.94,999,275,211,389,426,162,0.0431,-0.0161,1.0281,-1.88,-1.05,0.07,Standing
17.96,979,257,206,385,415,181,0.017,0.0362,0.9778,0.33,-0.7,-0.51,Standing
17.98,1047,307,216,370,483,176,0.0643,-0.0681,0.9599,1.48,0.87,1.53,Standing
18.0,942,278,221,367,423,183,0.005,0.023,0.9777,0.52,1.57,0.07,Standing
18.02,948,279,208,425,448,171,0.0384,0.0189,1.0058,-1.66,-0.49,-0.36,Standing
18.04,1013,269,222,408,466,176,0.0006,0.0245,0.9712,-1.22,-0.37,-0.09,Standing
18.06,981,250,222,414,458,197,0.0304,-0.0157,0.9955,-1.32,-0.81,-0.36,Standing
18.08,967,266,221,393,491,195,0.0111,0.0256,0.9974,-0.63,-2.92,1.03,Standing
18.1,978,253,249,402,473,194,0.0627,-0.0148,0.963,-1.35,-1.14,0.4,Standing
18.12,962,250,213,415,452,212,0.0634,-0.0109,0.9228,0.51,1.21,1.36,Standing
18.14,983,254,233,357,470,195,0.043,0.0658,1.0072,-0.65,-1.83,-0.56,Standing
18.16,960,248,238,428,444,186,0.0766,-0.0238,1.0446,0.37,-0.17,0.8,Standing
18.18,935,277,243,402,447,188,0.0261,0.0398,1.0253,0.12,0.63,-1.06,Standing
18.2,989,235,235,427,478,173,0.0288,-0.0127,1.0305,-1.4,0.09,0.04,Standing
18.22,963,258,228,445,488,184,-0.0372,-0.0317,1.0577,-0.05,-0.45,0.93,Standing
18.24,985,256,234,399,502,209,0.0064,0.0237,0.9763,0.29,-1.78,-0.25,Standing
18.26,948,249,205,408,509,216,0.0165,0.0636,1.0405,-1.54,0.65,-0.16,Standing
18.28,922,254,221,430,479,209,-0.0264,0.0249,0.9423,-1.88,-0.33,1.08,Standing
18.3,995,245,246,446,480,228,0.0571,0.0199,1.0325,-1.24,0.36,1.69,Standing
18.32,901,266,224,408,474,208,0.054,-0.0537,0.9861,-0.78,1.19,-0.16,Standing
18.34,963,226,242,436,472,214,-0.0332,-0.0364,1.0733,-0.63,-2.0,0.02,Standing
18.36,985,257,246,439,530,199,0.0205,0.0325,0.9437,0.42,-0.65,0.37,Standing
18.38,906,244,250,452,498,179,0.0445,0.0185,1.0402,-0.79,-1.23,1.18,Standing
18.4,948,241,265,452,518,208,-0.0558,-0.0006,1.0484,1.67,2.89,-1.12,Standing
18.42,922,238,221,442,493,197,0.0178,-0.0324,0.9713,1.28,0.26,0.49,Standing
18.44,926,252,238,445,480,198,0.0067,0.0482,1.0057,0.63,0.87,0.1,Standing
18.46,933,280,230,464,527,220,0.0128,0.0602,1.0798,0.08,0.66,-1.07,Standing
18.48,945,223,259,489,515,178,-0.0203,0.0322,1.0258,-0.18,0.95,-0.84,Standing
18.5,936,218,258,435,504,203,0.0471,-0.0183,0.9241,0.78,-0.19,-0.02,Standing
18.52,910,239,258,426,501,230,0.0557,-0.0059,0.9692,0.64,-2.19,-0.55,Standing
18.54,917,268,272,422,512,212,0.0502,0.0234,0.9928,-2.01,-0.53,-0.43,Standing
18.56,947,249,244,484,523,228,-0.0307,-0.0241,0.9843,0.76,-0.08,-0.27,Standing
18.58,962,224,238,452,506,197,0.0381,0.0529,1.0248,0.72,-0.66,0.47,Standing
18.6,873,219,279,446,543,220,0.0336,0.0259,1.0314,-1.08,-1.61,-0.04,Standing
18.62,942,215,260,472,502,232,-0.0067,0.0189,0.9976,-0.57,1.01,-0.04,Standing
18.64,917,230,272,413,522,208,0.0271,0.0191,0.9955,1.94,-1.38,-0.07,Standing
18.66,893,261,254,459,523,197,0.1032,0.01,1.0478,-2.2,1.41,0.39,Standing
18.68,920,243,289,442,530,213,0.0355,0.0056,0.9934,1.23,0.02,-0.24,Standing
18.7,936,237,260,479,535,220,0.0257,0.0061,0.9762,-1.2,-0.43,0.61,Standing
18.72,867,248,249,480,537,217,0.0563,0.0944,1.0344,-1.15,-0.08,-0.36,Standing
18.74,871,222,277,466,554,236,-0.0249,0.0499,1.0318,0.49,0.49,0.45,Standing
18.76,883,239,243,462,531,210,0.0709,0.0117,0.947,0.1,-1.08,0.64,Standing
18.78,880,216,257,446,553,217,0.0278,0.0312,0.9293,0.09,-1.49,0.72,Standing
18.8,883,221,283,482,510,184,-0.0028,-0.0221,1.0235,-1.29,-1.59,0.64,Standing
18.82,909,209,258,488,528,219,0.0389,-0.0112,1.0219,-0.89,-2.09,0.38,Standing
18.84,902,218,271,486,546,227,0.0484,-0.0058,1.0526,2.21,-1.18,1.09,Standing
18.86,852,215,234,457,517,235,0.0069,0.0665,0.9602,-0.31,-1.11,-0.9,Standing
18.88,911,252,259,470,535,207,-0.0119,-0.0069,1.0346,2.17,1.42,0.06,Standing
18.9,877,213,272,489,553,208,0.0276,0.0133,1.003,-0.18,0.93,1.08,Standing
18.92,886,240,260,507,545,220,0.0164,0.0387,1.0301,-3.96,0.46,-0.09,Standing
18.94,895,213,243,457,579,221,0.0233,-0.0108,1.0185,0.69,0.77,-0.7,Standing
18.96,913,218,266,467,532,232,0.0737,-0.0139,1.0047,-1.74,1.7,-0.16,Standing
18.98,893,206,255,511,521,213,-0.0067,-0.0228,1.0264,1.78,-0.32,-1.29,Standing
19.0,899,249,244,496,528,221,-0.0284,-0.0136,1.0308,-0.09,0.84,-1.38,Standing
19.02,898,219,256,486,536,239,0.0042,0.0013,1.0256,-0.98,0.8,-0.56,Standing
19.04,911,185,261,495,529,211,0.0241,0.021,0.9846,-0.57,1.1,1.52,Standing
19.06,907,208,278,483,512,233,0.0049,-0.0195,0.9809,-0.77,0.31,-0.44,Standing
19.08,917,223,267,490,520,236,0.0439,-0.0293,1.0481,-1.31,0.65,2.03,Standing
19.1,872,221,248,463,535,191,0.056,0.0145,0.9615,0.36,1.07,-0.41,Standing
19.12,901,227,283,505,526,221,0.0423,0.0374,1.0268,-0.78,0.49,-0.67,Standing
19.14,926,243,293,505,557,250,0.0419,0.0141,0.9479,1.97,0.18,0.48,Standing
19.16,892,237,253,477,529,225,0.0366,0.0111,1.0506,0.75,2.55,0.54,Standing
19.18,908,251,245,463,565,223,-0.0499,0.0434,1.0424,-0.83,-2.39,-1.02,Standing
19.2,912,220,275,461,558,236,-0.0113,-0.0165,0.9778,-0.9,-0.35,0.38,Standing
19.22,872,216,277,478,494,224,0.0114,-0.0113,0.9856,-0.07,0.8,-0.66,Standing
19.24,883,245,238,499,551,225,0.0635,0.0456,1.04,-0.91,-0.63,0.08,Standing
19.26,925,226,246,467,514,194,-0.0335,-0.0172,0.9386,-0.65,2.23,-0.35,Standing
19.28,922,228,249,481,531,171,-0.0386,-0.0013,0.934,0.03,2.77,-1.23,Standing
19.3,938,228,245,456,512,239,0.0107,0.0099,0.9361,-0.6,0.14,0.96,Standing
19.32,873,224,231,464,522,212,-0.0087,-0.0567,0.9631,-1.53,-0.99,0.41,Standing
19.34,899,220,243,481,529,221,-0.0196,0.0062,0.9759,0.99,0.04,1.08,Standing
19.36,883,244,251,433,502,186,-0.0524,0.0351,0.9679,-0.23,0.49,0.04,Standing
19.38,936,247,237,473,540,210,0.0122,0.0351,0.9714,0.65,0.89,0.55,Standing
19.4,922,241,243,437,510,228,-0.0429,0.0207,0.9501,0.46,-2.24,-0.2,Standing
19.42,887,252,266,431,521,234,0.0231,0.0219,1.0515,0.88,-1.12,0.75,Standing
19.44,926,235,250,497,526,239,0.0425,-0.0422,1.0794,-0.42,0.33,0.25,Standing
19.46,912,229,221,426,511,216,0.0634,-0.0438,1.0708,-0.3,0.0,-0.33,Standing
19.48,897,236,255,434,496,209,0.0048,0.0013,1.0427,0.25,0.27,1.86,Standing
19.5,967,201,247,441,541,200,-0.0074,-0.0209,1.0289,0.31,1.32,1.26,Standing
19.52,943,224,208,418,506,215,0.0551,0.0014,0.9757,-0.66,-0.26,0.49,Standing
19.54,964,251,268,463,479,218,0.001,0.0284,1.0335,-1.34,-1.53,0.08,Standing
19.56,950,246,247,440,524,233,0.0191,0.0519,1.0117,0.06,1.06,-0.78,Standing
19.58,969,247,270,429,538,207,-0.0115,-0.038,1.0183,-0.03,0.91,-0.21,Standing
19.6,947,277,240,433,532,190,0.0281,0.0585,1.0461,2.5,0.55,-0.27,Standing
19.62,943,255,233,447,519,214,0.0777,-0.0425,0.9942,-1.23,-2.96,0.83,Standing
19.64,951,238,248,453,501,160,0.109,0.0364,1.0413,0.12,-1.59,-0.01,Standing
19.66,940,229,258,422,489,203,-0.0139,0.0332,0.9863,-0.67,-0.6,-1.45,Standing
19.68,937,246,243,423,506,174,0.0348,-0.0169,1.0419,0.76,0.51,-0.03,Standing
19.7,938,226,224,442,471,180,0.0057,-0.0097,1.027,0.14,-0.95,-0.0,Standing
19.72,957,259,237,397,507,195,-0.0003,0.0686,0.9949,-0.52,-0.34,0.47,Standing
19.74,952,267,242,438,492,200,0.019,-0.0474,1.0274,-1.1,-0.5,-0.17,Standing
19.76,942,244,199,401,474,183,-0.0043,0.0038,0.9322,-0.07,-0.24,-0.36,Standing
19.78,954,249,255,411,467,175,0.0189,0.025,0.9386,0.03,0.52,-0.56,Standing
19.8,1016,255,226,458,500,172,-0.008,0.0503,1.0796,0.63,1.4,-0.4,Standing
19.82,956,252,187,453,482,177,0.0117,-0.0057,1.0344,-0.49,0.03,-0.58,Standing
19.84,969,263,237,412,472,198,-0.0018,0.0021,1.0382,-0.27,-0.93,0.4,Standing
19.86,963,269,244,418,462,211,0.0182,0.0189,1.0098,-0.5,-0.51,-0.08,Standing
19.88,983,286,225,406,469,207,-0.0166,0.0254,1.0023,-1.5,0.99,0.9,Standing
19.9,950,260,263,416,479,201,0.021,-0.0505,0.8636,-0.22,-1.0,-0.2,Standing
19.92,965,270,222,445,444,189,0.0195,0.0322,1.0493,0.27,0.56,-0.22,Standing
19.94,971,261,218,422,431,188,0.0172,0.0401,0.9648,1.98,0.22,0.52,Standing
19.96,951,244,234,369,457,182,0.0131,0.05,0.9789,-0.05,-0.96,0.72,Standing
19.98,1019,272,183,428,444,195,0.0239,0.072,0.971,0.99,1.32,-0.91,Standing
20.0,968,275,208,441,452,203,-0.0102,-0.0371,1.0197,1.37,0.09,0.72,Standing
20.02,997,287,226,361,428,172,0.0141,0.0294,0.9808,-0.82,-2.08,0.8,Standing
20.04,1003,286,221,407,451,194,-0.0582,-0.0446,1.0491,-1.0,0.45,0.45,Standing
20.06,971,295,201,405,456,146,-0.0124,-0.0064,1.044,-0.51,-3.76,0.29,Standing
20.08,996,287,228,425,449,187,0.0261,0.0675,0.9966,1.17,-0.4,0.27,Standing
20.1,1009,265,231,318,423,155,0.0157,0.0356,0.9479,-1.19,0.65,-0.72,Standing
20.12,1020,267,213,375,402,167,0.0197,0.014,0.9691,1.11,1.74,0.31,Standing
20.14,980,277,205,367,443,138,0.0078,0.0209,1.0607,-0.43,1.1,-1.51,Standing
20.16,995,275,157,372,393,184,0.0777,-0.0119,1.0344,-0.57,1.06,-2.53,Standing
20.18,1035,283,191,348,398,166,0.0219,0.0003,0.9476,0.81,-0.68,-0.88,Standing
20.2,1037,295,206,356,394,181,0.0072,0.0313,1.0006,-0.31,2.44,-1.79,Standing
20.22,997,270,225,380,420,175,0.0245,0.0047,0.9019,1.09,-0.83,0.48,Standing
20.24,1049,260,176,332,438,166,0.0952,0.0913,1.1293,1.31,1.36,-0.54,Standing
20.26,974,299,182,358,430,143,0.0338,-0.0195,1.0012,0.95,-0.12,-0.31,Standing
20.28,1023,281,192,345,417,170,0.0471,-0.0019,1.0033,0.5,0.52,1.08,Standing
20.3,1025,287,191,363,395,175,-0.0606,0.0007,0.9892,-0.86,0.41,-0.65,Standing
20.32,988,308,198,333,375,172,0.0037,0.0027,1.0441,2.08,0.61,-0.03,Standing
20.34,1032,276,208,367,371,172,-0.008,0.0766,0.9738,1.03,0.64,0.04,Standing
20.36,1032,291,190,368,406,124,0.0528,0.0703,0.9789,-1.25,-0.12,-1.24,Standing
20.38,1035,276,201,367,369,132,-0.0141,-0.035,0.9841,-0.81,-0.14,-0.46,Standing
20.4,1033,307,201,363,428,160,0.0391,0.0044,1.0949,0.26,0.45,0.57,Standing
20.42,1050,284,201,338,385,164,-0.0039,0.034,0.9859,0.38,-0.42,0.84,Standing
20.44,1023,303,221,330,372,134,0.018,0.0041,0.9932,0.1,-0.72,-0.82,Standing
20.46,1039,288,200,321,401,154,-0.0476,-0.0287,0.9944,0.13,1.41,-1.41,Standing
20.48,1065,300,182,299,363,146,0.0335,0.0426,0.9587,0.62,0.67,0.95,Standing
20.5,1100,301,174,362,394,160,0.0353,0.0387,0.923,-1.07,0.95,0.5,Standing
20.52,1093,295,195,341,387,158,0.0251,0.0264,0.972,1.35,0.29,-0.46,Standing
20.54,1063,288,183,346,386,134,0.0562,-0.0469,1.0031,-0.31,0.41,-1.36,Standing
20.56,1038,292,189,350,387,125,-0.0321,0.0159,1.0151,-0.31,1.05,0.96,Standing
20.58,1062,301,169,313,357,132,0.0188,0.0566,0.9386,0.08,-0.41,1.34,Standing
20.6,1083,297,177,308,386,167,0.0198,-0.0043,1.0116,0.42,-1.2,-0.33,Standing
20.62,1068,315,208,327,379,126,0.0213,0.0268,0.9816,0.76,2.23,-0.16,Standing
20.64,1063,298,197,332,382,126,0.0324,-0.0023,0.9667,-0.96,0.15,-0.75,Standing
20.66,1077,323,188,297,339,123,0.0135,-0.0048,0.9826,-0.48,0.84,0.05,Standing
20.68,1052,307,195,309,359,137,-0.0268,-0.0142,1.0178,-1.3,-0.4,1.22,Standing
20.7,1058,330,166,310,369,144,0.0069,-0.0468,1.0333,-0.61,-0.32,0.38,Standing
20.72,1055,291,180,280,381,110,0.0104,0.0071,0.9746,-1.59,-0.58,-0.49,Standing
20.74,1031,320,199,318,340,132,-0.0254,-0.0289,0.9401,-1.05,-1.75,-0.29,Standing
20.76,1105,328,194,289,369,105,0.0366,0.0453,0.9586,-0.33,0.34,0.21,Standing
20.78,1113,313,163,325,401,121,0.0286,-0.0273,1.0331,-1.9,1.3,0.13,Standing
20.8,1071,327,190,333,351,128,0.001,0.03,0.9536,0.5,0.58,-0.04,Standing
20.82,1099,305,194,346,369,102,-0.0301,0.0598,0.968,0.85,-0.42,-0.21,Standing
20.84,1034,352,179,297,374,174,0.0398,-0.0329,1.0034,0.21,0.87,1.0,Standing
20.86,1091,300,171,310,369,156,0.0052,-0.0219,0.9945,-0.89,3.65,1.04,Standing
20.88,1059,328,181,284,362,133,0.0391,-0.0119,1.0321,2.3,-0.86,0.27,Standing
20.9,1080,316,131,281,337,136,0.0163,0.0397,0.9521,-0.41,1.07,0.76,Standing
20.92,1077,322,175,271,397,104,0.0578,0.0175,1.0096,-1.05,-1.86,-1.68,Standing
20.94,1092,324,170,323,339,138,0.0051,0.0083,0.9614,0.57,-1.93,0.51,Standing
20.96,1092,323,153,333,371,144,0.0099,0.0212,0.9421,-1.46,0.58,1.25,Standing
20.98,1064,295,131,323,383,131,-0.0137,-0.0463,1.0334,-1.51,1.86,0.89,Standing
21.0,1086,317,157,309,359,140,-0.0087,0.0454,0.9887,1.9,-1.35,0.07,Standing
21.02,1075,304,144,262,383,121,-0.0083,0.0145,1.0005,0.82,-1.68,0.32,Standing
21.04,1093,339,155,302,370,141,-0.0176,0.0052,0.9947,-0.77,1.13,0.46,Standing
21.06,1045,304,137,290,360,143,0.0477,-0.0088,1.0154,-0.96,-0.19,-0.61,Standing
21.08,1030,305,165,307,331,140,0.0376,0.0452,0.9361,-0.97,1.58,0.91,Standing
21.1,1113,316,153,331,379,135,-0.0348,0.0185,1.0384,0.98,-0.74,0.49,Standing
21.12,1076,313,177,284,375,153,0.0246,-0.0079,0.9498,-3.13,-0.86,0.78,Standing
21.14,1067,308,205,286,353,159,-0.047,-0.045,0.9489,-0.33,-1.27,-0.96,Standing
21.16,1082,283,175,314,337,116,0.0289,-0.003,1.06,-0.66,-0.54,-0.1,Standing
21.18,1086,300,162,263,372,104,0.0442,-0.0161,0.998,-0.99,-0.94,0.5,Standing
21.2,1049,307,193,280,350,115,0.0015,0.0569,0.9758,-2.59,0.83,-0.78,Standing
21.22,1088,331,194,337,369,105,0.0682,-0.0067,0.9396,0.03,-0.67,-0.65,Standing
21.24,1055,317,207,316,404,144,0.035,0.0049,0.9856,-0.71,-0.85,-0.88,Standing
21.26,1076,305,166,319,369,132,0.0244,0.0314,0.9522,0.51,-1.16,-0.87,Standing
21.28,1097,317,192,304,369,126,0.0438,-0.0274,1.069,-0.17,0.31,-0.36,Standing
21.3,1034,295,147,305,371,115,0.054,0.0257,1.0686,0.45,0.19,-1.9,Standing
21.32,1029,327,191,308,396,157,0.064,-0.0037,0.938,-1.62,-0.82,0.57,Standing
21.34,1094,318,179,312,383,133,0.074,0.0235,0.9926,-0.2,-2.38,1.29,Standing
21.36,1067,319,193,286,398,147,0.0773,-0.0312,1.0328,-0.81,-0.51,-0.67,Standing
21.38,1056,280,175,357,359,134,-0.012,-0.0012,1.0449,0.06,-0.8,-0.01,Standing
21.4,1070,312,164,307,374,154,0.0059,0.0421,0.9748,-0.26,0.61,0.81,Standing
21.42,1084,325,198,315,384,130,-0.0283,-0.0162,0.978,-1.7,0.2,-0.82,Standing
21.44,1088,328,175,340,356,169,0.0512,0.0052,0.9853,0.21,-0.5,-0.53,Standing
21.46,1044,316,204,335,371,168,0.0573,-0.0547,0.9981,-0.86,0.9,0.78,Standing
21.48,1076,303,180,319,385,140,0.0013,-0.0259,1.008,-0.37,-0.98,0.48,Standing
21.5,1025,321,163,316,400,159,-0.034,-0.0303,0.9985,-2.48,1.46,-0.61,Standing
21.52,1086,297,179,347,405,142,0.0255,0.0113,0.9608,0.67,0.98,-0.51,Standing
21.54,999,331,215,300,398,157,-0.0116,-0.0118,0.9595,-0.23,-0.79,-0.23,Standing
21.56,1014,312,193,335,402,174,0.0445,-0.0394,0.9125,0.71,0.27,-0.12,Standing
21.58,1045,294,210,372,398,159,0.0152,-0.0426,0.9972,1.64,0.11,-0.36,Standing
21.6,1057,272,198,334,410,203,0.049,-0.0021,1.0694,-1.46,-0.01,-1.06,Standing
21.62,1042,287,210,350,381,139,0.0202,0.0187,0.9928,-0.25,1.35,1.06,Standing
21.64,1047,308,205,358,443,147,0.0371,-0.0056,0.9524,1.29,-0.73,-0.37,Standing
21.66,1045,308,207,378,379,172,-0.004,-0.0107,0.9981,0.69,1.31,-0.26,Standing
21.68,1015,278,188,359,414,158,0.0454,-0.0165,0.9592,-0.86,-1.68,-2.11,Standing
21.7,992,295,169,357,435,167,0.0075,0.0604,1.028,-2.68,0.93,-0.25,Standing
21.72,1031,299,193,363,409,149,-0.0342,-0.0148,1.0222,-2.02,0.19,-0.32,Standing
21.74,1009,281,218,354,444,135,0.0259,-0.0645,0.9677,-0.42,-1.64,0.01,Standing
21.76,1018,286,212,374,382,168,0.0024,-0.0109,0.9857,-0.42,-1.31,0.17,Standing
21.78,1052,311,162,398,407,153,-0.0377,-0.0042,0.9097,-1.13,-0.6,0.76,Standing
21.8,1076,307,188,338,414,181,0.007,-0.0101,1.0255,2.18,-1.46,0.35,Standing
21.82,1026,295,218,352,420,187,0.0391,0.095,0.997,1.06,0.22,0.3,Standing
21.84,991,301,180,372,385,179,-0.0464,-0.0898,1.0105,-0.84,-0.65,0.41,Standing
21.86,995,259,217,369,418,162,-0.0329,-0.0088,0.9302,0.91,-1.76,0.33,Standing
21.88,1022,219,192,408,428,169,0.0404,0.0204,1.0817,-0.45,0.02,-0.68,Standing
21.9,1014,275,221,409,388,175,0.0397,0.0076,0.9506,1.66,-0.14,0.71,Standing
21.92,994,256,196,397,454,163,0.0314,-0.0423,0.998,1.23,-0.4,-1.1,Standing
21.94,1010,273,217,360,459,203,0.0625,0.0384,1.0169,4.2,0.86,-0.67,Standing
21.96,1050,264,212,410,450,178,0.0827,-0.0109,1.0465,-1.54,0.78,0.78,Standing
21.98,979,276,203,381,475,178,0.0709,-0.0264,0.909,0.03,-1.92,-1.32,Standing
22.0,1002,240,231,350,457,182,-0.0117,0.0661,0.9467,1.52,-1.16,0.65,Standing
22.02,994,266,192,355,477,159,0.0225,0.0189,1.0596,0.01,-1.1,0.64,Standing
22.04,997,266,221,412,455,208,-0.0204,-0.0154,0.9871,-0.96,-0.26,1.97,Standing
22.06,975,270,226,417,468,188,0.0275,-0.007,1.0172,1.09,-1.37,-0.8,Standing
22.08,973,268,213,415,466,178,0.0292,0.0547,0.9935,1.18,0.45,0.09,Standing
22.1,979,266,234,421,474,202,0.0039,-0.0202,1.0001,-1.62,0.0,0.4,Standing
22.12,998,244,212,406,455,190,0.0764,0.0228,0.9969,2.35,0.89,-0.72,Standing
22.14,971,264,238,401,443,221,0.0217,0.034,0.9773,-0.0,0.18,-1.25,Standing
22.16,987,250,225,463,451,161,0.0403,0.0125,1.043,0.27,0.64,0.45,Standing
22.18,947,217,251,398,476,171,0.0334,0.0426,1.0069,0.12,-0.4,0.1,Standing
22.2,958,260,230,388,459,210,-0.0371,-0.023,1.0322,-0.13,2.33,-0.52,Standing
22.22,1002,230,229,412,490,204,0.0454,0.0442,0.9511,0.68,-0.63,-1.15,Standing
22.24,969,248,239,390,488,194,0.0329,0.0236,1.0192,-0.21,0.24,0.15,Standing
22.26,987,263,251,426,490,220,0.0581,0.0391,1.0261,-1.4,-1.26,0.86,Standing
22.28,989,250,205,447,491,190,0.0484,0.0492,1.0268,-0.27,0.99,0.11,Standing
22.3,962,288,245,459,488,185,0.0031,-0.0171,0.947,-1.11,-1.21,0.69,Standing
22.32,927,247,228,447,439,210,0.0694,0.0098,1.0342,2.28,1.65,0.72,Standing
22.34,992,249,245,457,497,199,0.0044,0.0337,0.9312,0.34,-1.09,-0.08,Standing
22.36,961,269,233,448,481,215,0.0114,0.011,1.0097,0.26,-0.58,-0.09,Standing
22.38,913,268,219,475,527,200,0.0049,0.0638,1.0143,1.44,-3.03,-2.04,Standing
22.4,912,208,258,470,522,214,0.0016,-0.0176,1.0311,-0.62,-1.46,0.61,Standing
22.42,962,248,247,434,513,208,0.0543,-0.0239,1.0401,1.64,0.62,-0.41,Standing
22.44,918,228,227,454,489,214,0.0482,0.0041,1.0267,-0.55,0.03,-1.91,Standing
22.46,976,209,218,498,509,206,0.0393,0.0015,1.0302,-0.6,-1.59,0.09,Standing
22.48,939,270,240,472,499,230,-0.0116,0.0191,1.0609,1.07,-2.33,-0.21,Standing
22.5,895,239,236,524,491,237,0.0055,0.0396,1.0066,0.14,-1.97,0.59,Standing
22.52,946,219,251,460,526,221,0.0004,0.036,1.037,0.36,-0.21,0.36,Standing
22.54,977,215,272,444,500,247,-0.0229,0.004,1.011,0.14,1.39,0.33,Standing
22.56,889,222,263,451,542,198,0.0015,-0.0142,0.9645,0.79,0.41,0.44,Standing
22.58,928,243,254,499,492,215,0.0349,-0.0257,0.9344,1.29,-1.88,0.8,Standing
22.6,904,250,249,470,524,225,0.0197,0.0139,1.0149,-1.62,-2.69,-0.95,Standing
22.62,888,228,246,511,546,213,-0.0309,-0.0239,0.9839,0.87,0.23,-0.34,Standing
22.64,901,235,240,466,520,222,0.0097,0.0203,1.0404,-1.26,-0.77,0.46,Standing
22.66,927,214,248,473,526,214,0.0381,0.0646,0.9476,0.07,0.39,-0.12,Standing
22.68,897,218,261,419,482,207,-0.0889,-0.0107,0.9791,1.5,-1.6,0.46,Standing
22.7,905,223,260,479,511,212,-0.0218,0.0348,0.9823,-1.57,0.69,-0.54,Standing
22.72,906,230,228,428,549,213,0.007,0.0059,0.9826,0.54,-1.72,-1.07,Standing
22.74,853,241,246,461,508,235,0.0605,-0.0183,0.9681,-0.53,0.56,-0.4,Standing
22.76,925,226,274,446,552,222,-0.0159,-0.0207,0.9485,-1.58,0.0,0.18,Standing
22.78,921,224,276,460,550,216,-0.0072,0.0211,1.0202,-1.07,0.24,0.08,Standing
22.8,936,200,254,488,503,226,0.0813,0.0404,0.9721,-0.31,-0.54,0.7,Standing
22.82,864,196,262,490,498,218,-0.0062,0.026,1.0324,0.04,-1.85,-2.03,Standing
22.84,903,209,282,479,524,240,0.0465,0.0378,0.9525,0.31,-1.31,1.09,Standing
22.86,933,244,236,452,517,215,0.0002,0.0077,0.9927,-0.56,-3.01,-0.6,Standing
22.88,906,216,262,467,503,219,-0.0052,0.0068,1.0182,2.14,-0.59,0.28,Standing
22.9,920,238,244,504,533,222,0.0231,-0.0464,1.024,0.78,0.86,-0.59,Standing
22.92,900,212,255,470,536,207,-0.0123,-0.0199,1.0211,0.21,2.73,1.37,Standing
22.94,861,227,273,543,577,224,0.0516,0.0081,1.0507,1.21,0.17,-0.81,Standing
22.96,912,246,262,454,509,223,0.0473,0.0667,1.0269,1.35,-0.26,1.3,Standing
22.98,906,234,239,486,526,236,-0.0368,0.0233,1.02,-0.47,-1.98,-1.37,Standing
23.0,879,219,264,474,519,223,0.0272,0.0286,0.9794,-1.96,-0.3,-1.1,Standing
23.02,909,230,290,484,550,251,0.0425,0.0419,0.9738,-0.39,-1.15,0.87,Standing
23.04,935,236,265,485,512,199,0.0108,0.0098,1.0143,-0.62,0.28,-0.76,Standing
23.06,923,259,298,485,537,211,0.0445,0.0191,1.0877,-0.92,-1.27,0.04,Standing
23.08,917,228,278,523,550,226,-0.0249,-0.001,0.9916,-1.33,-0.46,0.22,Standing
23.1,893,228,273,472,553,222,0.0133,-0.0048,0.9567,-0.7,-0.7,-0.25,Standing
23.12,873,208,209,482,541,224,0.0057,0.0337,1.0374,0.66,-0.06,-1.07,Standing
23.14,875,204,266,479,555,219,0.0265,0.0374,1.0113,1.0,-0.93,0.55,Standing
23.16,856,212,267,469,544,235,0.0162,-0.0192,1.0364,1.21,-1.65,0.47,Standing
23.18,927,223,271,460,528,218,0.0456,0.0046,1.011,-2.44,-2.35,1.74,Standing
23.2,929,227,244,445,577,219,0.0439,0.0174,0.989,0.46,0.21,-0.45,Standing
23.22,940,223,270,499,541,232,-0.0273,0.0329,1.0028,3.86,0.73,-1.01,Standing
23.24,926,230,259,501,523,226,0.0255,-0.0098,1.0011,-0.71,1.1,1.28,Standing
23.26,949,236,256,488,564,183,0.0128,0.0054,0.9975,0.79,-1.14,0.67,Standing
23.28,952,220,255,449,542,213,0.0571,0.0283,1.0085,1.47,-1.15,0.57,Standing
23.3,894,242,270,508,522,209,-0.0003,0.0015,1.0378,0.85,1.91,-1.45,Standing
23.32,899,231,263,446,554,226,-0.0035,0.0115,0.9445,1.27,1.44,0.87,Standing
23.34,893,237,215,490,524,244,-0.0089,-0.0088,1.0314,0.1,-1.13,0.61,Standing
23.36,916,222,246,497,527,203,0.0203,-0.0298,0.9752,-1.65,-0.83,-0.03,Standing
23.38,937,233,260,461,523,217,-0.0003,0.0535,0.9563,-0.94,-1.36,-1.93,Standing
23.4,902,210,256,462,522,217,-0.0166,0.0181,1.0012,0.64,0.67,-1.17,Standing
23.42,908,236,239,454,518,199,0.0444,-0.0094,1.0318,0.59,1.25,-0.15,Standing
23.44,935,213,238,476,542,226,0.0518,0.0128,1.0503,-3.55,1.51,-0.51,Standing
23.46,956,239,244,447,508,198,0.0069,-0.0157,0.9651,-2.87,-1.31,0.14,Standing
23.48,905,242,242,489,463,192,0.0252,0.0505,0.9865,0.44,-0.59,-0.22,Standing
23.5,905,230,222,454,520,228,0.0101,-0.021,0.9597,-0.54,-0.08,-0.2,Standing
23.52,925,233,248,480,516,241,0.0225,0.0222,1.0067,-0.6,1.07,-1.79,Standing
23.54,938,231,234,462,500,193,0.0133,-0.0159,1.0432,-1.42,-1.63,-0.49,Standing
23.56,964,237,246,455,466,215,0.0285,0.0198,1.0187,0.08,-0.2,0.82,Standing
23.58,978,239,247,411,527,230,0.0466,0.0038,1.0404,-0.22,-1.15,0.18,Standing
23.6,889,239,232,451,506,203,0.0296,0.0043,1.0424,-1.11,-0.2,2.5,Standing
23.62,936,228,215,436,507,220,0.0105,-0.0096,0.9488,-0.33,1.87,0.17,Standing
23.64,986,262,227,433,502,174,-0.0018,-0.003,0.9951,0.22,2.38,-1.25,Standing
23.66,912,267,262,445,526,198,0.008,-0.0048,1.0164,-1.18,-0.08,-0.86,Standing
23.68,919,259,265,472,459,174,0.0418,0.0399,0.9428,0.22,0.47,-0.3,Standing
23.7,956,243,250,441,465,170,0.0132,-0.0144,0.9841,-0.19,-2.09,-1.91,Standing
23.72,918,260,227,430,492,195,0.0368,0.0054,1.0562,0.27,0.03,2.23,Standing
23.74,993,263,231,437,490,206,0.0053,0.075,1.027,-0.47,-0.57,2.0,Standing
23.76,967,251,231,433,483,198,0.052,-0.0025,1.0382,2.38,0.62,0.65,Standing
23.78,1018,244,218,432,458,215,0.0629,0.0029,1.0126,1.46,1.79,-0.26,Standing
23.8,989,262,224,391,489,217,-0.009,0.0349,0.9973,1.18,0.63,-0.98,Standing
23.82,918,245,235,421,493,200,-0.0059,0.0028,1.082,-2.93,-1.08,0.51,Standing
23.84,951,250,214,439,487,172,-0.0066,0.0075,1.0233,-0.65,0.46,0.67,Standing
23.86,958,271,218,408,461,179,-0.0197,-0.022,0.9434,1.39,-0.06,0.76,Standing
23.88,948,232,194,424,468,171,-0.003,0.002,1.0053,-1.18,0.45,0.03,Standing
23.9,969,253,220,394,465,236,0.0684,-0.0133,0.9826,0.68,-0.84,-0.87,Standing
23.92,984,280,185,398,463,187,0.0222,0.0314,0.9181,0.2,1.91,-0.18,Standing
23.94,970,234,239,364,461,164,0.0378,-0.0114,0.9738,2.66,1.66,0.08,Standing
23.96,1011,293,224,401,449,192,-0.0099,-0.0012,0.9488,-0.99,0.79,0.18,Standing
23.98,993,277,239,396,473,192,-0.0042,0.0847,0.963,-1.22,0.03,-0.9,Standing
24.0,965,261,219,422,462,193,0.0027,-0.0138,0.9328,1.46,-0.02,-0.47,Standing
24.02,962,272,200,393,406,186,0.0231,0.0056,1.0069,-0.79,0.78,0.23,Standing
24.04,982,247,206,404,453,173,0.0029,-0.041,0.9911,-1.2,0.09,0.94,Standing
24.06,1022,273,219,369,418,189,0.0479,0.0418,0.9352,-1.41,-1.28,-1.25,Standing
24.08,1036,288,209,389,433,167,0.0407,-0.0049,0.9779,1.15,-0.62,-0.26,Standing
24.1,995,261,217,395,439,175,0.0334,-0.0134,0.9482,-0.4,0.6,0.73,Standing
24.12,1000,263,209,397,449,173,-0.0023,0.051,1.0299,0.83,-1.53,-0.92,Standing
24.14,1061,310,189,377,426,183,-0.0401,-0.0285,1.0388,0.18,-1.67,0.59,Standing
24.16,1039,277,229,357,445,173,0.0255,0.0124,1.0201,0.56,0.32,-0.47,Standing
24.18,1013,297,177,367,441,193,0.0355,-0.029,1.0438,0.11,-1.13,0.38,Standing
24.2,992,312,208,369,395,167,0.0057,0.0275,0.9925,-0.59,0.3,-0.23,Standing
24.22,1049,284,219,372,454,161,0.0458,0.0318,1.0018,1.17,-0.49,-0.66,Standing
24.24,1047,289,204,342,460,141,0.0131,-0.0088,1.0235,2.0,0.71,0.1,Standing
24.26,956,292,183,338,417,156,-0.0001,0.0517,0.9421,-0.79,-0.31,0.31,Standing
24.28,994,293,200,333,415,151,0.0066,-0.0161,1.0269,-1.06,-0.78,0.05,Standing
24.3,1049,287,195,375,429,159,0.0129,-0.0071,1.0051,1.79,0.65,-0.04,Standing
24.32,991,272,179,372,375,173,-0.0087,0.0107,1.0801,2.19,-0.34,-0.68,Standing
24.34,1043,305,196,333,391,169,0.0433,0.0098,0.9745,-1.13,-1.17,0.04,Standing
24.36,1041,328,198,390,392,172,-0.025,-0.0175,1.0365,0.62,-2.16,-0.78,Standing
24.38,1068,296,198,375,414,162,0.0348,0.0093,1.0037,-0.32,-0.35,0.62,Standing
24.4,1067,301,198,352,371,156,-0.0448,-0.0045,0.8866,-0.07,-0.76,-0.15,Standing
24.42,1039,324,182,328,351,140,0.0496,0.0355,0.9896,0.09,0.84,-0.16,Standing
24.44,1021,294,181,339,371,139,0.0356,0.0643,0.9543,0.92,-0.76,-1.05,Standing
24.46,1043,276,170,347,372,139,0.0177,0.0474,1.0056,-1.76,1.13,0.79,Standing
24.48,1067,300,163,332,412,135,-0.0128,-0.0044,1.0253,1.1,-1.39,0.12,Standing
24.5,1068,299,195,342,340,148,0.0732,0.012,1.0216,-0.4,-2.19,-1.37,Standing
24.52,1048,305,195,308,368,130,0.0719,-0.0348,0.9594,0.93,0.99,0.27,Standing
24.54,1082,304,172,348,392,130,0.0316,0.027,1.0413,0.33,1.08,1.27,Standing
24.56,1091,287,179,323,358,141,0.0686,0.0173,0.998,1.0,2.04,-1.49,Standing
24.58,1062,313,161,297,335,152,0.0014,0.0362,1.0195,1.17,-1.31,0.68,Standing
24.6,1051,319,190,315,389,162,0.0043,-0.0102,1.0704,-0.06,-0.56,-0.87,Standing
24.62,1047,316,196,319,346,136,0.0301,-0.0462,0.99,-1.69,1.07,0.07,Standing
24.64,1071,293,173,303,374,138,0.0236,-0.0213,1.0438,-1.31,-0.28,-0.14,Standing
24.66,1100,300,147,318,360,129,-0.0054,-0.0055,1.0076,3.33,1.26,-1.35,Standing
24.68,1087,304,161,333,371,130,0.1241,-0.0023,1.0965,-2.35,-0.12,0.66,Standing
24.7,1078,317,169,315,351,133,0.0128,-0.0263,0.9513,-0.17,0.06,-0.01,Standing
24.72,1065,313,183,329,369,139,0.063,0.0442,0.9669,-1.56,-0.54,-0.47,Standing
24.74,1071,296,184,313,380,132,0.0041,0.0264,0.9438,-0.52,0.09,1.07,Standing
24.76,1012,337,187,330,393,146,-0.0174,0.0352,0.9651,-0.43,-0.1,-0.56,Standing
24.78,1038,306,187,319,366,141,-0.0052,0.0101,0.9639,0.88,-0.98,-1.62,Standing
24.8,1054,310,177,322,357,145,-0.0274,0.0425,1.0116,-0.66,1.74,-0.83,Standing
24.82,1065,314,176,311,368,120,0.0198,-0.0398,0.9604,-0.03,-0.4,0.26,Standing
24.84,1114,286,172,296,323,141,0.0088,0.0524,1.036,-1.47,0.6,1.03,Standing
24.86,1043,332,159,317,356,132,-0.0291,0.063,1.003,-0.31,0.86,-0.81,Standing
24.88,1058,310,185,298,363,143,0.0133,-0.0175,1.0667,1.15,-2.63,-0.16,Standing
24.9,1049,330,190,327,355,152,0.0259,0.0363,1.0031,-0.63,-1.89,-0.4,Standing
24.92,1119,305,159,310,376,134,-0.0088,-0.0131,0.9822,0.3,-1.36,0.02,Standing
24.94,1072,307,176,299,347,146,0.0061,0.0107,0.9738,0.43,0.19,1.0,Standing
24.96,1103,304,168,311,402,136,0.0108,-0.0183,0.9836,0.15,1.57,0.67,Standing
24.98,1074,302,153,347,348,155,0.0237,0.0149,0.9254,-0.95,1.48,-1.24,Standing
25.0,1071,329,167,293,383,128,-0.0214,0.0231,1.0537,0.79,0.13,0.88,Standing
25.02,1091,325,183,307,373,135,0.0066,0.0452,0.9824,-2.04,-1.41,0.55,Standing
25.04,1040,312,171,318,352,96,0.0526,-0.0113,1.0079,-1.27,-0.61,-0.88,Standing
25.06,1085,309,167,304,396,168,0.0372,0.0591,1.0425,1.2,-3.01,1.26,Standing
25.08,1093,283,185,281,363,118,0.069,0.007,0.9964,0.62,-2.49,0.33,Standing
25.1,1070,293,179,330,358,134,-0.0025,0.0375,0.9909,-0.82,0.13,0.43,Standing
25.12,1035,300,152,278,347,140,0.0142,-0.0457,1.0105,0.98,-1.75,1.75,Standing
25.14,1125,299,177,306,421,95,-0.0106,0.019,1.0178,0.08,0.35,0.22,Standing
25.16,1042,310,176,281,422,139,-0.0091,0.0331,1.0001,0.74,-2.52,-0.57,Standing
25.18,1053,302,161,324,364,145,0.0321,-0.0391,0.966,1.04,-0.53,-0.27,Standing
25.2,1067,326,163,311,356,149,0.0385,0.0125,1.0463,-0.28,-1.29,0.49,Standing
25.22,1030,286,200,306,352,153,0.0223,0.0271,0.9768,2.83,0.58,-0.22,Standing
25.24,1038,327,208,332,360,151,0.0574,-0.0119,0.9716,0.58,-0.4,-1.38,Standing
25.26,1105,326,176,339,333,134,0.0784,0.0391,0.9021,-0.06,-2.25,0.58,Standing
25.28,1090,314,183,338,405,131,0.0074,-0.0057,0.9385,-0.98,-0.03,-1.03,Standing
25.3,1066,292,160,350,367,110,0.0128,0.0348,0.996,0.56,0.79,-1.4,Standing
25.32,1089,344,211,316,340,150,-0.0239,0.0091,1.0305,1.21,0.7,-1.2,Standing
25.34,1059,283,200,313,361,145,0.0051,0.0079,0.9217,0.81,0.55,-1.14,Standing
25.36,1038,285,180,327,394,134,0.0182,-0.0512,0.9355,-1.79,-0.69,0.48,Standing
25.38,1072,291,167,320,353,144,0.0708,0.0266,0.9567,-0.74,0.92,-1.23,Standing
25.4,1097,312,170,320,385,162,0.0479,0.0373,1.021,-1.95,-0.32,1.25,Standing
25.42,1057,320,186,337,391,143,0.0457,0.0049,0.9984,1.63,0.37,0.24,Standing
25.44,1069,322,177,314,379,160,0.0431,0.0509,0.9038,0.31,1.07,-0.99,Standing
25.46,1042,303,189,318,360,137,0.0235,0.0294,1.018,-0.2,2.03,0.25,Standing
25.48,1056,316,179,351,397,162,-0.0219,-0.0126,0.9704,-0.07,-0.47,0.47,Standing
25.5,1080,309,168,349,382,153,0.0074,-0.0455,1.012,0.47,0.36,0.58,Standing
25.52,1049,303,205,313,374,157,0.0005,-0.0015,0.9912,-0.69,0.35,0.68,Standing
25.54,1018,334,192,343,388,159,0.0369,0.0607,0.959,0.93,0.13,-0.92,Standing
25.56,1060,302,183,331,405,152,0.0259,-0.0477,0.9552,-0.43,3.08,-1.28,Standing
25.58,1055,296,176,324,423,158,0.0125,-0.0137,1.063,-0.05,-0.69,0.25,Standing
25.6,1062,286,197,308,342,183,-0.0216,-0.0097,1.0094,-1.09,0.67,-0.63,Standing
25.62,1023,293,200,332,393,166,0.0104,-0.0185,0.969,0.05,-0.72,0.65,Standing
25.64,1024,317,196,368,388,140,0.0139,-0.0131,1.0282,-0.9,0.25,0.65,Standing
25.66,1028,274,194,351,398,141,0.0214,0.0251,1.0401,-2.44,0.21,-0.11,Standing
25.68,995,267,230,345,401,133,0.0828,0.005,1.0432,-0.69,-0.94,-0.77,Standing
25.7,1012,313,187,343,392,197,0.0283,0.0021,1.0111,0.17,1.02,0.34,Standing
25.72,1000,282,207,353,414,176,0.0425,0.012,1.0558,-2.29,0.22,1.26,Standing
25.74,1070,283,174,331,438,159,-0.0336,-0.0164,0.9842,1.7,0.62,0.52,Standing
25.76,987,280,211,379,415,163,0.0122,0.0237,0.9554,-0.07,-1.1,0.9,Standing
25.78,1012,275,176,365,403,174,0.0129,0.0475,1.0048,-1.42,1.54,-0.16,Standing
25.8,1043,267,210,346,417,150,0.0223,0.0488,1.0432,-1.92,0.29,-0.16,Standing
25.82,1023,264,206,356,431,161,-0.0497,-0.0273,0.9641,1.25,-1.02,-0.1,Standing
25.84,1031,273,220,343,463,172,0.0338,0.0173,0.986,0.48,-0.27,-0.75,Standing
25.86,957,271,197,373,426,162,-0.0197,-0.0071,0.9236,0.3,-0.23,-0.26,Standing
25.88,1042,259,192,366,441,166,0.0,0.0482,1.0454,-0.14,-0.46,0.95,Standing
25.9,986,276,191,383,399,178,0.0244,-0.0045,1.0212,-1.18,-1.38,-0.62,Standing
25.92,960,288,205,365,437,187,0.0134,0.0137,1.0679,-0.0,-0.33,0.76,Standing
25.94,1014,264,205,401,467,164,0.0343,0.0634,0.9152,2.29,0.02,0.43,Standing
25.96,975,275,212,409,418,182,0.003,0.0386,0.9963,1.03,-0.75,-1.09,Standing
25.98,972,248,199,397,462,200,0.0127,-0.0078,0.9473,0.89,0.22,0.08,Standing
26.0,976,258,221,382,444,191,0.0254,0.0518,1.0191,-2.49,-0.26,-1.44,Standing
26.02,951,244,218,401,481,205,0.0125,0.032,0.9477,0.32,-0.86,-0.1,Standing
26.04,999,275,217,377,451,156,0.0,-0.0389,1.0321,0.66,-2.32,-0.42,Standing
26.06,942,254,208,382,468,210,-0.0346,0.0188,1.0485,0.02,0.14,0.51,Standing
26.08,1005,281,218,396,471,174,-0.0355,0.009,0.9994,0.22,0.87,0.81,Standing
26.1,966,294,216,420,473,178,0.0026,0.007,0.9879,-2.62,0.26,0.51,Standing
26.12,977,262,216,385,505,164,0.0646,0.0387,0.905,1.39,1.82,0.55,Standing
26.14,995,267,228,414,461,187,-0.0097,0.0091,1.0135,-0.53,0.0,1.52,Standing
26.16,954,283,247,456,489,204,0.0497,0.0863,0.9323,-1.59,-1.62,-0.76,Standing
26.18,986,256,243,419,442,196,0.0176,0.0433,0.9009,-0.54,-0.45,1.62,Standing
26.2,965,233,248,414,465,171,-0.0018,0.0452,0.9476,0.06,0.94,0.92,Standing
26.22,978,247,237,400,473,205,0.0126,-0.0173,1.0261,-0.41,0.46,0.12,Standing
26.24,961,264,242,424,464,193,0.0199,0.02,1.0089,-0.15,-1.02,-0.35,Standing
26.26,954,231,253,412,485,191,0.0271,0.038,0.9644,0.4,-0.99,1.21,Standing
26.28,1000,249,262,435,480,204,0.0305,0.12,1.0154,-0.05,-0.08,-0.24,Standing
26.3,947,254,233,438,474,183,0.0245,0.0059,0.9997,0.46,-0.39,-1.03,Standing
26.32,974,253,273,426,520,190,-0.0155,-0.03,1.003,-1.84,-0.23,0.68,Standing
26.34,937,234,258,471,518,185,0.027,0.0219,0.9821,0.2,-0.93,-0.45,Standing
26.36,962,238,257,432,492,194,0.0247,0.079,0.9126,0.14,-1.62,-0.4,Standing
26.38,912,263,238,439,495,201,-0.0197,-0.0711,0.979,0.15,2.43,0.85,Standing
26.4,955,233,278,414,494,226,-0.0005,0.0507,1.0338,-1.53,-0.03,1.43,Standing
26.42,957,265,249,433,473,208,0.022,0.0771,0.9819,0.65,1.81,-0.62,Standing
26.44,942,271,250,415,521,200,0.0229,-0.0129,0.9862,0.52,1.57,-0.2,Standing
26.46,945,238,237,466,501,210,0.0299,-0.0292,1.0444,2.43,1.24,1.65,Standing
26.48,972,260,256,470,536,197,0.0111,-0.0014,1.0341,1.03,1.53,-1.07,Standing
26.5,911,215,226,408,525,200,0.033,0.0388,0.9913,0.1,-1.34,-0.48,Standing
26.52,937,247,229,474,496,208,0.0337,-0.0333,0.9309,-1.66,0.65,1.83,Standing
26.54,974,248,265,440,515,231,0.0584,0.0006,0.9754,0.47,1.71,0.77,Standing
26.56,919,243,252,456,505,200,-0.0044,-0.0277,0.9864,-2.09,-1.5,-0.96,Standing
26.58,943,247,254,477,541,223,-0.037,-0.0243,0.9203,0.11,-2.55,-0.3,Standing
26.6,953,238,265,491,543,222,0.0225,0.0145,1.0293,0.2,2.13,0.42,Standing
26.62,892,239,242,502,504,236,0.0201,0.0382,0.9638,-2.24,-1.02,-1.35,Standing
26.64,863,256,236,483,517,218,0.0058,-0.0207,0.9832,-0.81,0.65,-0.36,Standing
26.66,931,213,251,486,522,214,0.0105,-0.0244,0.9702,-0.68,1.32,-1.51,Standing
26.68,917,220,276,433,548,210,0.0515,0.0135,1.0001,1.31,-2.29,0.88,Standing
26.7,832,225,242,476,545,224,0.003,0.0121,1.0095,0.42,0.12,-1.07,Standing
26.72,937,240,274,468,554,229,0.0012,0.0187,0.9629,-0.47,1.07,-0.82,Standing
26.74,906,217,250,517,533,236,0.0048,0.0519,1.0488,-0.9,-0.83,0.33,Standing
26.76,914,252,270,482,533,219,0.0418,0.0286,0.9865,1.19,0.27,0.53,Standing
26.78,942,239,263,461,541,237,-0.024,-0.0056,0.9923,-0.43,1.44,-0.3,Standing
26.8,904,251,276,494,512,229,0.0358,-0.0179,1.0569,0.33,0.08,0.15,Standing
26.82,871,260,229,481,534,203,0.0351,0.0337,0.9864,-0.03,1.07,-0.11,Standing
26.84,937,223,241,495,527,215,0.0093,0.0272,1.0258,-1.45,0.99,0.26,Standing
26.86,842,225,270,464,557,240,0.0276,0.027,0.9963,0.7,1.87,0.13,Standing
26.88,927,227,267,511,511,221,0.0095,0.065,0.9535,-0.35,0.09,0.4,Standing
26.9,945,221,261,509,560,230,0.0172,-0.0095,1.0175,-2.44,-1.78,0.78,Standing
26.92,931,229,271,481,513,214,0.0553,0.0225,1.0562,-0.35,0.7,0.71,Standing
26.94,909,240,227,480,508,234,0.0401,0.0384,0.9779,0.25,0.72,0.53,Standing
26.96,915,234,232,466,512,206,0.0547,-0.0077,1.0089,1.73,0.11,-0.5,Standing
26.98,871,219,254,502,575,233,0.0275,-0.0291,0.9218,0.49,-0.37,0.05,Standing
27.0,916,212,283,512,569,221,0.015,-0.0152,1.0421,-1.14,-2.31,0.07,Standing
27.02,902,227,252,535,521,205,-0.012,0.002,0.9244,-0.44,-0.41,-0.81,Standing
27.04,933,221,246,479,525,230,0.0709,0.0168,0.9976,0.78,-0.84,0.55,Standing
27.06,856,239,293,451,547,235,0.0348,0.0188,0.9781,-0.79,1.16,-0.42,Standing
27.08,900,220,274,470,487,211,0.0414,0.0724,0.9347,0.72,0.09,-0.73,Standing
27.1,916,243,253,497,557,238,0.0103,-0.0022,0.9911,2.14,2.41,0.87,Standing
27.12,910,219,266,484,495,199,0.0635,-0.0305,1.0131,1.55,0.97,0.54,Standing
27.14,912,221,271,476,559,196,-0.0451,0.0013,0.9424,0.88,1.09,0.95,Standing
27.16,877,228,262,454,515,236,0.0594,-0.0286,0.9807,1.4,2.86,0.81,Standing
27.18,886,230,257,508,552,206,-0.0359,-0.0044,1.0653,-1.94,-0.33,0.31,Standing
27.2,905,250,250,465,542,208,0.037,0.0057,1.0538,-1.22,0.26,-0.78,Standing
27.22,938,219,264,511,565,202,0.0229,-0.0067,1.0556,1.65,2.19,0.66,Standing
27.24,856,220,274,477,518,198,0.0082,-0.0018,1.0165,-0.02,0.03,-0.01,Standing
27.26,921,218,271,465,547,209,-0.0066,-0.015,1.0227,0.15,0.94,-0.32,Standing
27.28,885,240,257,452,538,229,-0.0214,0.0337,0.9921,0.7,1.05,0.09,Standing
27.3,865,225,260,452,544,232,0.0338,0.0004,0.9636,0.19,-0.71,-0.88,Standing
27.32,893,222,250,451,492,223,0.0647,-0.0548,1.0177,0.79,1.14,1.5,Standing
27.34,967,239,259,483,525,245,-0.0208,0.069,1.0042,0.84,-0.9,0.03,Standing
27.36,935,231,267,481,535,222,0.0192,0.041,0.9684,0.23,-1.32,0.5,Standing
27.38,905,195,267,496,548,177,0.0199,-0.0666,0.9729,1.36,-2.2,0.17,Standing
27.4,908,211,229,506,509,212,0.0308,0.0065,0.9729,0.71,1.45,0.02,Standing
27.42,900,219,229,413,515,231,-0.0098,0.0125,1.0063,0.18,0.36,-0.01,Standing
27.44,910,222,244,445,536,205,0.0365,0.0115,1.05,0.32,1.48,-1.41,Standing
27.46,897,244,234,455,551,224,0.041,0.0106,0.9989,-1.41,0.63,-0.21,Standing
27.48,931,235,233,479,502,224,0.0318,-0.0314,1.0503,0.27,0.16,0.59,Standing
27.5,914,265,238,465,530,213,-0.0181,-0.0064,0.9821,1.23,0.05,-0.33,Standing
27.52,943,223,241,473,518,227,-0.0086,-0.0116,1.0109,0.58,1.5,-0.53,Standing
27.54,913,235,251,452,489,197,-0.0465,0.023,0.9716,-0.1,2.58,-0.04,Standing
27.56,925,250,220,404,515,207,0.036,0.0174,1.0147,1.89,-1.33,0.88,Standing
27.58,933,249,254,471,485,170,0.0135,0.0303,1.0164,0.17,0.37,1.14,Standing
27.6,964,233,254,455,488,221,-0.0025,0.0255,0.9461,-3.73,-2.21,1.1,Standing
27.62,933,249,246,434,503,182,0.0003,0.0237,0.9311,0.58,0.01,-0.08,Standing
27.64,968,262,217,469,521,204,0.0243,0.0459,1.1148,-0.29,-1.25,-2.52,Standing
27.66,951,242,251,449,509,215,0.0649,0.0707,0.9412,-0.81,-1.19,-0.62,Standing
27.68,942,248,229,469,491,203,0.0251,-0.0215,1.0052,2.17,1.84,0.16,Standing
27.7,914,256,226,421,481,201,0.0602,-0.0204,0.9459,-0.83,-0.1,-0.71,Standing
27.72,975,254,231,430,494,172,0.0229,0.0453,0.9613,-0.95,-1.72,-1.29,Standing
27.74,932,237,237,435,487,170,-0.0321,0.0313,1.0372,0.5,-3.66,1.09,Standing
27.76,985,236,236,441,471,191,0.0373,0.0116,1.0043,-3.03,0.33,0.29,Standing
27.78,988,252,233,389,460,171,0.0473,0.0001,0.9235,-1.53,0.41,-0.02,Standing
27.8,963,273,226,426,498,185,0.0463,-0.0374,0.9877,-0.04,0.35,-0.97,Standing
27.82,956,282,232,419,478,198,0.0456,-0.0084,1.029,1.04,-1.95,-1.01,Standing
27.84,1024,258,218,413,472,190,0.0296,0.0145,1.0421,-0.14,1.76,-0.01,Standing
27.86,972,257,236,417,464,201,-0.0159,0.0159,1.0134,1.4,-0.89,-0.46,Standing
27.88,998,274,196,386,465,206,0.0277,0.0433,0.9965,-1.87,0.61,0.05,Standing
27.9,962,256,246,428,479,200,0.0218,0.0278,1.0182,0.4,0.08,-1.2,Standing
27.92,977,281,246,410,452,171,0.0197,0.0512,1.0533,0.08,2.26,-0.61,Standing
27.94,956,247,234,405,460,174,-0.014,-0.0088,0.9913,1.22,0.14,0.48,Standing
27.96,987,238,196,424,461,174,0.0098,0.0662,1.0019,-0.91,-1.22,0.23,Standing
27.98,1014,286,218,411,457,169,0.0065,-0.0011,1.0028,-0.49,0.26,1.62,Standing
28.0,1035,273,240,413,456,180,0.0141,0.0038,0.9791,0.26,0.49,-0.14,Standing
28.02,1007,284,181,405,457,169,0.0215,0.0199,1.0402,-0.18,2.43,-0.08,Standing
28.04,1004,296,225,398,470,189,0.0184,0.0294,1.0404,-0.5,-1.69,-0.53,Standing
28.06,966,266,218,387,440,159,-0.0095,0.0222,1.069,-0.77,-1.17,-0.25,Standing
28.08,965,259,202,382,434,195,0.0284,0.0392,1.0336,-0.86,-0.1,1.65,Standing
28.1,1043,255,219,350,433,160,-0.0086,-0.0047,0.9348,0.46,-0.78,0.86,Standing
28.12,994,294,204,372,455,194,0.0126,0.0412,1.0246,-1.3,-0.98,0.98,Standing
28.14,992,286,214,378,396,182,-0.0078,-0.0048,0.9958,-1.0,1.65,0.32,Standing
28.16,1024,275,185,351,441,159,0.0399,0.03,0.9704,-1.38,-2.27,0.61,Standing
28.18,1030,275,209,359,409,147,0.078,-0.0095,0.987,-0.99,-1.08,-0.1,Standing
28.2,1017,265,216,374,418,167,0.0123,0.0327,1.1039,0.05,-0.62,-0.4,Standing
28.22,1008,283,190,341,414,178,0.0152,0.0383,0.9911,1.7,0.22,-1.04,Standing
28.24,999,296,200,358,394,150,-0.0125,0.0267,0.9458,0.2,2.2,-0.23,Standing
28.26,1028,284,217,349,430,174,-0.0058,0.015,1.0307,-0.11,0.47,-0.3,Standing
28.28,1011,290,203,331,383,147,0.0316,0.062,0.9553,3.44,1.11,1.23,Standing
28.3,1054,278,202,355,395,159,0.0276,0.0363,0.995,1.08,0.01,0.02,Standing
28.32,1053,290,200,352,424,139,0.0671,-0.0188,1.0427,2.72,1.32,0.24,Standing
28.34,1029,283,224,348,387,172,0.0112,0.0212,0.9609,0.32,-0.61,0.16,Standing
28.36,1013,294,194,372,410,152,0.0365,-0.0104,0.9577,0.65,0.51,-0.31,Standing
28.38,1049,303,197,324,370,140,0.0482,0.0195,0.9677,-0.52,-1.67,-1.23,Standing
28.4,1070,279,168,308,413,125,0.0729,0.0342,0.98,-0.66,1.51,0.69,Standing
28.42,1061,254,199,366,384,153,0.0204,-0.0243,0.9345,0.92,0.64,0.54,Standing
28.44,1032,324,189,342,384,152,0.0288,0.0195,0.9835,1.18,0.01,0.3,Standing
28.46,1091,288,168,353,381,141,0.0699,-0.0173,0.9711,0.64,0.13,-0.87,Standing
28.48,1072,329,178,321,367,137,0.0208,0.0265,0.9829,-2.34,-0.23,-0.62,Standing
28.5,1019,310,184,319,372,163,0.0333,0.0054,0.9858,-0.02,-0.34,0.02,Standing
28.52,1048,280,182,317,417,161,0.0267,0.0216,1.0466,2.06,0.82,-0.31,Standing
28.54,1038,317,196,326,393,134,0.0224,0.0109,1.0095,-0.98,0.85,0.16,Standing
28.56,1069,278,167,296,374,128,-0.0032,0.0586,0.9938,1.68,2.42,-0.26,Standing
28.58,1083,308,186,335,400,114,0.009,0.0279,1.0129,-0.87,1.15,-0.34,Standing
28.6,1044,296,203,338,367,141,0.0465,0.0035,0.9517,-0.57,-2.86,-1.34,Standing
28.62,1052,309,200,305,362,153,0.0271,0.0446,1.0371,0.31,-2.23,0.06,Standing
28.64,1070,326,182,322,368,159,0.0069,-0.0353,0.929,1.52,0.96,0.68,Standing
28.66,1036,308,173,322,411,142,-0.0216,0.0162,1.0303,0.11,-1.06,1.16,Standing
28.68,1063,291,177,317,372,120,0.0369,0.0516,1.037,-0.81,-0.32,-1.27,Standing
28.7,1074,327,154,325,368,140,0.0497,0.0185,1.055,-0.6,1.13,0.27,Standing
28.72,1114,316,186,293,396,164,0.0291,0.0052,1.029,-0.99,-0.68,0.9,Standing
28.74,1061,312,188,309,351,120,0.0127,-0.0206,0.9254,-2.48,-1.11,0.71,Standing
28.76,1032,348,176,298,368,141,-0.0013,0.07,1.0688,0.0,-0.97,1.14,Standing
28.78,1085,312,163,314,353,149,0.011,-0.0292,0.9607,0.01,0.96,0.43,Standing
28.8,1092,318,183,287,382,140,-0.0026,0.0397,1.0133,1.55,1.06,-0.68,Standing
28.82,1135,297,171,342,362,121,0.0268,-0.0117,1.035,0.39,-1.15,-0.1,Standing
28.84,1076,315,155,313,392,144,-0.009,0.0083,0.9508,3.39,-0.65,-0.78,Standing
28.86,1114,327,166,326,366,144,0.0109,0.0059,0.9658,-1.36,-0.64,-0.8,Standing
28.88,1072,320,165,315,375,142,0.0659,0.0336,0.9887,0.83,0.62,-0.88,Standing
28.9,1068,285,169,285,349,161,0.0427,0.0269,1.0335,0.91,1.46,-0.04,Standing
28.92,1078,295,182,318,327,148,-0.0179,-0.0091,1.0018,0.35,-0.87,-1.16,Standing
28.94,1071,307,151,332,389,157,0.0464,0.0092,0.9712,-0.22,2.19,-1.4,Standing
28.96,1083,324,158,313,405,158,0.0157,0.018,1.0186,1.25,0.08,-1.95,Standing
28.98,1063,306,178,335,339,132,0.0284,0.0285,1.0115,1.27,0.4,0.75,Standing
29.0,1029,330,183,292,384,123,0.0479,0.0164,0.9581,-0.18,0.54,0.32,Standing
29.02,1085,313,166,320,331,116,0.0222,-0.0001,0.9801,-1.22,-0.39,1.01,Standing
29.04,1084,309,148,338,359,134,0.053,0.0048,0.9409,-1.23,-0.68,1.01,Standing
29.06,1056,306,187,285,388,142,0.0278,-0.0022,1.0047,-0.17,-0.59,-0.15,Standing
29.08,1071,292,188,309,365,123,0.0495,-0.0016,0.9989,-1.74,-1.35,1.23,Standing
29.1,1106,316,176,322,330,124,0.028,0.0101,1.011,-0.71,-0.91,-0.76,Standing
29.12,1092,319,178,306,351,136,-0.0066,-0.0014,0.9242,-1.9,-0.24,-0.31,Standing
29.14,1061,309,189,337,370,156,0.035,0.0468,0.9441,-0.34,-0.27,0.3,Standing
29.16,1046,325,163,305,388,139,-0.0332,0.0566,1.0066,0.3,-0.81,0.35,Standing
29.18,1051,308,160,304,332,143,0.0399,0.0072,0.958,1.9,1.6,-0.15,Standing
29.2,1051,315,188,285,376,138,0.0011,0.023,0.9522,-1.2,2.51,-0.9,Standing
29.22,1106,323,155,297,403,136,-0.0088,0.0305,1.0471,1.09,0.08,-1.1,Standing
29.24,1044,328,165,313,354,136,0.0137,-0.0508,1.0502,0.6,-0.51,0.11,Standing
29.26,1080,323,179,317,331,135,0.0257,-0.0044,1.0316,0.51,0.36,-0.77,Standing
29.28,1033,304,183,286,371,133,0.0594,0.0395,1.0154,-0.87,-0.18,-2.12,Standing
29.3,1093,332,183,301,406,153,0.0137,-0.0063,1.0318,-0.72,1.54,-0.64,Standing
29.32,1066,326,182,266,395,183,0.0386,0.0129,1.0247,0.53,-0.72,-0.09,Standing
29.34,1062,323,157,342,404,109,0.0313,0.0157,1.0246,1.9,-2.36,0.39,Standing
29.36,1092,281,218,299,359,120,0.0501,-0.0007,1.0962,0.24,0.28,-0.01,Standing
29.38,1082,327,171,292,358,172,-0.0155,0.0074,1.0824,0.45,-0.28,0.29,Standing
29.4,1069,288,214,345,402,153,0.0446,0.0416,1.0187,-0.17,-0.78,-0.03,Standing
29.42,1104,295,187,321,386,158,0.0254,-0.0271,0.9873,1.52,1.14,-0.41,Standing
29.44,1053,312,184,332,359,147,-0.0157,0.0067,1.0222,0.02,0.54,-1.44,Standing
29.46,1073,292,202,354,375,162,0.0597,0.0031,1.0558,-0.5,0.14,-0.93,Standing
29.48,1051,313,207,351,375,153,0.0205,0.0103,0.99,-1.26,2.2,0.05,Standing
29.5,1051,291,192,351,353,138,-0.0077,0.0291,1.0663,0.95,-1.01,-1.34,Standing
29.52,1071,279,167,331,433,153,-0.0131,0.0055,0.9232,-0.72,0.05,0.17,Standing
29.54,1057,308,193,351,390,159,0.0283,0.0011,0.9653,-0.42,-1.2,0.49,Standing
29.56,1064,300,170,344,384,170,0.0711,-0.0423,1.0106,0.45,-1.23,0.11,Standing
29.58,1060,267,204,352,413,156,-0.0059,0.0153,0.9891,1.46,-1.23,-0.39,Standing
29.6,1096,301,168,367,419,132,0.0298,-0.0408,0.9892,0.04,-0.49,-0.79,Standing
29.62,1063,288,168,358,380,160,0.0216,0.0315,1.0487,-0.25,1.95,0.42,Standing
29.64,1027,296,203,375,407,137,-0.0139,-0.0031,1.0025,0.77,0.54,-0.49,Standing
29.66,1043,295,198,340,370,150,0.0507,0.0108,0.9157,0.84,-0.6,0.1,Standing
29.68,1048,305,195,368,432,146,-0.0141,-0.0241,0.9417,-0.71,-1.56,0.01,Standing
29.7,1033,287,214,354,407,163,-0.0046,-0.0157,1.0013,-1.18,0.05,0.89,Standing
29.72,1012,298,200,375,415,139,0.0505,0.0333,0.9846,-0.69,2.78,-0.92,Standing
29.74,1022,314,188,364,365,161,0.0301,0.0134,1.0039,-1.25,-0.85,-0.8,Standing
29.76,1029,301,205,348,433,175,0.0259,-0.0073,0.957,-0.33,-0.67,-0.96,Standing
29.78,1043,279,207,366,405,146,0.0551,-0.0354,1.0563,0.65,-1.86,0.78,Standing
29.8,1034,291,190,352,445,151,-0.0223,0.0305,0.9941,-1.31,1.14,0.31,Standing
29.82,980,290,228,367,387,189,-0.0102,-0.037,0.9626,2.74,2.74,-0.13,Standing
29.84,994,285,197,353,398,151,-0.033,0.0101,1.0543,1.33,1.42,1.27,Standing
29.86,1017,276,210,386,410,148,0.0557,0.0582,1.0574,0.39,0.87,0.61,Standing
29.88,987,278,165,393,437,153,0.0171,0.0371,1.0232,0.58,0.78,-1.34,Standing
29.9,968,276,220,361,439,211,0.0384,0.0277,0.9677,0.55,-1.55,1.11,Standing
29.92,1008,291,210,395,400,205,0.0246,0.0358,1.0495,-1.8,-1.27,-0.49,Standing
29.94,993,249,228,391,449,206,0.0655,0.0091,0.9417,-0.75,-1.32,0.35,Standing
29.96,990,280,219,356,453,180,-0.0278,0.045,1.0345,0.46,-0.64,-0.13,Standing
29.98,1022,267,201,410,412,194,0.004,0.0397,0.9614,2.07,-0.83,-0.56,Standing
30.0,952,293,215,415,462,198,-0.0089,-0.0133,1.0223,0.83,0.88,1.73,Standing
30.02,977,278,211,363,426,171,-0.0265,0.0127,1.0124,-2.15,0.81,-0.09,Standing
30.04,978,273,223,411,447,170,0.0195,0.0376,0.9853,1.93,0.87,-0.62,Standing
30.06,965,260,196,399,507,188,0.0194,0.0402,0.9468,-0.64,-0.14,-0.1,Standing
30.08,971,282,218,379,448,188,0.0126,0.0248,1.0232,-0.3,0.3,1.59,Standing
30.1,981,242,237,412,447,168,-0.0408,0.0422,1.0308,0.09,-1.03,-1.22,Standing
30.12,972,245,225,393,467,166,-0.0081,0.0578,0.9892,1.15,-0.48,-1.03,Standing
30.14,999,259,216,404,453,190,0.0268,-0.0125,1.0022,-0.5,0.26,0.29,Standing
30.16,946,248,234,396,486,211,-0.0071,0.0245,1.018,-0.13,0.96,0.56,Standing
30.18,994,246,228,408,472,185,-0.023,-0.0257,0.9293,1.5,-0.54,0.97,Standing
30.2,940,277,239,416,484,205,0.0319,0.0424,0.9792,0.86,-0.43,-0.51,Standing
30.22,971,285,251,425,439,192,0.0297,0.0602,0.9382,1.2,0.76,1.03,Standing
30.24,971,256,219,423,509,176,0.0909,0.0039,0.9312,0.32,1.63,0.16,Standing
30.26,976,245,235,421,466,206,0.0773,0.0301,0.9727,2.32,-1.61,-0.68,Standing
30.28,943,243,232,404,512,209,0.0238,0.0397,0.9384,-0.9,0.84,-0.04,Standing
30.3,973,258,248,422,467,185,0.007,-0.0501,0.9952,0.95,0.12,-0.65,Standing
30.32,998,219,256,457,480,207,0.0397,0.0179,0.9629,1.67,-0.3,-0.95,Standing
30.34,914,233,249,429,484,223,0.0443,-0.0147,1.0245,-0.31,-0.72,0.51,Standing
30.36,967,228,231,426,489,202,0.0418,0.0287,0.9654,0.14,-1.19,0.52,Standing
30.38,959,247,228,465,511,191,0.0054,0.0143,0.9325,0.89,0.21,-0.21,Standing
30.4,982,225,248,449,519,220,0.0577,-0.0053,1.0645,-0.7,1.19,0.0,Standing
30.42,895,229,227,423,471,207,-0.0063,0.0678,0.9573,-2.0,-0.44,-0.41,Standing
30.44,928,266,231,441,497,170,0.026,-0.0089,1.0349,-0.64,1.37,-0.04,Standing
30.46,916,230,238,444,472,229,0.033,0.0386,1.0454,0.36,1.21,0.19,Standing
30.48,927,232,237,462,457,244,0.0191,0.0881,1.0093,-0.5,-1.0,0.72,Standing
30.5,956,274,247,474,530,195,0.0508,-0.0279,0.9811,-0.18,-0.4,0.81,Standing
30.52,943,248,239,460,512,199,-0.0082,-0.013,0.9996,-1.09,-1.05,1.0,Standing
30.54,887,229,255,447,523,210,-0.0156,-0.0167,0.9877,1.07,-0.86,0.6,Standing
30.56,918,256,232,469,499,209,0.0508,-0.0072,1.0785,-4.13,0.6,1.53,Standing
30.58,899,231,255,471,486,195,0.0145,0.0598,1.0044,1.54,-2.45,0.67,Standing
30.6,931,238,212,447,579,224,-0.0076,0.0338,0.958,-0.89,1.78,0.68,Standing
30.62,918,235,242,448,497,221,0.021,0.0015,1.0423,-0.29,1.34,0.2,Standing
30.64,892,238,268,497,520,221,0.0984,-0.0189,0.9517,-1.06,1.53,0.82,Standing
30.66,894,215,244,467,504,230,0.0119,0.0387,0.9587,-1.28,-0.13,1.0,Standing
30.68,897,238,296,460,539,232,0.0159,0.0155,0.9991,-2.52,1.56,0.07,Standing
30.7,868,209,252,465,547,221,0.0124,0.0392,1.0796,-1.18,1.75,1.44,Standing
30.72,883,191,249,465,567,231,0.0105,-0.0129,0.9896,1.28,0.65,-0.73,Standing
30.74,894,228,290,498,497,210,0.0469,0.0212,1.0373,0.63,1.2,0.87,Standing
30.76,890,237,250,495,569,228,-0.0169,0.0325,0.9733,1.09,1.23,0.03,Standing
30.78,879,210,271,496,549,238,0.0152,0.0043,0.9641,-0.21,-2.43,-0.96,Standing
30.8,922,209,241,500,545,229,0.0628,-0.0185,0.9464,0.94,-0.2,-0.68,Standing
30.82,928,227,276,506,540,227,0.0061,0.0409,1.0388,-0.53,-1.67,0.49,Standing
30.84,886,205,248,489,561,227,0.0192,-0.0016,0.9815,0.21,0.46,-0.01,Standing
30.86,951,198,236,498,578,230,0.0291,0.0786,1.0009,-0.76,0.56,0.93,Standing
30.88,939,236,274,481,529,237,0.0769,-0.0293,0.9644,0.66,-1.05,0.49,Standing
30.9,907,225,289,463,505,208,0.0513,0.0703,0.9836,-1.04,0.21,1.44,Standing
30.92,908,237,250,491,544,221,0.0344,-0.0008,1.0367,0.62,-1.41,-1.04,Standing
30.94,903,207,218,492,526,230,0.0059,0.0681,1.009,-2.36,0.48,-0.5,Standing
30.96,886,230,291,501,544,213,0.016,0.0021,0.9736,-1.79,-0.56,0.72,Standing
30.98,890,227,241,492,529,224,0.0565,0.0443,0.9559,-0.47,-0.31,0.77,Standing
31.0,913,224,252,470,579,215,0.028,0.0384,1.0361,-0.13,-0.0,1.13,Standing
31.02,858,220,278,506,541,218,0.0161,-0.0148,0.9578,0.6,0.54,-1.26,Standing
31.04,891,230,226,486,544,207,0.0418,-0.0053,1.0076,0.28,1.31,-0.11,Standing
31.06,897,232,256,454,507,253,0.0289,0.006,0.9605,-0.47,0.98,1.25,Standing
31.08,898,198,262,480,530,215,-0.0015,0.0111,0.9844,1.65,-0.03,-0.13,Standing
31.1,896,212,263,490,547,228,-0.0458,-0.0036,0.9,-0.68,2.52,0.61,Standing
31.12,908,223,238,467,522,225,0.0214,0.0658,0.9818,-0.34,0.2,-0.49,Standing
31.14,842,241,241,498,533,247,0.0495,-0.032,1.0329,0.15,-1.37,-0.54,Standing
31.16,916,249,253,469,502,214,0.038,0.0973,0.9992,0.48,-0.27,-0.91,Standing
31.18,883,244,228,489,547,207,-0.045,0.0281,1.0264,-3.28,-0.13,0.84,Standing
31.2,892,246,259,525,558,199,-0.018,0.0333,0.957,0.81,3.05,1.02,Standing
31.22,870,251,240,486,558,203,0.0363,0.0559,0.9642,1.02,1.75,0.41,Standing
31.24,928,237,250,469,526,200,0.0152,0.0246,1.013,1.72,1.19,1.25,Standing
31.26,932,213,247,450,528,208,0.0363,0.0117,1.0316,0.67,1.04,1.35,Standing
31.28,894,244,259,487,549,218,-0.0203,0.0361,0.9591,1.84,0.51,0.09,Standing
31.3,886,205,281,478,538,217,0.0251,-0.0483,0.9767,1.61,-2.03,-0.27,Standing
31.32,888,207,248,503,550,217,0.012,-0.0155,1.0172,0.46,1.56,-0.59,Standing
31.34,937,201,237,466,536,224,0.041,-0.0058,1.0251,-0.98,-1.49,-0.22,Standing
31.36,944,227,262,451,541,237,-0.0139,0.0244,1.0281,0.34,-1.73,-0.26,Standing
31.38,934,233,249,507,501,186,0.0118,-0.0083,0.9312,0.7,1.52,-0.8,Standing
31.4,899,217,252,494,500,224,-0.0155,0.0092,0.9711,0.44,0.8,0.32,Standing
31.42,906,229,247,447,477,205,0.0011,0.0141,1.0176,-1.05,-1.13,-0.27,Standing
31.44,934,246,279,458,531,195,-0.0014,-0.0377,1.0017,0.2,-0.16,-0.4,Standing
31.46,907,219,266,460,484,199,0.0286,0.0164,0.9162,0.23,2.39,0.81,Standing
31.48,883,218,243,441,547,214,0.0224,0.0217,1.0036,-1.49,0.65,-0.64,Standing
31.5,909,237,242,452,482,217,0.0078,0.0287,0.9699,-0.8,2.12,1.31,Standing
31.52,898,240,247,471,517,214,0.0328,-0.0001,0.9693,0.96,1.39,-0.53,Standing
31.54,910,251,235,464,519,219,-0.0228,-0.0143,0.9658,1.55,1.23,-1.99,Standing
31.56,910,248,240,451,515,233,0.0223,-0.0015,1.0112,-1.03,1.85,0.02,Standing
31.58,966,243,259,458,539,213,0.0395,-0.0374,1.0358,2.01,-0.75,1.09,Standing
31.6,939,269,254,422,521,225,0.0202,0.0455,1.0316,-2.76,1.38,-0.93,Standing
31.62,942,232,222,464,497,193,0.0512,-0.01,0.9548,1.95,0.59,0.55,Standing
31.64,890,244,211,425,492,203,0.0434,-0.0339,1.0185,-1.53,0.61,-0.2,Standing
31.66,972,257,229,414,486,188,0.0366,0.0041,0.9554,0.47,0.23,0.99,Standing
31.68,893,266,227,422,486,208,0.0641,0.0332,0.976,0.18,0.59,0.91,Standing
31.7,959,279,236,413,492,232,0.0183,-0.0104,0.9789,1.45,0.26,-0.79,Standing
31.72,937,268,234,409,486,176,-0.0456,0.002,0.9669,-3.03,-0.96,-0.04,Standing
31.74,952,225,244,449,488,216,0.0283,-0.0003,0.9972,-0.52,-2.26,0.25,Standing
31.76,941,263,246,421,490,197,0.0265,-0.0246,0.9687,-1.53,-2.6,-0.59,Standing
31.78,982,250,224,430,505,198,-0.0252,0.0087,1.0636,-0.4,1.14,0.15,Standing
31.8,950,250,239,387,436,178,-0.0503,0.0269,0.9731,-0.8,0.22,0.09,Standing
31.82,960,256,245,411,473,177,0.0242,-0.0098,1.0646,1.02,-0.56,1.44,Standing
31.84,955,289,247,441,509,191,0.0393,0.0317,1.0018,-0.68,1.11,0.17,Standing
31.86,965,268,234,414,456,228,-0.0404,-0.0091,0.9897,0.59,-0.84,0.56,Standing
31.88,979,274,234,406,507,189,-0.0145,0.0446,0.9402,-0.98,0.22,-0.09,Standing
31.9,954,240,217,420,456,171,-0.0181,0.0033,0.9776,-0.78,0.9,0.36,Standing
31.92,984,276,244,382,481,190,0.0382,-0.0035,1.0324,-0.73,-0.4,-0.54,Standing
31.94,969,270,187,407,462,177,0.0281,0.0473,1.0076,0.65,1.56,-0.51,Standing
31.96,1001,266,212,417,469,177,0.028,-0.0413,1.0164,-1.64,-1.63,0.81,Standing
31.98,976,252,229,378,464,166,0.0239,0.0459,0.9928,-0.54,-0.85,1.07,Standing
32.0,141,1,23,5,44,0,-0.0583,0.3591,0.9662,29.78,3.09,19.44,Walking
32.02,374,0,18,0,0,0,0.0531,0.4099,1.1734,28.6,27.22,8.05,Walking
32.04,828,3,0,0,0,0,0.0034,0.5932,1.2525,42.17,32.51,16.18,Walking
32.06,1520,0,4,0,0,20,0.0055,0.4293,1.4128,31.27,50.93,-3.51,Walking
32.08,2294,0,30,1,0,0,-0.048,0.5436,1.4754,28.08,79.45,9.54,Walking
32.1,2728,83,0,14,0,0,0.1521,0.568,1.5531,28.13,108.41,-3.12,Walking
32.12,2845,83,57,0,0,1,0.272,0.5297,1.6763,15.47,111.56,-2.94,Walking
32.14,2346,213,107,0,0,0,0.1436,0.5498,1.6839,20.65,125.1,-23.91,Walking
32.16,1613,413,191,0,1,32,0.2276,0.7077,1.7253,9.02,123.87,-20.96,Walking
32.18,865,739,326,0,33,6,0.266,0.4877,1.652,9.36,145.66,-21.79,Walking
32.2,348,1015,520,13,11,36,0.2696,0.4927,1.5508,16.51,141.76,-23.35,Walking
32.22,148,1249,760,0,0,42,0.0843,0.5739,1.4307,5.31,158.1,-28.19,Walking
32.24,17,1445,983,33,36,21,0.1313,0.4945,1.2556,9.05,172.22,-26.66,Walking
32.26,0,1372,1121,149,116,28,0.2447,0.3824,1.0706,1.29,175.83,-35.75,Walking
32.28,0,1141,1100,251,116,19,0.2444,0.4953,1.0142,-0.79,164.45,-38.68,Walking
32.3,36,854,915,470,302,0,0.2432,0.4235,0.7574,-6.44,182.97,-36.7,Walking
32.32,0,558,719,806,566,0,0.2332,0.1917,0.7797,-23.27,180.73,-41.16,Walking
32.34,0,313,506,1241,885,0,0.1585,0.2874,0.486,-5.03,163.94,-34.98,Walking
32.36,21,176,272,1684,1436,0,0.1862,0.2523,0.5085,-15.83,153.24,-37.1,Walking
32.38,0,54,136,2115,1939,35,0.2111,-0.0784,0.4021,-12.49,144.01,-34.42,Walking
32.4,0,18,74,2465,2524,0,0.1623,0.0336,0.3324,-15.43,132.66,-41.94,Walking
32.42,31,0,24,2594,2916,0,0.1413,0.0526,0.259,-20.14,106.57,-43.38,Walking
32.44,0,5,10,2512,3117,134,0.1025,0.021,0.4111,-26.42,124.64,-38.12,Walking
32.46,0,0,0,2220,3009,295,0.072,-0.2281,0.4611,-29.3,104.31,-29.36,Walking
32.48,0,0,0,1807,2697,559,0.0833,-0.3299,0.5876,-17.11,49.21,-28.11,Walking
32.5,0,0,15,1341,2205,1030,0.0643,-0.1244,0.6137,-27.64,58.74,-36.63,Walking
32.52,0,7,0,922,1683,1649,-0.0424,-0.2173,0.6959,-26.79,41.22,-34.17,Walking
32.54,8,11,0,508,1117,2141,0.057,-0.5622,0.7877,-23.89,30.53,-20.73,Walking
32.56,0,32,12,358,674,2224,-0.0236,-0.4391,1.0061,-25.94,9.19,-24.84,Walking
32.58,10,0,0,149,386,1983,0.0637,-0.4066,1.1891,-29.62,-12.84,-12.24,Walking
32.6,0,1,0,23,203,1430,-0.0577,-0.6211,1.3486,-42.66,-29.02,-12.92,Walking
32.62,12,15,33,52,101,807,-0.1863,-0.611,1.4562,-18.22,-54.22,-8.45,Walking
32.64,0,0,0,0,68,343,-0.1393,-0.6942,1.6331,-22.58,-66.5,-1.57,Walking
32.66,0,17,33,34,60,166,-0.0681,-0.5428,1.426,-26.4,-113.51,5.84,Walking
32.68,0,0,15,0,3,12,-0.2223,-0.6603,1.5276,-26.06,-124.05,4.29,Walking
32.7,0,14,5,11,0,19,-0.0687,-0.7071,1.3578,-21.74,-129.54,17.78,Walking
32.72,5,6,4,0,15,22,-0.1728,-0.5615,1.8059,-17.87,-134.82,19.85,Walking
32.74,0,1,15,9,76,19,-0.2485,-0.5973,1.4599,-18.56,-162.35,8.36,Walking
32.76,17,0,11,37,1,12,-0.1772,-0.5787,1.4817,-14.42,-163.38,25.44,Walking
32.78,62,26,0,18,31,20,-0.2347,-0.3812,1.3675,-7.19,-184.29,27.01,Walking
32.8,38,0,0,55,8,48,-0.268,-0.5163,1.1948,-9.68,-182.99,20.18,Walking
32.82,0,36,0,0,11,0,-0.2426,-0.4653,0.901,3.01,-178.64,31.55,Walking
32.84,0,16,0,33,0,46,-0.2962,-0.3758,0.8689,4.46,-169.69,29.14,Walking
32.86,10,0,0,21,0,10,-0.2253,-0.3935,0.6465,2.14,-195.78,46.26,Walking
32.88,0,0,0,0,0,6,-0.3541,-0.2007,0.679,-1.82,-162.38,38.81,Walking
32.9,77,19,0,19,0,2,-0.2461,-0.3905,0.6544,8.73,-167.84,36.13,Walking
32.92,0,13,0,0,0,7,-0.2375,-0.1612,0.4773,15.68,-154.94,38.44,Walking
32.94,15,2,0,2,43,27,-0.2519,-0.0798,0.5319,21.12,-153.97,43.83,Walking
32.96,9,0,10,0,37,0,-0.197,0.1614,0.1629,27.84,-136.2,44.66,Walking
32.98,5,4,20,62,52,40,-0.1434,0.0032,0.3849,16.22,-121.34,41.79,Walking
33.0,61,1,12,44,0,61,-0.1299,-0.011,0.5272,27.65,-94.45,33.17,Walking
33.02,28,0,9,10,0,47,-0.1505,0.0828,0.2375,26.57,-88.47,39.48,Walking
33.04,0,0,4,0,23,0,-0.0954,0.2323,0.5982,37.3,-71.03,28.17,Walking
33.06,15,0,36,0,27,33,-0.1734,0.4183,0.6673,18.39,-45.3,27.53,Walking
33.08,0,29,0,0,57,21,-0.1122,0.3815,0.6484,16.92,-21.12,21.92,Walking
33.1,6,0,21,13,24,11,0.0284,0.4641,0.9041,27.95,1.15,26.12,Walking
33.12,149,0,0,18,6,0,-0.0128,0.2027,1.0614,37.06,9.81,15.06,Walking
33.14,528,19,7,30,16,0,0.0352,0.4444,1.1596,32.18,19.5,19.83,Walking
33.16,1050,13,11,29,24,2,0.0196,0.4595,1.3601,24.23,38.32,11.38,Walking
33.18,1924,36,8,0,0,0,0.0043,0.5201,1.3989,29.34,87.62,8.0,Walking
33.2,2546,22,0,0,29,20,0.2698,0.5263,1.3909,41.04,92.59,-1.47,Walking
33.22,2850,89,29,12,0,0,0.1007,0.5266,1.4716,25.89,116.37,-5.91,Walking
33.24,2628,186,62,12,34,3,0.1164,0.5305,1.5745,22.61,113.37,-3.19,Walking
33.26,2024,310,137,3,0,0,0.1518,0.5306,1.8894,27.17,140.64,-13.93,Walking
33.28,1174,561,231,0,55,0,0.241,0.6262,1.6012,16.18,159.07,-20.13,Walking
33.3,646,864,402,27,6,20,0.1422,0.6523,1.5407,21.36,174.25,-33.12,Walking
33.32,240,1160,619,0,0,0,0.2249,0.5692,1.5134,6.53,172.57,-22.63,Walking
33.34,142,1357,896,95,37,44,0.0926,0.5071,1.2532,7.59,164.78,-19.56,Walking
33.36,28,1398,1039,62,52,44,0.2227,0.4666,0.8962,2.49,157.97,-36.45,Walking
33.38,0,1269,1157,163,127,5,0.2682,0.5006,1.0665,-10.23,189.0,-36.93,Walking
33.4,0,1005,1043,373,182,0,0.3202,0.2341,0.8108,1.77,179.9,-33.57,Walking
33.42,0,728,800,586,399,33,0.1302,0.3838,0.7951,-6.58,178.54,-27.36,Walking
33.44,22,441,589,1001,743,23,0.2606,0.431,0.6979,-9.16,189.74,-42.36,Walking
33.46,26,263,342,1384,1074,41,0.2422,0.2749,0.4106,-12.67,151.17,-40.41,Walking
33.48,0,129,233,1861,1564,45,0.2613,0.0678,0.4456,-18.17,157.96,-33.61,Walking
33.5,31,49,85,2305,2173,0,0.2012,0.0514,0.3604,-20.68,167.36,-45.49,Walking
33.52,30,36,45,2563,2692,21,0.2288,0.1747,0.334,-21.92,119.2,-37.62,Walking
33.54,21,0,0,2574,3035,24,0.1519,-0.17,0.3663,-28.77,122.31,-36.93,Walking
33.56,29,0,11,2415,3072,156,0.1591,-0.2412,0.319,-24.56,95.29,-40.34,Walking
33.58,13,10,46,2076,2903,368,0.0942,-0.1517,0.2734,-18.5,79.35,-41.91,Walking
33.6,25,22,24,1574,2478,722,0.0535,-0.2181,0.4402,-27.85,62.21,-33.99,Walking
33.62,0,22,28,1128,1978,1302,0.1179,-0.1649,0.5522,-29.15,51.48,-27.12,Walking
33.64,6,0,0,750,1362,1914,0.1486,-0.2987,0.778,-24.35,33.27,-21.7,Walking
33.66,32,0,0,377,942,2279,0.047,-0.3585,1.059,-33.2,5.9,-26.2,Walking
33.68,15,0,0,267,483,2205,-0.0047,-0.2521,1.1991,-27.04,1.57,-13.25,Walking
33.7,0,19,12,115,323,1733,-0.0276,-0.2725,1.2249,-37.18,-39.13,-22.23,Walking
33.72,0,0,2,71,146,1146,-0.1231,-0.3996,1.3702,-16.92,-39.39,-9.69,Walking
33.74,28,27,15,4,58,539,-0.0859,-0.479,1.4721,-32.8,-76.0,-3.92,Walking
33.76,46,0,41,33,49,241,-0.2511,-0.6513,1.636,-25.69,-75.64,-0.05,Walking
33.78,3,7,31,31,10,41,-0.1672,-0.5573,1.7021,-10.01,-132.41,2.81,Walking
33.8,43,8,23,0,0,21,-0.1588,-0.5259,1.6534,-23.38,-112.46,8.65,Walking
33.82,29,3,0,3,9,26,-0.1983,-0.6617,1.575,-33.35,-153.18,12.59,Walking
33.84,0,0,22,44,24,13,-0.1077,-0.3825,1.5194,-18.52,-154.46,14.93,Walking
33.86,24,27,3,42,25,15,-0.268,-0.5063,1.5298,-7.98,-172.25,17.2,Walking
33.88,30,0,0,0,37,0,-0.1996,-0.4989,1.4358,-5.1,-162.26,22.72,Walking
33.9,26,15,7,26,39,0,-0.255,-0.45,1.2067,-11.61,-164.59,27.41,Walking
33.92,59,0,0,40,0,20,-0.321,-0.531,1.3163,-3.36,-202.0,38.77,Walking
33.94,31,33,10,0,0,0,-0.3393,-0.4198,1.0923,0.5,-182.95,39.97,Walking
33.96,0,0,0,3,0,0,-0.2266,-0.2859,0.8539,2.88,-178.8,43.43,Walking
33.98,0,19,0,18,45,27,-0.1264,-0.3708,0.7136,3.98,-174.87,39.1,Walking
34.0,49,0,18,11,0,4,-0.2995,-0.2207,0.4789,13.29,-167.76,44.53,Walking
34.02,41,10,0,52,1,11,-0.1839,-0.2186,0.6075,13.74,-166.36,38.55,Walking
34.04,0,0,19,5,0,47,-0.1765,-0.2168,0.2904,14.23,-174.52,40.75,Walking
34.06,25,8,6,0,34,4,-0.2381,-0.0116,0.3386,8.11,-141.21,47.63,Walking
34.08,18,0,0,8,0,0,-0.2405,-0.055,0.4392,34.93,-139.75,34.37,Walking
34.1,13,0,15,31,0,0,-0.0994,0.082,0.1208,22.96,-124.24,31.72,Walking
34.12,0,40,8,13,4,0,-0.1946,0.1271,0.3336,20.94,-99.16,31.72,Walking
34.14,0,24,2,49,13,17,-0.2046,0.206,0.5204,27.48,-71.88,41.86,Walking
34.16,82,0,19,0,0,0,-0.0618,0.2067,0.7227,34.27,-48.56,35.1,Walking
34.18,18,0,12,0,0,0,-0.0098,0.2137,0.5949,24.99,-31.81,27.1,Walking
34.2,4,0,0,55,18,27,0.0758,0.3867,0.845,25.46,-31.57,26.75,Walking
34.22,33,0,8,6,0,18,-0.0925,0.4089,0.8878,43.25,-0.55,24.78,Walking
34.24,304,0,0,18,0,19,-0.1175,0.3488,1.1294,24.17,21.45,18.37,Walking
34.26,744,0,0,43,0,33,0.019,0.425,1.3912,31.71,49.17,10.44,Walking
34.28,1410,0,18,0,7,5,0.0731,0.4141,1.3884,32.04,47.11,3.55,Walking
34.3,2194,37,15,0,0,3,0.1259,0.5796,1.4644,34.2,80.52,13.16,Walking
34.32,2784,68,22,13,7,0,0.1878,0.6498,1.6421,28.15,90.18,0.88,Walking
34.34,2864,130,21,8,4,5,0.1913,0.7318,1.7081,17.64,102.29,-12.28,Walking
34.36,2425,217,90,6,0,19,0.1792,0.5569,1.6314,14.86,108.04,-6.83,Walking
34.38,1676,413,144,0,10,0,0.2249,0.6018,1.7639,15.94,109.86,-13.87,Walking
34.4,901,688,320,0,13,4,0.1963,0.5207,1.6148,14.35,155.18,-19.96,Walking
34.42,450,1005,512,19,0,10,0.1772,0.3658,1.5894,9.21,154.88,-19.61,Walking
34.44,163,1208,764,0,21,5,0.2611,0.5618,1.5188,11.78,172.73,-25.64,Walking
34.46,27,1412,965,41,49,0,0.2678,0.7606,1.3548,13.09,162.52,-34.22,Walking
34.48,35,1353,1065,113,60,32,0.1574,0.4861,1.1698,5.0,169.67,-35.45,Walking
34.5,14,1145,1044,274,110,10,0.1972,0.5794,0.9606,-2.46,157.78,-32.29,Walking
34.52,9,896,972,468,250,0,0.2367,0.3748,0.9026,-6.36,174.89,-33.46,Walking
34.54,25,603,750,790,484,0,0.1597,0.2661,0.7914,3.29,172.2,-38.24,Walking
34.56,0,386,492,1153,865,0,0.2881,0.2499,0.6493,-12.97,170.76,-42.86,Walking
34.58,32,130,300,1612,1326,51,0.1935,0.24,0.5429,-12.67,173.71,-35.63,Walking
34.6,0,114,125,2054,1893,22,0.2232,0.1012,0.4957,-15.75,152.46,-43.19,Walking
34.62,0,47,67,2455,2408,0,0.1356,0.0212,0.4526,-15.85,136.42,-46.42,Walking
34.64,0,29,42,2575,2842,0,0.3163,-0.0311,0.4944,-29.18,141.17,-44.57,Walking
34.66,0,0,17,2573,3060,31,0.139,-0.1218,0.5373,-23.49,100.03,-41.11,Walking
34.68,37,0,0,2322,3031,247,0.0223,-0.0719,0.449,-19.35,89.53,-33.27,Walking
34.7,0,0,0,1870,2695,513,0.1654,-0.0488,0.5052,-23.93,75.94,-39.5,Walking
34.72,47,45,6,1369,2256,1018,0.0437,-0.3731,0.7996,-20.14,51.26,-34.01,Walking
34.74,0,46,0,940,1692,1562,0.0,-0.3314,0.7179,-29.07,20.15,-28.36,Walking
34.76,0,37,8,630,1162,2135,0.0089,-0.2905,0.8605,-35.97,9.26,-18.26,Walking
34.78,59,4,0,381,675,2286,-0.0322,-0.3186,1.0792,-33.55,-7.91,-12.4,Walking
34.8,0,23,9,183,387,2077,-0.0599,-0.6131,1.2937,-35.43,-19.88,-10.02,Walking
34.82,0,0,0,101,226,1440,-0.0536,-0.4337,1.2679,-34.87,-27.52,-15.1,Walking
34.84,0,0,0,27,133,888,0.0824,-0.5544,1.3915,-33.55,-52.77,-10.08,Walking
34.86,0,1,0,16,56,393,-0.2089,-0.4748,1.4071,-31.51,-69.29,-2.62,Walking
34.88,0,0,7,42,15,128,-0.1815,-0.4862,1.4842,-30.15,-114.83,4.55,Walking
34.9,8,9,0,56,31,26,-0.1745,-0.713,1.506,-17.97,-131.54,3.55,Walking
34.92,0,3,0,0,23,34,-0.179,-0.6017,1.6512,-19.42,-130.8,13.2,Walking
34.94,0,41,0,0,31,26,-0.2917,-0.6054,1.7125,-15.05,-144.57,22.04,Walking
34.96,6,19,0,0,9,0,-0.2527,-0.3831,1.5832,-7.38,-168.6,17.23,Walking
34.98,77,0,7,45,29,5,-0.1397,-0.3627,1.4358,0.93,-152.64,26.21,Walking
35.0,25,24,24,19,20,42,-0.2948,-0.6287,1.1624,-8.69,-171.33,25.5,Walking
35.02,45,55,0,5,23,0,-0.2799,-0.3648,1.2102,-1.38,-176.85,34.57,Walking
35.04,0,15,14,29,0,0,-0.2619,-0.5806,1.2484,-5.96,-174.87,35.78,Walking
35.06,0,28,0,18,44,9,-0.2677,-0.377,1.0715,1.82,-186.75,37.75,Walking
35.08,24,3,0,23,0,0,-0.3207,-0.3777,0.8904,10.75,-174.47,44.99,Walking
35.1,0,5,0,16,23,0,-0.3285,-0.3792,0.7151,8.87,-180.41,39.24,Walking
35.12,12,49,20,23,27,0,-0.2859,-0.2445,0.6011,12.68,-168.55,30.47,Walking
35.14,0,25,6,68,46,6,-0.3485,-0.0641,0.4065,11.53,-172.85,45.39,Walking
35.16,72,9,27,2,0,24,-0.257,-0.0913,0.5401,17.95,-144.23,39.28,Walking
35.18,7,3,6,0,7,0,-0.1629,0.0307,0.2274,19.91,-145.55,40.91,Walking
35.2,0,0,16,28,29,24,-0.2136,-0.1507,0.3366,29.59,-128.16,37.65,Walking
35.22,0,0,0,21,40,3,-0.1649,0.0374,0.4337,28.21,-107.36,36.72,Walking
35.24,0,0,0,0,0,19,-0.1069,0.163,0.4924,36.6,-89.78,36.82,Walking
35.26,0,8,0,18,0,0,-0.1121,0.2695,0.4616,21.3,-68.48,22.95,Walking
35.28,23,0,31,0,0,0,0.0045,0.2501,0.8414,33.35,-66.68,32.31,Walking
35.3,54,0,8,2,11,0,-0.0776,0.3333,0.7796,28.93,-36.21,29.57,Walking
35.32,11,23,12,7,30,29,-0.0044,0.4435,0.8586,29.97,-9.51,28.65,Walking
35.34,179,0,0,0,0,32,-0.1368,0.5615,0.9553,24.14,1.67,23.83,Walking
35.36,439,0,0,0,2,18,-0.0572,0.4571,1.2374,30.74,6.88,18.89,Walking
35.38,1018,9,0,44,4,14,0.0549,0.5322,1.2011,22.93,41.37,9.32,Walking
35.4,1787,42,17,0,0,38,0.0798,0.5137,1.432,27.55,70.3,8.11,Walking
35.42,2467,27,5,21,0,0,0.0036,0.547,1.7188,28.84,98.26,-1.72,Walking
35.44,2823,76,34,0,0,42,0.2026,0.4317,1.6594,29.79,93.24,-4.89,Walking
35.46,2786,97,47,0,0,0,0.1389,0.56,1.7815,19.32,106.1,-15.43,Walking
35.48,2147,293,145,27,0,22,0.1112,0.5208,1.6245,27.59,110.08,-8.53,Walking
35.5,1311,530,188,0,0,37,0.2051,0.4406,1.7252,14.65,151.43,-17.32,Walking
35.52,643,840,375,7,0,42,0.1772,0.5525,1.5754,8.21,152.31,-20.31,Walking
35.54,303,1103,640,69,0,0,0.1915,0.5436,1.4104,20.43,168.29,-24.02,Walking
35.56,158,1331,852,0,0,0,0.2516,0.4575,1.384,7.02,180.89,-23.02,Walking
35.58,0,1422,1042,96,85,31,0.1884,0.4471,1.1512,5.89,182.81,-34.32,Walking
35.6,10,1297,1104,147,69,33,0.3094,0.2979,0.981,2.33,181.74,-37.1,Walking
35.62,0,1064,1035,297,184,0,0.3269,0.1974,0.8346,3.39,181.34,-40.8,Walking
35.64,0,777,867,560,334,19,0.2356,0.4344,0.8489,-0.23,182.72,-40.83,Walking
35.66,0,440,590,945,632,28,0.2423,0.278,0.4754,-1.66,176.42,-45.16,Walking
35.68,17,261,416,1404,1038,5,0.314,0.1432,0.549,-2.69,174.77,-48.41,Walking
35.7,75,95,232,1780,1537,4,0.2958,0.1703,0.3933,-16.28,164.06,-39.84,Walking
35.72,0,37,79,2234,2153,0,0.2716,0.0943,0.4537,-12.68,161.88,-47.5,Walking
35.74,27,21,47,2533,2673,20,0.1902,-0.1763,0.2492,-23.84,132.18,-40.78,Walking
35.76,16,0,28,2564,3003,16,0.1817,-0.0602,0.3899,-19.99,114.8,-44.8,Walking
35.78,33,0,81,2413,3105,137,0.148,-0.139,0.4616,-26.93,99.7,-42.92,Walking
35.8,6,0,0,2062,2926,285,0.1306,-0.115,0.4473,-23.12,93.2,-33.1,Walking
35.82,0,0,34,1668,2523,680,0.0432,-0.138,0.5198,-24.21,65.76,-27.44,Walking
35.84,0,0,0,1156,2007,1240,0.0177,-0.2952,0.5445,-17.62,50.44,-28.89,Walking
35.86,51,0,12,750,1460,1867,0.1243,-0.3655,0.8041,-26.2,36.74,-36.32,Walking
35.88,25,33,14,495,911,2290,0.0158,-0.3238,0.903,-23.09,3.86,-27.84,Walking
35.9,0,0,0,296,625,2245,0.0524,-0.577,0.9807,-34.26,-0.55,-16.52,Walking
35.92,2,20,0,171,336,1743,-0.0771,-0.4928,1.0105,-26.81,-29.79,-7.34,Walking
35.94,0,11,8,51,159,1191,-0.0251,-0.4498,1.4565,-23.78,-67.11,-12.23,Walking
35.96,0,7,29,65,72,615,-0.0891,-0.5399,1.4119,-20.9,-63.75,1.33,Walking
35.98,5,28,0,5,12,309,-0.2028,-0.4188,1.5465,-25.03,-73.52,-2.47,Walking
36.0,0,5,0,11,80,0,-0.1741,-0.5499,1.6025,-31.41,-117.49,-4.78,Walking
36.02,0,0,0,11,0,0,-0.2573,-0.637,1.5319,-25.46,-134.58,15.72,Walking
36.04,33,0,3,0,13,6,-0.2945,-0.6385,1.6154,-13.65,-126.04,12.58,Walking
36.06,0,22,0,55,9,0,-0.2015,-0.4551,1.5224,-20.37,-152.63,24.4,Walking
36.08,0,28,12,0,0,0,-0.1556,-0.4029,1.6321,-20.79,-160.98,18.51,Walking
36.1,10,23,4,24,0,0,-0.2671,-0.6308,1.408,-19.56,-166.65,17.63,Walking
36.12,17,0,14,13,13,0,-0.1691,-0.5243,1.4417,-10.22,-172.84,29.26,Walking
36.14,58,48,14,14,2,43,-0.2469,-0.2856,1.1202,-1.99,-179.57,32.0,Walking
36.16,4,0,3,0,15,5,-0.0947,-0.471,1.1875,-6.97,-178.6,33.4,Walking
36.18,7,0,13,0,0,19,-0.2896,-0.3613,0.9522,-2.1,-180.18,34.15,Walking
36.2,70,7,11,35,1,0,-0.2922,-0.4034,0.7067,15.15,-172.79,35.38,Walking
36.22,0,5,0,0,5,15,-0.2411,-0.2941,0.4234,5.8,-171.85,42.84,Walking
36.24,0,0,4,0,0,5,-0.2508,-0.2033,0.5755,10.96,-177.2,32.87,Walking
36.26,51,0,0,4,0,24,-0.2371,-0.1063,0.5235,9.12,-152.21,40.26,Walking
36.28,9,35,21,0,0,10,-0.2758,-0.0838,0.1437,12.64,-139.7,45.63,Walking
36.3,0,3,26,17,10,18,-0.247,0.032,0.2762,22.97,-133.27,38.01,Walking
36.32,0,31,26,23,24,44,-0.1113,-0.0424,0.4563,14.1,-103.34,36.96,Walking
36.34,23,33,0,27,45,46,-0.1073,0.1182,0.2872,24.92,-106.63,38.33,Walking
36.36,0,0,15,26,29,0,-0.1575,0.1337,0.5124,23.88,-86.97,35.85,Walking
36.38,0,0,13,26,15,0,-0.0884,0.142,0.609,26.65,-68.44,32.75,Walking
36.4,0,8,0,27,38,0,-0.0424,0.3136,0.707,29.92,-41.34,31.06,Walking
36.42,23,5,5,26,30,0,-0.1139,0.4961,0.7716,24.81,-25.32,24.69,Walking
36.44,28,0,26,0,0,0,-0.0912,0.5275,0.9486,29.7,26.52,23.21,Walking
36.46,269,0,5,23,0,39,0.0327,0.3856,1.1213,31.78,6.5,14.23,Walking
36.48,704,0,21,0,0,4,-0.0839,0.5269,1.3198,20.57,14.58,9.77,Walking
36.5,1311,25,0,35,23,0,0.0881,0.4729,1.3969,25.52,46.99,7.02,Walking
36.52,2162,2,38,49,0,0,0.0948,0.6068,1.4713,32.89,73.9,-1.2,Walking
36.54,2670,18,8,0,28,2,0.1717,0.4791,1.7657,20.07,91.17,1.2,Walking
36.56,2904,96,4,3,31,0,0.1375,0.5088,1.8362,25.39,112.55,-5.54,Walking
36.58,2574,219,50,0,0,36,0.1679,0.4876,1.7578,25.51,130.36,-16.01,Walking
36.6,1792,394,150,16,0,0,0.21,0.3306,1.4571,22.59,138.92,-20.06,Walking
36.62,993,670,278,17,54,0,0.3454,0.451,1.6987,12.66,151.82,-8.31,Walking
36.64,465,941,458,73,0,0,0.2708,0.4957,1.3839,17.01,160.39,-17.89,Walking
36.66,146,1230,748,32,0,0,0.1523,0.5574,1.2596,10.85,193.51,-28.58,Walking
36.68,64,1381,954,24,59,0,0.1782,0.4439,1.1477,8.58,163.66,-26.91,Walking
36.7,46,1371,1060,72,86,8,0.2485,0.3396,1.3043,3.04,185.14,-22.92,Walking
36.72,25,1167,1065,222,127,0,0.2487,0.2303,1.0438,-6.87,187.45,-30.93,Walking
36.74,8,938,982,405,273,0,0.2703,0.2966,0.8054,2.74,187.17,-29.13,Walking
36.76,22,596,761,742,482,0,0.2448,0.1789,0.6604,-1.45,176.34,-36.03,Walking
36.78,30,342,526,1155,834,0,0.1067,0.3063,0.5823,-7.77,164.43,-39.5,Walking
36.8,44,186,257,1574,1262,0,0.2587,0.2662,0.4316,-11.2,156.67,-40.49,Walking
36.82,31,83,181,2102,1845,3,0.2951,0.1215,0.3136,-16.93,142.97,-35.89,Walking
36.84,28,49,80,2383,2408,0,0.1674,0.1752,0.335,-22.65,144.93,-46.65,Walking
36.86,0,0,69,2576,2808,0,0.194,-0.1143,0.4642,-28.18,130.03,-41.77,Walking
36.88,0,8,30,2522,3129,94,0.1981,-0.0446,0.5702,-19.34,113.2,-41.14,Walking
36.9,0,0,19,2278,3049,160,0.0626,-0.3102,0.3128,-23.26,91.41,-35.31,Walking
36.92,0,0,0,1858,2823,454,0.124,-0.2081,0.4177,-28.91,63.26,-34.3,Walking
36.94,0,11,0,1455,2361,914,0.178,-0.3044,0.5323,-27.33,54.31,-27.34,Walking
36.96,0,23,0,941,1766,1553,-0.0372,-0.2048,0.5921,-22.3,27.95,-25.09,Walking
36.98,19,0,33,649,1228,2087,0.0094,-0.4377,0.8311,-21.18,29.72,-24.55,Walking
37.0,0,14,44,339,760,2290,-0.0652,-0.3601,0.7349,-23.3,9.33,-30.21,Walking
37.02,9,1,0,218,425,2076,-0.0446,-0.3896,1.2425,-21.89,-15.39,-22.12,Walking
37.04,0,0,0,58,259,1496,-0.0438,-0.4926,1.242,-19.28,-33.91,-10.62,Walking
37.06,33,26,17,64,171,915,-0.0703,-0.7027,1.4372,-27.36,-60.79,-1.04,Walking
37.08,0,26,0,0,38,440,-0.0644,-0.4844,1.4396,-31.49,-59.57,1.63,Walking
37.1,49,1,7,0,70,186,-0.0717,-0.4922,1.4105,-29.09,-87.31,-1.26,Walking
37.12,0,41,0,18,7,0,-0.1716,-0.4911,1.6026,-18.28,-108.48,10.75,Walking
37.14,33,2,9,0,0,0,-0.0737,-0.4888,1.678,-23.74,-134.9,5.32,Walking
37.16,4,0,1,0,0,9,-0.2622,-0.4466,1.4863,-21.42,-151.17,15.13,Walking
37.18,0,0,12,0,25,2,-0.1685,-0.5882,1.4949,-23.12,-164.41,20.19,Walking
37.2,0,3,7,5,23,2,-0.1696,-0.4878,1.4649,-9.56,-146.12,19.77,Walking
37.22,9,23,17,45,0,22,-0.2195,-0.4571,1.599,-8.64,-169.12,24.16,Walking
37.24,54,2,0,40,58,53,-0.2584,-0.4977,1.3463,-3.59,-166.98,31.94,Walking
37.26,0,23,0,7,49,20,-0.3162,-0.3343,1.0091,-0.6,-179.93,29.0,Walking
37.28,52,33,0,13,0,25,-0.2366,-0.2957,1.0283,-0.14,-180.47,35.68,Walking
37.3,0,4,3,0,46,53,-0.2967,-0.2758,0.84,8.43,-181.63,37.97,Walking
37.32,0,0,3,0,0,24,-0.239,-0.161,0.751,2.2,-162.19,45.43,Walking
37.34,17,18,15,14,0,0,-0.2411,-0.1916,0.5466,6.8,-191.41,46.6,Walking
37.36,34,0,0,0,23,0,-0.2768,-0.1869,0.4412,19.54,-149.38,35.95,Walking
37.38,0,0,0,0,47,11,-0.1847,-0.085,0.4206,26.54,-163.24,37.54,Walking
37.4,0,18,9,47,22,2,-0.2196,-0.0435,0.3591,13.77,-147.43,35.52,Walking
37.42,53,7,26,0,0,0,-0.2419,0.0365,0.2121,26.7,-105.88,39.16,Walking
37.44,18,3,26,21,5,0,-0.1975,0.0318,0.4823,14.48,-103.35,32.63,Walking
37.46,0,10,0,13,33,0,-0.208,0.0322,0.4475,23.06,-94.71,38.93,Walking
37.48,0,27,0,10,6,0,-0.064,0.1917,0.4964,26.96,-90.18,29.32,Walking
37.5,9,25,11,70,0,8,-0.0883,0.2414,0.5124,33.25,-38.64,27.6,Walking
37.52,84,1,0,0,26,39,-0.021,0.3526,0.7649,27.77,-18.23,25.88,Walking
37.54,16,74,7,37,0,0,-0.1022,0.414,0.9257,35.7,-12.5,19.08,Walking
37.56,193,0,5,0,43,0,0.0192,0.4411,1.0175,41.9,7.34,14.57,Walking
37.58,501,0,0,0,0,29,0.1047,0.3763,1.1441,23.51,16.62,15.99,Walking
37.6,987,27,0,22,12,23,0.0483,0.5296,1.3714,19.37,54.52,20.88,Walking
37.62,1627,0,19,0,0,0,0.0909,0.5326,1.4803,21.53,52.44,6.46,Walking
37.64,2408,15,0,0,64,0,0.1329,0.4469,1.5994,25.84,73.34,1.82,Walking
37.66,2860,47,0,0,44,0,0.061,0.4819,1.7341,30.45,101.18,-3.52,Walking
37.68,2769,143,58,0,8,0,0.1869,0.4281,1.7492,18.11,107.83,-4.94,Walking
37.7,2248,284,101,2,45,24,0.1998,0.5268,1.582,17.73,120.21,-9.62,Walking
37.72,1425,514,205,20,0,2,0.2288,0.5495,1.5393,18.51,150.25,-8.61,Walking
37.74,729,791,347,0,0,0,0.2435,0.5833,1.6505,12.84,155.16,-19.21,Walking
37.76,315,1062,580,49,0,23,0.2161,0.5122,1.5245,12.4,161.05,-28.19,Walking
37.78,123,1292,823,21,0,0,0.2347,0.5638,1.3721,9.88,154.12,-23.15,Walking
37.8,66,1387,1040,81,16,0,0.1553,0.4432,1.1587,-0.47,176.1,-35.22,Walking
37.82,0,1344,1103,206,55,3,0.1994,0.4892,1.2137,-0.08,182.82,-36.63,Walking
37.84,0,1093,1088,280,204,21,0.2943,0.3798,1.0647,2.79,191.32,-29.79,Walking
37.86,0,784,855,553,393,4,0.2442,0.3133,0.9666,2.53,173.19,-31.41,Walking
37.88,0,479,624,868,603,15,0.1023,0.2982,0.5845,-10.76,185.69,-35.92,Walking
37.9,50,275,445,1269,1011,1,0.1986,0.3806,0.5281,-14.48,142.92,-39.61,Walking
37.92,2,128,223,1749,1493,0,0.2345,0.2767,0.4094,-14.02,155.29,-41.4,Walking
37.94,0,55,111,2194,2082,3,0.1648,0.2636,0.5293,-11.11,153.7,-35.81,Walking
37.96,0,4,37,2457,2626,0,0.2261,0.134,0.332,-9.41,121.71,-39.12,Walking
37.98,0,0,1,2596,2966,0,0.1501,0.1292,0.26,-19.86,119.49,-41.57,Walking
38.0,9,2,10,2494,3123,91,0.1016,-0.0623,0.3169,-26.05,133.31,-37.37,Walking
38.02,32,2,29,2119,2903,313,0.1191,-0.1605,0.3341,-24.81,102.11,-42.24,Walking
38.04,40,29,12,1673,2551,641,0.0497,-0.1483,0.4819,-27.1,87.06,-31.66,Walking
38.06,0,1,0,1240,2073,1200,0.1333,-0.2627,0.6024,-40.05,48.24,-26.59,Walking
38.08,0,27,0,775,1561,1811,0.0674,-0.2234,0.6469,-24.95,30.09,-26.44,Walking
38.1,20,0,39,487,993,2275,0.1437,-0.3954,0.8071,-32.62,14.64,-24.11,Walking
38.12,36,0,0,303,602,2243,0.099,-0.3681,0.9821,-36.28,-1.19,-24.33,Walking
38.14,49,26,0,185,335,1897,0.0342,-0.4003,1.3131,-42.14,-41.62,-14.83,Walking
38.16,5,0,8,60,184,1256,-0.0888,-0.4528,1.3754,-37.52,-53.97,-7.59,Walking
38.18,9,34,0,8,56,698,-0.0406,-0.5672,1.6609,-32.49,-65.15,-1.35,Walking
38.2,26,0,1,0,83,316,-0.1004,-0.5725,1.4266,-25.93,-94.81,-3.09,Walking
38.22,0,5,14,0,36,117,-0.1472,-0.5567,1.6971,-21.06,-102.06,-0.84,Walking
38.24,4,0,0,0,47,17,-0.131,-0.5841,1.5464,-22.75,-118.33,15.21,Walking
38.26,43,0,0,15,33,16,-0.2474,-0.5581,1.6917,-11.69,-137.5,9.46,Walking
38.28,0,40,0,24,0,22,-0.1834,-0.5889,1.6955,-9.84,-139.8,20.16,Walking
38.3,32,4,0,0,2,0,-0.1541,-0.5407,1.5169,-18.88,-162.71,16.92,Walking
38.32,0,0,11,52,12,0,-0.3745,-0.5907,1.322,-13.17,-162.29,20.12,Walking
38.34,28,9,0,45,16,21,-0.1757,-0.5867,1.266,-11.64,-171.71,29.91,Walking
38.36,41,2,5,0,35,0,-0.1766,-0.2957,1.2518,-11.17,-182.1,33.25,Walking
38.38,45,56,0,0,0,14,-0.2089,-0.3722,1.0936,-1.28,-181.76,39.37,Walking
38.4,0,15,13,25,23,0,-0.1763,-0.4382,0.7734,12.59,-186.31,37.61,Walking
38.42,0,1,0,0,23,0,-0.2753,-0.3329,0.6464,13.18,-175.91,34.96,Walking
38.44,36,0,22,3,0,0,-0.1643,-0.2496,0.6955,10.37,-163.39,44.74,Walking
38.46,0,0,49,32,35,0,-0.2359,-0.131,0.6013,14.44,-161.29,33.2,Walking
38.48,0,58,26,0,0,7,-0.2644,-0.2499,0.5005,13.94,-163.34,33.83,Walking
38.5,10,0,0,0,3,7,-0.1931,-0.0243,0.2463,23.52,-137.79,43.88,Walking
38.52,0,17,0,9,0,0,-0.0809,-0.0711,0.3789,21.69,-134.58,38.34,Walking
38.54,19,0,13,0,63,17,-0.1231,0.0327,0.4634,11.37,-106.27,43.72,Walking
38.56,4,28,0,42,25,45,-0.183,0.087,0.4608,26.54,-118.04,33.95,Walking
38.58,0,0,11,0,0,20,-0.1429,0.1378,0.5837,30.3,-78.51,35.11,Walking
38.6,25,16,12,56,28,49,-0.0743,0.233,0.7538,26.28,-66.98,29.05,Walking
38.62,0,32,4,10,29,0,-0.0432,0.3044,0.6485,37.63,-48.57,24.63,Walking
38.64,0,24,13,33,0,15,-0.018,0.3863,0.8355,32.4,-25.65,27.61,Walking
38.66,39,0,0,18,8,0,-0.0075,0.3816,1.0181,24.44,-1.4,23.74,Walking
38.68,289,17,0,37,0,0,-0.0513,0.5414,1.0019,32.06,7.94,11.18,Walking
38.7,563,4,0,0,0,0,-0.0114,0.3243,1.1441,31.08,37.31,13.69,Walking
38.72,1334,25,0,49,0,13,-0.0368,0.6052,1.4878,34.19,44.59,0.63,Walking
38.74,2008,23,0,31,0,17,0.1179,0.4248,1.6215,24.4,67.35,3.35,Walking
38.76,2672,59,3,31,28,4,0.1704,0.5514,1.6465,28.7,79.92,-3.71,Walking
38.78,2903,118,0,59,0,0,0.1401,0.521,1.5652,18.31,118.65,-7.2,Walking
38.8,2592,191,30,55,0,17,0.0286,0.4633,1.6042,32.73,133.4,-9.92,Walking
38.82,1862,358,137,0,0,19,0.1671,0.5483,1.6728,17.7,129.35,-22.73,Walking
38.84,1053,583,236,54,0,0,0.2915,0.3968,1.6748,14.75,145.1,-9.26,Walking
38.86,609,920,427,27,12,0,0.1608,0.513,1.4502,13.14,146.45,-24.55,Walking
38.88,313,1219,728,6,0,14,0.2861,0.5043,1.3641,14.57,159.57,-27.04,Walking
38.9,52,1399,947,42,41,0,0.2614,0.5475,1.2538,-4.64,168.75,-25.68,Walking
38.92,31,1375,1066,120,21,0,0.184,0.5401,1.2321,7.59,191.17,-28.87,Walking
38.94,0,1194,1102,156,128,0,0.1798,0.4284,1.1293,3.35,193.2,-24.87,Walking
38.96,0,970,979,367,192,4,0.2083,0.3778,0.9351,3.51,168.69,-34.64,Walking
38.98,0,620,799,693,507,0,0.3519,0.2757,0.8217,-16.36,181.45,-38.07,Walking
39.0,13,364,537,1032,769,0,0.2918,0.2879,0.513,-6.85,169.59,-38.17,Walking
39.02,0,213,338,1498,1190,22,0.2946,0.1,0.4972,-17.73,169.35,-46.98,Walking
39.04,0,72,142,1957,1770,15,0.1084,0.1251,0.3672,-19.33,157.6,-35.35,Walking
39.06,1,47,60,2297,2296,57,0.1671,0.1332,0.2599,-22.69,156.47,-42.54,Walking
39.08,51,0,46,2632,2762,0,0.171,0.0697,0.5631,-26.81,118.41,-39.77,Walking
39.1,28,0,19,2565,3034,27,0.1256,-0.1049,0.2699,-16.99,104.42,-31.53,Walking
39.12,0,0,3,2345,3086,170,0.1029,-0.1154,0.3552,-22.56,89.72,-43.15,Walking
39.14,4,0,0,1917,2820,413,0.1069,-0.2501,0.435,-27.65,81.53,-33.59,Walking
39.16,5,0,16,1493,2386,885,0.0039,-0.2429,0.5711,-28.27,52.64,-35.84,Walking
39.18,0,0,0,1035,1808,1459,0.0275,-0.1915,0.5095,-21.75,52.38,-27.86,Walking
39.2,23,8,0,612,1296,2052,-0.0283,-0.4844,0.8758,-25.81,27.86,-26.9,Walking
39.22,3,0,0,407,797,2317,0.0558,-0.4167,0.9056,-34.17,1.58,-17.86,Walking
39.24,6,0,0,196,463,2117,-0.209,-0.2189,1.2487,-23.74,-26.36,-14.78,Walking
39.26,45,0,11,93,249,1581,-0.1393,-0.6329,1.2204,-29.0,-57.63,-11.86,Walking
39.28,0,0,6,66,120,970,-0.0707,-0.4517,1.2571,-28.41,-54.93,-9.24,Walking
39.3,0,0,0,0,67,556,-0.0375,-0.4164,1.5144,-31.21,-82.03,2.39,Walking
39.32,15,0,0,0,28,151,0.0367,-0.533,1.4725,-21.27,-111.55,2.78,Walking
39.34,0,0,0,47,0,51,-0.0896,-0.4934,1.5435,-18.8,-109.68,6.16,Walking
39.36,0,27,0,12,36,0,-0.1579,-0.3929,1.6664,-24.85,-106.8,4.45,Walking
39.38,0,0,0,0,34,1,-0.1327,-0.5025,1.6455,-16.17,-136.81,7.56,Walking
39.4,0,15,0,0,0,0,-0.2486,-0.4511,1.6055,-11.21,-156.36,12.76,Walking
39.42,0,0,8,58,67,42,-0.1209,-0.4289,1.5848,-15.07,-162.96,16.92,Walking
39.44,24,0,0,0,0,9,-0.2391,-0.4524,1.4021,-14.97,-161.63,26.71,Walking
39.46,0,0,8,25,0,0,-0.2655,-0.3543,1.2077,-21.45,-178.79,39.45,Walking
39.48,1,12,3,0,28,11,-0.12,-0.4721,1.2355,0.02,-180.94,38.21,Walking
39.5,60,18,0,37,0,0,-0.2687,-0.4315,0.9581,-12.11,-188.8,33.88,Walking
39.52,35,22,21,14,22,0,-0.3225,-0.2849,0.9084,-1.99,-168.05,36.31,Walking
39.54,7,0,0,14,12,0,-0.3056,-0.3641,0.8392,13.85,-169.71,42.11,Walking
39.56,42,13,4,15,10,0,-0.2255,-0.2205,0.5602,-1.96,-163.35,42.17,Walking
39.58,31,26,19,41,5,27,-0.213,-0.2262,0.5438,10.08,-144.75,46.63,Walking
39.6,59,20,0,39,7,25,-0.2552,-0.1283,0.5162,23.61,-158.85,46.48,Walking
39.62,0,13,0,0,0,19,-0.2797,-0.1299,0.3747,14.6,-130.61,35.75,Walking
39.64,0,0,0,0,20,0,-0.2223,-0.0593,0.3075,22.36,-136.21,38.19,Walking
39.66,0,0,0,0,0,28,-0.0909,0.0456,0.5202,27.48,-117.23,31.14,Walking
39.68,12,0,1,0,0,1,-0.1654,0.0774,0.5968,16.76,-96.47,48.87,Walking
39.7,0,32,0,16,46,0,-0.0955,0.2855,0.5859,19.11,-90.73,29.22,Walking
39.72,0,17,23,22,13,0,-0.1498,0.1604,0.6958,32.34,-47.4,20.06,Walking
39.74,0,0,0,0,33,31,0.0214,0.2612,0.8071,28.36,-42.2,23.84,Walking
39.76,6,17,34,26,0,0,-0.0144,0.2753,0.9241,27.09,-11.03,18.74,Walking
39.78,180,8,0,24,29,0,-0.0206,0.5091,0.9289,29.99,-22.26,13.3,Walking
39.8,429,0,0,0,19,3,0.1139,0.4543,1.2249,31.69,19.52,20.82,Walking
39.82,876,0,0,14,46,5,0.1348,0.4425,1.1709,27.95,51.08,11.75,Walking
39.84,1553,1,0,6,0,1,0.069,0.6605,1.5506,33.45,74.41,4.36,Walking
39.86,2369,32,0,37,0,0,0.1636,0.4091,1.5703,32.22,90.36,10.67,Walking
39.88,2832,22,0,19,53,0,0.1233,0.4021,1.504,26.41,109.27,11.15,Walking
39.9,2868,137,27,0,48,0,0.0889,0.5425,1.6096,24.48,102.25,-2.81,Walking
39.92,2309,243,82,23,0,6,0.2706,0.5286,1.6816,17.51,130.77,-5.44,Walking
39.94,1529,467,172,0,0,0,0.1088,0.6609,1.6082,24.55,144.23,-13.7,Walking
39.96,804,747,334,0,42,51,0.1699,0.5743,1.5557,12.24,144.47,-25.58,Walking
39.98,333,1058,564,0,0,0,0.2278,0.6337,1.5706,14.83,180.04,-30.76,Walking
40.0,179,1340,812,9,0,4,0.2716,0.3774,1.4959,12.09,174.73,-22.95,Walking
40.02,62,1396,1009,80,87,14,0.21,0.3972,1.2244,12.84,172.65,-27.76,Walking
40.04,0,1340,1103,142,58,0,0.2859,0.3949,1.1939,8.48,181.99,-40.16,Walking
40.06,14,1109,1077,248,191,36,0.2252,0.1954,0.8747,-6.03,189.2,-30.73,Walking
40.08,47,775,921,549,315,4,0.2866,0.5081,0.8869,-2.88,168.63,-37.37,Walking
40.1,27,511,677,806,551,0,0.2667,0.1555,0.8264,-5.79,181.96,-32.91,Walking
40.12,0,322,471,1272,952,0,0.1154,0.2925,0.6426,-11.84,178.82,-37.5,Walking
40.14,10,147,255,1773,1437,1,0.2713,0.1174,0.5203,-8.26,158.73,-35.69,Walking
40.16,0,64,112,2176,1992,0,0.1518,0.1341,0.5027,-15.81,165.82,-44.35,Walking
40.18,0,39,43,2527,2576,44,0.2243,0.1109,0.4601,-23.26,145.82,-37.92,Walking
40.2,0,0,5,2608,2963,48,0.2521,-0.0491,0.3662,-17.74,121.7,-44.43,Walking
40.22,20,14,37,2442,3118,104,0.15,0.0797,0.4992,-26.81,98.65,-42.54,Walking
40.24,19,14,0,2222,3024,269,0.1494,-0.0729,0.4769,-18.83,92.54,-32.72,Walking
40.26,28,0,36,1735,2629,593,0.0157,-0.156,0.4452,-22.84,86.18,-27.56,Walking
40.28,0,0,5,1290,2141,1083,0.1029,-0.2892,0.6833,-18.43,58.93,-34.91,Walking
40.3,58,0,18,836,1550,1777,0.0623,-0.2089,0.8011,-15.12,28.48,-27.64,Walking
40.32,18,0,17,505,1028,2183,-0.062,-0.306,0.8879,-33.91,-4.28,-22.52,Walking
40.34,42,10,2,236,623,2249,-0.0972,-0.3886,1.1017,-27.68,-18.48,-17.02,Walking
40.36,0,0,0,211,326,1956,-0.0351,-0.5531,1.1743,-33.98,-26.45,-15.79,Walking
40.38,7,0,0,90,201,1284,-0.0774,-0.5401,1.3451,-34.83,-33.77,-10.51,Walking
40.4,0,0,35,47,67,743,-0.0637,-0.4845,1.3498,-18.89,-64.03,-8.09,Walking
40.42,0,0,26,2,81,336,-0.1429,-0.508,1.4022,-27.75,-82.37,-3.05,Walking
40.44,37,60,0,31,0,141,-0.1248,-0.6162,1.6728,-24.32,-92.19,7.13,Walking
40.46,0,0,0,64,0,48,-0.1428,-0.6127,1.5652,-20.84,-114.39,12.84,Walking
40.48,5,1,0,67,0,1,-0.1421,-0.4757,1.6225,-24.19,-134.09,17.26,Walking
40.5,0,18,23,0,0,0,-0.2256,-0.5532,1.6527,-16.75,-124.34,17.2,Walking
40.52,0,0,29,0,0,20,-0.1848,-0.5088,1.5294,-5.56,-155.16,20.23,Walking
40.54,0,5,0,10,29,0,-0.2871,-0.4492,1.4723,-11.95,-147.71,29.75,Walking
40.56,27,3,0,30,32,40,-0.2564,-0.3864,1.3143,-7.97,-182.36,24.11,Walking
40.58,23,0,0,21,65,0,-0.3144,-0.5402,1.2844,-5.16,-168.23,39.18,Walking
40.6,33,0,14,72,0,36,-0.24,-0.5231,1.1628,-1.01,-178.62,30.58,Walking
40.62,4,23,0,11,49,11,-0.1677,-0.3092,0.9967,-5.24,-176.77,42.19,Walking
40.64,48,0,18,14,0,0,-0.1716,-0.3228,0.6784,4.46,-180.96,34.09,Walking
40.66,36,0,21,0,56,0,-0.2623,-0.2501,0.6727,19.21,-175.53,40.65,Walking
40.68,8,14,0,0,0,0,-0.2265,-0.1955,0.5325,7.75,-185.28,37.49,Walking
40.7,17,16,8,0,64,0,-0.1895,-0.2442,0.5253,13.85,-150.87,37.63,Walking
40.72,15,62,0,26,6,23,-0.1529,-0.0673,0.4303,17.79,-144.55,29.31,Walking
40.74,41,0,9,39,19,0,-0.1339,-0.1582,0.4044,16.6,-140.17,38.79,Walking
40.76,21,0,0,3,0,21,-0.1901,0.0421,0.422,29.75,-118.86,39.81,Walking
40.78,31,19,1,0,0,0,-0.1334,0.3079,0.2644,22.97,-102.97,36.52,Walking
40.8,0,6,0,21,24,38,-0.1593,0.2641,0.5549,26.41,-84.6,36.99,Walking
40.82,0,0,25,0,45,25,-0.0945,0.2739,0.544,29.83,-56.48,31.32,Walking
40.84,5,0,3,0,60,0,-0.0741,0.2483,0.5939,33.24,-48.83,24.37,Walking
40.86,0,0,10,17,0,0,0.0116,0.4755,0.8438,18.47,-14.91,16.07,Walking
40.88,0,23,0,0,65,20,0.0339,0.2836,0.9796,26.15,-20.82,25.5,Walking
40.9,237,16,4,31,50,0,0.004,0.4354,1.0564,27.69,14.71,17.51,Walking
40.92,525,0,5,0,40,0,0.0376,0.4252,1.2393,30.27,23.8,12.07,Walking
40.94,1155,0,0,0,0,12,0.0352,0.5013,1.3943,29.35,54.25,-1.29,Walking
40.96,1910,15,10,33,0,0,0.009,0.5457,1.5954,21.9,63.47,3.78,Walking
40.98,2625,37,16,21,1,0,0.2172,0.4764,1.4664,26.74,77.37,6.56,Walking
41.0,2888,76,31,0,0,0,0.1797,0.6113,1.6065,14.04,105.02,-5.52,Walking
41.02,2544,192,52,0,2,0,0.1393,0.6379,1.5781,26.7,111.63,-8.31,Walking
41.04,1924,377,102,30,28,0,0.2643,0.4375,1.7106,18.05,141.6,-20.94,Walking
41.06,1124,547,280,0,12,0,0.307,0.4559,1.4902,14.13,158.27,-13.39,Walking
41.08,590,846,467,53,0,20,0.13,0.5672,1.5613,19.19,148.28,-28.92,Walking
41.1,259,1213,651,10,33,6,0.287,0.4242,1.4117,14.26,164.26,-14.59,Walking
41.12,137,1366,897,89,66,21,0.1868,0.4348,1.2978,13.09,179.47,-26.44,Walking
41.14,60,1386,1067,82,92,33,0.3196,0.412,1.2039,-2.94,168.6,-28.96,Walking
41.16,5,1236,1113,192,57,34,0.2092,0.3765,1.0114,2.03,181.92,-19.65,Walking
41.18,0,967,1002,386,203,0,0.1721,0.359,0.8974,-4.97,173.21,-38.57,Walking
41.2,27,714,788,660,424,0,0.2049,0.3553,0.5908,-3.17,177.36,-39.58,Walking
41.22,30,418,568,1055,722,0,0.2261,0.2884,0.5058,-12.41,165.9,-36.64,Walking
41.24,14,210,349,1497,1144,0,0.237,0.3834,0.5849,-9.97,149.35,-35.27,Walking
41.26,0,95,174,1936,1686,34,0.2427,0.168,0.4502,-16.14,169.05,-36.45,Walking
41.28,21,30,45,2334,2189,0,0.2566,0.0437,0.4649,-17.47,158.81,-39.96,Walking
41.3,0,0,24,2569,2741,32,0.2166,0.0174,0.397,-17.84,135.65,-44.88,Walking
41.32,0,25,0,2613,2986,41,0.1314,-0.0146,0.4692,-18.55,109.0,-41.13,Walking
41.34,0,4,0,2391,3051,151,0.1226,-0.012,0.3859,-26.07,113.16,-42.5,Walking
41.36,0,7,0,1991,2903,405,0.1016,-0.1793,0.4154,-26.18,93.15,-36.61,Walking
41.38,0,0,1,1547,2427,818,0.1391,-0.2573,0.6175,-23.74,64.63,-28.17,Walking
41.4,0,0,0,1086,1848,1380,0.0966,-0.2835,0.5693,-32.45,54.03,-25.39,Walking
41.42,0,0,15,674,1300,1961,-0.0287,-0.408,0.7788,-29.61,22.11,-32.38,Walking
41.44,6,0,17,454,881,2267,-0.0602,-0.4456,0.8816,-32.4,9.16,-28.16,Walking
41.46,30,6,5,158,505,2134,0.0579,-0.2856,0.9857,-39.31,-15.73,-18.23,Walking
41.48,0,0,0,112,245,1633,-0.1008,-0.5711,1.2835,-32.51,-20.03,-7.18,Walking
41.5,0,2,0,32,108,1092,-0.1298,-0.4661,1.3066,-22.16,-60.67,-13.32,Walking
41.52,0,0,0,39,0,557,-0.0827,-0.6269,1.4782,-25.43,-73.01,-5.64,Walking
41.54,0,12,33,28,44,238,-0.1356,-0.6143,1.3955,-25.28,-79.48,0.03,Walking
41.56,12,5,19,0,0,0,-0.1545,-0.5362,1.6096,-24.24,-124.26,-4.25,Walking
41.58,0,0,33,33,0,33,-0.1146,-0.6813,1.8199,-16.54,-115.82,10.12,Walking
41.6,34,13,0,0,17,0,-0.0717,-0.5853,1.5318,-25.04,-149.73,10.13,Walking
41.62,0,0,0,18,1,10,-0.1326,-0.4376,1.6775,-10.99,-149.82,12.76,Walking
41.64,34,18,0,50,0,35,-0.1897,-0.4462,1.628,-5.71,-187.94,21.02,Walking
41.66,74,20,5,2,30,30,-0.2225,-0.5402,1.3861,-5.5,-168.08,23.82,Walking
41.68,0,19,8,15,32,0,-0.2668,-0.3466,1.2859,-2.11,-185.24,29.29,Walking
41.7,0,0,0,2,40,0,-0.2504,-0.4768,1.1824,9.84,-184.09,37.1,Walking
41.72,36,30,2,69,0,47,-0.1991,-0.3805,0.8324,-0.14,-170.68,40.56,Walking
41.74,0,10,0,8,2,19,-0.2304,-0.5137,0.8528,3.7,-181.86,36.33,Walking
41.76,26,14,0,5,0,28,-0.1705,-0.3549,0.8254,7.86,-179.24,46.28,Walking
41.78,0,0,5,0,0,33,-0.2423,-0.3097,0.7345,11.74,-175.15,32.7,Walking
41.8,61,8,24,0,0,0,-0.2141,-0.2843,0.4569,20.42,-175.59,44.36,Walking
41.82,0,22,0,0,0,0,-0.274,-0.0691,0.3668,12.75,-146.71,45.33,Walking
41.84,0,11,0,23,0,0,-0.2492,-0.1052,0.3606,19.88,-148.43,43.22,Walking
41.86,0,10,0,0,0,0,-0.1796,0.1054,0.3429,26.64,-117.6,41.43,Walking
41.88,12,0,0,4,0,33,-0.1651,0.0606,0.3907,21.44,-108.37,41.66,Walking
41.9,32,11,15,0,0,13,-0.2122,0.0449,0.3715,24.68,-120.26,29.86,Walking
41.92,48,11,0,0,53,0,-0.154,0.077,0.5207,15.64,-80.6,32.87,Walking
41.94,0,36,0,0,1,0,-0.1709,0.2243,0.6749,21.53,-66.29,37.42,Walking
41.96,0,3,0,15,19,6,-0.079,0.2612,0.6391,29.1,-50.17,28.86,Walking
41.98,0,19,21,0,31,0,-0.0125,0.3905,0.8269,27.17,-27.38,23.26,Walking
42.0,161,0,0,0,23,0,0.111,0.4365,0.9637,32.34,1.96,24.96,Walking
42.02,360,12,39,14,0,0,-0.0696,0.4017,0.9431,38.81,30.82,14.11,Walking
42.04,788,26,21,0,59,0,0.0697,0.5474,1.2874,39.83,44.03,2.72,Walking
42.06,1488,0,0,0,0,11,0.0454,0.485,1.4806,27.68,62.4,-6.09,Walking
42.08,2265,24,0,0,11,13,0.079,0.6385,1.5654,31.06,84.95,1.88,Walking
42.1,2796,57,35,0,0,0,0.1003,0.4733,1.6167,27.34,101.75,4.59,Walking
42.12,2835,125,34,0,0,58,0.1391,0.511,1.5757,20.99,121.27,-10.62,Walking
42.14,2344,251,79,0,0,27,0.2935,0.6236,1.6902,14.21,126.93,-6.99,Walking
42.16,1539,454,193,0,0,0,0.1189,0.6438,1.6296,18.24,150.45,-21.85,Walking
42.18,828,709,320,0,24,0,0.2278,0.4515,1.5455,16.6,158.87,-22.1,Walking
42.2,387,1008,497,0,20,24,0.239,0.4782,1.5275,12.88,158.69,-27.61,Walking
42.22,128,1256,745,0,13,22,0.2322,0.5757,1.4422,4.84,159.71,-24.86,Walking
42.24,93,1385,970,53,0,0,0.2254,0.3646,1.288,0.05,176.04,-34.18,Walking
42.26,8,1312,1100,165,67,0,0.2224,0.4252,1.1567,-1.7,167.47,-30.76,Walking
42.28,46,1119,1068,249,124,16,0.1529,0.5334,0.9583,-6.47,164.12,-27.7,Walking
42.3,22,841,939,446,285,18,0.3087,0.3488,0.7981,1.93,176.56,-40.5,Walking
42.32,0,553,721,783,502,0,0.1654,0.2142,0.6177,-6.39,192.06,-51.08,Walking
42.34,9,306,439,1180,912,0,0.321,0.2321,0.704,-16.1,168.24,-40.88,Walking
42.36,0,198,274,1713,1402,36,0.0772,0.0744,0.4748,-13.01,165.2,-47.6,Walking
42.38,0,81,148,2120,1976,0,0.2492,0.1716,0.3888,-13.75,136.65,-46.37,Walking
42.4,0,15,64,2443,2513,43,0.1675,0.0547,0.2979,-20.8,122.02,-31.53,Walking
42.42,83,13,38,2567,2872,0,0.179,0.0014,0.3512,-19.02,121.77,-40.21,Walking
42.44,33,0,12,2532,3106,67,0.2598,0.119,0.3052,-20.62,118.4,-32.53,Walking
42.46,61,16,36,2215,3046,270,0.2128,-0.157,0.349,-32.83,99.56,-26.89,Walking
42.48,5,17,14,1742,2662,517,0.1414,-0.1916,0.472,-32.29,73.41,-35.99,Walking
42.5,10,0,0,1321,2198,1079,0.0265,-0.2286,0.7671,-30.4,39.2,-26.26,Walking
42.52,12,8,0,935,1636,1720,0.0316,-0.3399,0.7264,-27.65,49.06,-24.89,Walking
42.54,0,0,11,560,1111,2142,0.0191,-0.3063,0.8954,-22.81,35.03,-22.63,Walking
42.56,2,0,0,301,698,2269,0.0518,-0.4275,1.0586,-29.62,-6.58,-21.48,Walking
42.58,22,9,0,172,411,1985,0.0779,-0.3345,1.2216,-27.31,-32.04,-15.06,Walking
42.6,1,0,40,91,205,1388,-0.0417,-0.6223,1.3599,-36.65,-50.31,-10.9,Walking
42.62,14,0,0,9,112,814,-0.1267,-0.6454,1.5476,-32.49,-69.82,-2.66,Walking
42.64,0,1,9,13,24,364,-0.0638,-0.6184,1.3751,-25.05,-81.61,-0.38,Walking
42.66,2,20,0,4,9,157,-0.0848,-0.5357,1.5288,-19.33,-111.34,1.78,Walking
42.68,3,22,0,39,0,7,-0.2098,-0.5007,1.5205,-22.0,-108.79,7.36,Walking
42.7,54,1,0,2,0,16,-0.0806,-0.5122,1.7122,-19.79,-123.14,11.6,Walking
42.72,33,15,0,18,0,0,-0.2344,-0.6618,1.5806,-11.01,-151.48,17.35,Walking
42.74,50,39,3,47,0,0,-0.1832,-0.555,1.6714,-17.98,-159.3,19.98,Walking
42.76,30,30,8,0,0,9,-0.1657,-0.4875,1.3534,-7.9,-170.8,27.96,Walking
42.78,16,16,0,0,39,0,-0.1771,-0.4221,1.4451,-9.48,-173.89,23.39,Walking
42.8,0,15,0,0,0,26,-0.2676,-0.5148,1.1726,-18.71,-182.27,32.7,Walking
42.82,0,22,3,0,0,20,-0.3798,-0.5105,1.07,3.79,-183.71,35.71,Walking
42.84,0,25,0,63,0,28,-0.2379,-0.2661,0.9594,-0.13,-186.61,44.69,Walking
42.86,0,0,12,40,9,0,-0.201,-0.4446,0.7678,11.09,-183.24,39.31,Walking
42.88,39,0,24,0,0,39,-0.2829,-0.3095,0.7134,5.61,-173.98,42.8,Walking
42.9,22,0,21,0,53,0,-0.2231,-0.2813,0.5528,13.26,-167.35,45.99,Walking
42.92,62,0,0,0,0,0,-0.2838,-0.2171,0.2825,14.74,-146.96,32.68,Walking
42.94,15,0,0,0,0,0,-0.2347,-0.2098,0.4853,15.67,-152.22,40.4,Walking
42.96,0,13,0,2,0,9,-0.1703,-0.163,0.4299,12.73,-140.51,42.11,Walking
42.98,0,34,0,3,19,5,-0.0699,-0.0007,0.4936,31.24,-130.52,36.31,Walking
43.0,0,0,0,35,0,0,-0.2157,0.0982,0.378,22.95,-101.86,38.08,Walking
43.02,36,23,0,29,12,0,-0.1548,0.2694,0.414,22.0,-81.21,28.45,Walking
43.04,28,8,0,33,0,1,-0.1305,0.2427,0.3882,33.88,-87.3,41.3,Walking
43.06,0,19,3,57,0,44,-0.1851,0.2544,0.5019,25.6,-45.3,34.97,Walking
43.08,4,4,0,0,0,5,-0.0733,0.3393,0.6389,31.69,-33.44,25.18,Walking
43.1,0,29,13,22,54,4,-0.0466,0.255,0.8772,34.27,-23.96,29.12,Walking
43.12,252,10,15,0,11,0,0.0213,0.2987,1.1758,24.03,-1.94,18.24,Walking
43.14,511,15,0,0,23,0,0.0179,0.5537,1.3763,29.1,15.78,17.03,Walking
43.16,1083,42,0,3,44,27,0.1088,0.368,1.5147,34.82,69.26,4.85,Walking
43.18,1815,5,28,32,5,43,0.2165,0.3743,1.669,29.89,59.77,9.1,Walking
43.2,2515,15,0,0,0,0,0.2806,0.6531,1.5452,25.48,83.94,3.66,Walking
43.22,2895,68,6,0,11,0,0.1987,0.4913,1.5894,21.17,104.19,3.83,Walking
43.24,2618,153,45,10,16,11,0.0806,0.6626,1.6666,20.21,118.36,-5.71,Walking
43.26,1996,325,101,9,0,0,0.1071,0.475,1.7135,16.79,139.03,-10.09,Walking
43.28,1252,565,272,36,0,0,0.1939,0.601,1.5074,21.73,166.08,-26.71,Walking
43.3,631,878,448,0,12,29,0.2165,0.4918,1.5751,6.09,157.45,-19.93,Walking
43.32,232,1153,645,19,22,19,0.2573,0.5486,1.5272,21.36,177.83,-27.52,Walking
43.34,38,1348,873,16,42,8,0.2832,0.5297,1.5042,13.24,168.23,-26.72,Walking
43.36,0,1412,1077,55,0,0,0.1198,0.4906,1.2715,0.76,180.21,-31.95,Walking
43.38,27,1264,1099,229,88,41,0.2234,0.3963,0.9888,4.73,176.53,-38.3,Walking
43.4,0,1030,1032,311,135,4,0.2648,0.3637,0.9339,-8.94,165.97,-46.01,Walking
43.42,0,710,839,626,415,11,0.2457,0.25,0.7269,-6.84,199.94,-39.4,Walking
43.44,35,435,574,1005,686,20,0.2255,0.1905,0.5346,-4.27,168.51,-35.67,Walking
43.46,16,212,373,1409,1160,5,0.1179,0.2313,0.4734,-5.31,160.33,-40.06,Walking
43.48,0,94,206,1922,1715,11,0.2404,0.1135,0.4922,-23.15,159.68,-39.03,Walking
43.5,53,8,94,2276,2173,0,0.2009,0.0744,0.3513,-12.57,153.83,-43.33,Walking
43.52,5,39,46,2542,2668,0,0.1401,0.2056,0.4554,-12.7,133.3,-48.8,Walking
43.54,1,22,25,2557,2998,57,0.2758,-0.0805,0.0292,-15.85,116.0,-40.68,Walking
43.56,0,14,0,2400,3058,153,0.2516,0.0092,0.4015,-27.85,113.67,-38.42,Walking
43.58,12,0,0,2040,2898,323,0.1532,-0.1816,0.3891,-25.89,76.48,-42.52,Walking
43.6,73,0,11,1566,2395,734,0.0856,-0.1369,0.6782,-22.76,62.15,-27.77,Walking
43.62,35,0,0,1099,1963,1325,0.0306,-0.4241,0.6212,-36.46,50.57,-37.64,Walking
43.64,0,5,27,706,1412,1900,0.0136,-0.3365,0.8269,-27.8,34.7,-26.28,Walking
43.66,5,0,0,402,889,2271,0.078,-0.3545,1.0664,-25.3,1.82,-13.03,Walking
43.68,26,0,7,235,529,2192,0.1122,-0.6172,1.0468,-25.81,-14.76,-20.06,Walking
43.7,0,0,0,126,337,1779,-0.0807,-0.4268,1.1547,-25.56,-29.06,-7.81,Walking
43.72,0,0,0,5,122,1086,-0.0726,-0.4184,1.307,-37.13,-52.91,-6.67,Walking
43.74,0,0,15,0,113,554,-0.054,-0.5469,1.5811,-24.57,-37.76,0.9,Walking
43.76,49,11,0,0,16,245,-0.0994,-0.4418,1.6439,-29.73,-82.57,-2.16,Walking
43.78,4,38,0,22,10,25,-0.0676,-0.5059,1.6307,-20.77,-96.56,2.64,Walking
43.8,6,31,11,0,10,37,-0.1487,-0.5279,1.6656,-25.35,-110.51,5.05,Walking
43.82,3,24,19,38,0,4,-0.1546,-0.583,1.6832,-21.43,-126.18,6.15,Walking
43.84,15,19,11,0,4,0,-0.0539,-0.4545,1.7309,-21.8,-151.42,21.96,Walking
43.86,3,0,11,39,2,11,-0.2433,-0.5838,1.5004,-12.7,-156.16,18.86,Walking
43.88,18,0,0,0,47,0,-0.3639,-0.5029,1.363,-14.49,-168.08,21.06,Walking
43.9,29,37,3,24,64,11,-0.2233,-0.3433,1.5211,-6.31,-187.41,25.47,Walking
43.92,37,0,0,40,18,0,-0.3331,-0.392,0.9966,-4.59,-170.12,25.67,Walking
43.94,16,0,42,0,7,6,-0.293,-0.4837,1.0059,-1.62,-189.26,35.76,Walking
43.96,4,0,0,1,0,0,-0.3466,-0.328,0.9183,-2.63,-185.58,45.96,Walking
43.98,0,19,5,30,18,0,-0.2404,-0.2357,0.6796,6.95,-195.54,31.25,Walking
44.0,16,27,0,47,0,0,-0.147,-0.202,0.5978,6.84,-160.71,50.54,Walking
44.02,0,42,3,0,24,0,-0.2763,-0.1246,0.6163,18.57,-164.86,40.96,Walking
44.04,0,12,0,0,5,18,-0.1609,-0.081,0.5322,14.31,-151.85,39.68,Walking
44.06,0,0,23,0,44,24,-0.2107,-0.2081,0.3101,15.09,-164.49,45.22,Walking
44.08,0,0,75,0,111,0,-0.2609,-0.0626,0.4912,21.12,-131.14,39.98,Walking
44.1,19,30,30,0,0,17,-0.1841,0.1393,0.4618,28.58,-109.8,42.69,Walking
44.12,0,16,11,0,15,17,-0.0622,0.0121,0.3698,32.69,-111.49,30.87,Walking
44.14,35,31,0,10,57,0,-0.1328,0.2404,0.5408,19.09,-59.71,29.63,Walking
44.16,27,16,11,0,0,20,-0.0683,0.1781,0.5255,35.1,-60.3,28.94,Walking
44.18,0,45,5,3,0,37,-0.0312,0.1702,0.6323,31.98,-38.18,27.91,Walking
44.2,26,0,0,32,56,0,-0.0845,0.2044,0.7981,30.34,-21.64,27.34,Walking
44.22,29,14,0,15,1,0,0.0517,0.3846,0.9908,29.16,-13.75,23.6,Walking
44.24,305,0,0,0,0,3,-0.0566,0.3457,1.0787,31.35,8.2,21.41,Walking
44.26,697,17,1,21,0,0,0.0428,0.3685,0.9854,20.81,47.56,4.85,Walking
44.28,1382,0,0,0,0,36,0.1024,0.3816,1.2978,23.87,43.04,5.87,Walking
44.3,2175,19,13,0,0,11,0.214,0.5055,1.3456,35.78,55.67,-1.1,Walking
44.32,2734,29,29,15,6,21,0.0869,0.5186,1.4853,36.66,98.45,1.66,Walking
44.34,2842,93,18,0,27,40,0.2526,0.6551,1.7588,17.16,100.87,-2.7,Walking
44.36,2417,221,77,0,0,0,0.2331,0.571,1.6154,31.6,135.43,-11.86,Walking
44.38,1636,425,168,22,0,11,0.1726,0.5185,1.4203,18.62,149.15,-13.26,Walking
44.4,950,696,266,26,51,0,0.2322,0.3608,1.6009,12.42,130.34,-12.11,Walking
44.42,439,988,492,24,0,0,0.19,0.5536,1.6541,3.4,168.34,-28.46,Walking
44.44,180,1227,734,4,30,0,0.2204,0.5434,1.213,8.42,172.75,-15.63,Walking
44.46,23,1376,992,84,0,1,0.341,0.5592,1.3129,12.23,171.74,-26.87,Walking
44.48,18,1344,1099,126,49,8,0.1934,0.3891,1.2088,0.86,187.47,-45.17,Walking
44.5,12,1158,1042,246,139,0,0.1707,0.4281,0.9402,4.64,182.97,-33.82,Walking
44.52,0,888,907,496,284,38,0.2283,0.363,0.8822,-2.98,182.84,-43.22,Walking
44.54,0,598,683,693,480,0,0.1861,0.3299,0.9055,-10.13,171.48,-38.7,Walking
44.56,0,358,434,1180,832,12,0.2737,0.1249,0.5244,-6.1,178.37,-35.68,Walking
44.58,25,162,316,1592,1334,5,0.2024,0.1118,0.5152,-17.06,169.17,-44.13,Walking
44.6,0,99,137,2104,1902,38,0.1609,0.0923,0.1634,-11.48,161.52,-44.75,Walking
44.62,1,33,56,2451,2371,12,0.1538,0.0523,0.3125,-20.42,142.36,-43.22,Walking
44.64,0,19,28,2557,2871,9,0.1105,-0.0708,0.5405,-18.72,136.96,-43.86,Walking
44.66,11,0,34,2526,3063,105,0.0756,0.0725,0.4376,-27.1,128.42,-37.99,Walking
44.68,40,0,8,2267,3008,224,0.0507,-0.1798,0.4799,-23.79,90.1,-45.33,Walking
44.7,37,11,0,1813,2731,527,0.0717,-0.2575,0.4567,-35.01,83.68,-30.31,Walking
44.72,0,18,0,1376,2258,971,0.0209,-0.3324,0.5933,-27.81,55.14,-25.58,Walking
44.74,13,0,0,941,1724,1572,0.1642,-0.3143,0.6983,-32.92,45.48,-33.38,Walking
44.76,0,19,0,540,1138,2122,0.0443,-0.5069,0.8612,-33.65,20.98,-17.05,Walking
44.78,11,3,29,339,736,2262,0.1624,-0.375,1.1788,-31.29,-4.12,-19.99,Walking
44.8,12,0,3,212,459,2060,-0.0077,-0.3201,1.1994,-38.15,-4.82,-15.85,Walking
44.82,32,0,0,38,234,1424,0.0465,-0.6003,1.2122,-38.82,-47.3,-14.45,Walking
44.84,19,0,0,45,136,852,-0.2049,-0.6448,1.4611,-26.61,-60.74,-12.61,Walking
44.86,0,0,0,14,4,378,-0.0863,-0.5083,1.5011,-23.7,-74.91,0.37,Walking
44.88,11,14,0,7,46,160,-0.1388,-0.5419,1.5492,-21.57,-86.98,6.0,Walking
44.9,21,2,0,1,19,19,-0.1151,-0.3197,1.6288,-21.82,-123.26,3.69,Walking
44.92,0,15,34,0,9,0,-0.131,-0.5219,1.6244,-26.5,-130.98,14.43,Walking
44.94,6,9,24,39,23,14,-0.0983,-0.6127,1.6262,-15.43,-141.34,21.4,Walking
44.96,10,13,0,16,32,26,-0.083,-0.5894,1.4951,-8.83,-152.97,14.87,Walking
44.98,0,27,5,0,45,17,-0.3164,-0.5126,1.5854,-8.7,-176.2,16.48,Walking
45.0,61,10,0,0,53,15,-0.1381,-0.5774,1.4722,-4.6,-183.26,35.89,Walking
45.02,49,10,4,0,68,2,-0.2771,-0.4458,1.2059,-5.43,-163.74,27.99,Walking
45.04,8,19,20,41,15,31,-0.3724,-0.4516,1.2275,-3.41,-186.32,36.17,Walking
45.06,0,13,0,13,0,0,-0.1788,-0.3238,0.8291,6.76,-177.51,29.14,Walking
45.08,0,0,11,14,33,74,-0.1729,-0.1732,0.8722,9.5,-185.09,41.55,Walking
45.1,0,7,0,15,0,18,-0.2371,-0.3511,0.6406,3.23,-173.44,33.98,Walking
45.12,0,0,0,39,15,28,-0.204,-0.3269,0.7173,10.46,-169.45,47.16,Walking
45.14,31,0,0,0,0,16,-0.2302,-0.278,0.4703,10.21,-157.5,44.44,Walking
45.16,15,26,0,20,47,0,-0.2156,-0.1206,0.4505,19.95,-147.3,36.81,Walking
45.18,33,23,0,17,0,9,-0.3673,-0.0701,0.3564,15.06,-123.53,40.04,Walking
45.2,1,0,25,0,3,44,-0.0859,0.0358,0.3653,23.26,-132.07,31.16,Walking
45.22,0,0,0,0,0,0,-0.2537,0.1646,0.3758,30.33,-94.8,22.86,Walking
45.24,0,34,31,51,0,39,0.0198,0.1146,0.3548,14.19,-75.04,38.04,Walking
45.26,2,0,0,0,0,0,-0.0173,0.3312,0.5913,30.65,-69.99,24.91,Walking
45.28,0,1,0,4,0,0,-0.1235,0.2055,0.5533,27.58,-39.22,27.67,Walking
45.3,0,17,12,0,53,30,0.0185,0.3539,0.9482,29.39,-34.5,26.9,Walking
45.32,0,0,18,0,30,20,-0.0347,0.4234,0.8974,32.07,-11.01,15.7,Walking
45.34,194,0,33,25,8,8,-0.0474,0.2586,1.0585,33.14,18.03,19.17,Walking
45.36,501,0,29,0,9,6,-0.0235,0.3813,1.2017,32.16,23.83,11.13,Walking
45.38,1016,3,10,44,36,0,-0.0052,0.4461,1.4653,26.09,48.95,6.58,Walking
45.4,1725,0,0,17,39,0,0.1418,0.4622,1.4422,31.42,73.17,1.59,Walking
45.42,2507,22,19,17,5,0,0.0819,0.5659,1.5623,19.15,102.57,-2.19,Walking
45.44,2848,40,0,63,0,0,0.1742,0.5362,1.6358,23.55,116.31,-9.29,Walking
45.46,2778,182,28,0,0,0,0.1025,0.5843,1.5922,19.97,130.81,-5.59,Walking
45.48,2123,296,119,0,23,40,0.229,0.5714,1.5077,17.72,119.29,-13.53,Walking
45.5,1332,493,206,0,0,34,0.2416,0.5045,1.5674,13.17,151.0,-13.31,Walking
45.52,705,805,397,25,0,12,0.1691,0.5698,1.5804,16.29,160.49,-14.85,Walking
45.54,297,1143,606,28,0,4,0.157,0.5953,1.3923,12.17,148.71,-20.92,Walking
45.56,93,1381,845,58,61,0,0.2544,0.549,1.3243,10.75,171.03,-28.93,Walking
45.58,6,1376,1043,55,60,0,0.2146,0.4788,1.1103,-4.73,183.33,-27.92,Walking
45.6,4,1291,1113,146,107,4,0.3212,0.3522,1.1807,1.15,202.4,-43.53,Walking
45.62,0,1027,1018,309,204,32,0.2275,0.4721,1.0493,-2.78,181.36,-42.74,Walking
45.64,44,740,845,569,384,35,0.2563,0.4172,0.6067,-12.42,184.91,-36.92,Walking
45.66,9,466,577,902,658,9,0.1721,0.1296,0.5358,-4.21,161.1,-39.08,Walking
45.68,22,248,388,1345,1025,0,0.2262,0.3034,0.5366,-12.51,161.97,-41.86,Walking
45.7,42,126,236,1812,1494,0,0.1907,0.1968,0.4516,-17.04,151.7,-39.24,Walking
45.72,0,33,96,2255,2152,0,0.1333,-0.0021,0.3662,-20.06,161.78,-42.41,Walking
45.74,21,28,10,2510,2665,22,0.1349,-0.0767,0.3588,-26.43,131.11,-33.12,Walking
45.76,10,39,9,2660,3000,51,0.282,-0.2293,0.3561,-12.03,95.36,-38.44,Walking
45.78,8,0,0,2432,3096,86,0.2239,-0.1283,0.3703,-31.11,105.43,-31.76,Walking
45.8,0,0,7,2064,2876,318,0.1639,-0.1646,0.5732,-22.98,93.08,-39.88,Walking
45.82,19,0,0,1643,2558,731,0.0736,-0.165,0.5953,-32.48,68.32,-30.97,Walking
45.84,0,0,0,1134,1998,1287,0.1148,-0.2974,0.7335,-24.82,34.46,-21.96,Walking
45.86,36,4,0,754,1473,1866,0.1034,-0.2869,0.8657,-29.0,32.04,-24.25,Walking
45.88,0,0,16,465,1000,2218,0.0651,-0.2165,0.9771,-22.32,9.63,-28.17,Walking
45.9,0,0,0,227,564,2225,-0.0253,-0.3956,1.1593,-28.5,8.47,-24.68,Walking
45.92,0,17,0,132,281,1839,0.019,-0.5178,1.1883,-27.99,-41.06,-18.49,Walking
45.94,0,0,0,1,135,1207,-0.0793,-0.4364,1.3702,-35.5,-55.84,-16.67,Walking
45.96,10,0,0,46,60,634,-0.1661,-0.4059,1.3998,-38.6,-72.88,-3.16,Walking
45.98,17,0,0,40,47,296,-0.1415,-0.449,1.6203,-24.19,-85.33,0.81,Walking
46.0,0,8,12,69,13,108,-0.0752,-0.5987,1.5583,-22.92,-115.2,4.31,Walking
46.02,0,0,0,30,2,0,-0.122,-0.5741,1.7157,-20.88,-116.67,14.74,Walking
46.04,20,0,0,0,0,16,-0.1423,-0.6243,1.6439,-14.86,-147.29,15.62,Walking
46.06,54,25,17,19,0,0,-0.2227,-0.4027,1.6883,-12.32,-149.1,21.73,Walking
46.08,13,40,0,64,4,18,-0.2337,-0.6304,1.4754,-4.2,-160.87,14.92,Walking
46.1,0,0,8,38,13,0,-0.2305,-0.4876,1.3366,-8.28,-171.01,23.54,Walking
46.12,45,0,0,29,21,0,-0.2634,-0.3523,1.355,-5.74,-174.83,26.05,Walking
46.14,0,0,0,0,0,0,-0.1738,-0.3804,1.0857,-12.3,-174.63,29.23,Walking
46.16,0,0,4,60,37,0,-0.1422,-0.3629,1.1162,-10.56,-171.99,42.37,Walking
46.18,12,26,0,0,0,0,-0.2378,-0.3955,0.9667,2.23,-188.76,25.01,Walking
46.2,24,35,0,48,18,0,-0.2068,-0.3501,0.7124,5.88,-178.7,36.88,Walking
46.22,0,0,56,29,62,0,-0.3197,-0.3146,0.6078,-0.29,-188.11,37.92,Walking
46.24,6,0,31,0,33,0,-0.2378,-0.0327,0.5718,13.45,-153.69,41.06,Walking
46.26,29,36,42,56,0,30,-0.216,-0.0888,0.5961,16.22,-175.81,39.13,Walking
46.28,0,20,35,2,0,0,-0.1844,-0.0733,0.3867,26.92,-128.4,39.09,Walking
46.3,24,17,0,1,0,0,-0.2031,-0.047,0.396,23.17,-123.32,47.54,Walking
46.32,0,0,0,40,18,0,-0.2026,0.0799,0.411,30.05,-117.62,35.47,Walking
46.34,29,0,0,18,0,0,-0.0755,0.1951,0.4441,23.89,-125.76,37.71,Walking
46.36,0,21,14,20,2,0,-0.1745,0.1636,0.3579,31.36,-78.84,36.3,Walking
46.38,5,0,13,8,0,14,-0.1105,0.2787,0.7034,23.13,-73.71,31.3,Walking
46.4,49,24,0,47,0,23,-0.0374,0.2641,0.5462,28.96,-62.43,27.57,Walking
46.42,0,1,9,0,0,0,-0.0556,0.2479,0.8771,36.21,-25.49,22.14,Walking
46.44,10,0,0,0,0,12,0.0329,0.2846,0.7679,32.45,-2.9,24.95,Walking
46.46,253,43,9,19,25,0,0.1586,0.3453,1.2967,28.33,-4.32,21.22,Walking
46.48,685,0,39,6,51,12,-0.0739,0.5055,1.3093,18.09,14.06,13.05,Walking
46.5,1331,4,4,0,0,2,0.0667,0.5427,1.4902,31.83,48.23,16.8,Walking
46.52,2140,0,12,45,46,0,0.1198,0.5461,1.3526,26.96,68.08,3.84,Walking
46.54,2675,31,0,0,0,30,0.0591,0.5855,1.4929,30.52,87.45,-10.39,Walking
46.56,2865,104,11,0,0,62,0.2316,0.4995,1.5854,31.15,122.87,-1.46,Walking
46.58,2523,185,41,0,0,38,0.2208,0.6375,1.5929,18.51,114.12,-8.63,Walking
46.6,1748,366,148,0,0,5,0.1945,0.5435,1.6245,20.2,139.6,-13.39,Walking
46.62,995,639,308,28,4,41,0.3313,0.5989,1.5734,14.01,149.9,-18.47,Walking
46.64,510,961,480,45,0,0,0.1604,0.2932,1.337,7.52,144.53,-15.03,Walking
46.66,230,1218,678,26,5,0,0.2575,0.5276,1.5036,9.13,160.67,-33.25,Walking
46.68,69,1380,907,73,52,0,0.1647,0.473,1.3073,1.1,187.09,-29.37,Walking
46.7,0,1375,1093,80,63,31,0.2086,0.416,1.1161,6.06,177.45,-35.77,Walking
46.72,10,1197,1104,234,118,14,0.2192,0.4719,1.1104,-1.79,182.24,-41.79,Walking
46.74,0,915,944,447,300,24,0.1575,0.312,0.7249,-11.47,177.65,-40.27,Walking
46.76,0,608,719,746,456,0,0.3186,0.4243,0.8003,-11.17,167.21,-41.96,Walking
46.78,20,393,510,1131,811,0,0.1841,0.2929,0.6258,-12.18,158.32,-36.43,Walking
46.8,28,202,288,1535,1255,4,0.279,0.0757,0.4673,-11.85,193.3,-41.72,Walking
46.82,27,93,151,2050,1830,0,0.204,0.1263,0.4566,-10.81,164.25,-40.58,Walking
46.84,7,29,57,2408,2361,49,0.2003,0.0232,0.4078,-17.99,145.72,-40.13,Walking
46.86,0,30,36,2567,2827,0,0.0744,0.1045,0.4289,-17.23,117.68,-40.07,Walking
46.88,0,27,16,2580,3096,94,0.1019,-0.066,0.4773,-14.39,102.52,-37.33,Walking
46.9,23,0,0,2312,2992,180,0.1604,-0.0617,0.43,-26.99,101.99,-33.88,Walking
46.92,1,0,22,1854,2725,419,0.1161,-0.2156,0.5988,-28.26,78.29,-41.32,Walking
46.94,14,21,13,1409,2274,919,0.0489,-0.2525,0.6681,-26.88,73.21,-28.35,Walking
46.96,14,17,12,989,1761,1552,0.0928,-0.3221,0.6082,-34.47,28.82,-29.27,Walking
46.98,53,48,0,634,1185,2107,-0.0229,-0.2901,0.902,-37.49,13.41,-22.66,Walking
47.0,0,0,12,310,816,2299,-0.0366,-0.3977,0.9129,-30.09,-12.08,-22.45,Walking
47.02,0,0,12,262,446,2079,-0.0752,-0.4023,1.1122,-28.87,-27.08,-21.92,Walking
47.04,0,23,0,58,185,1598,-0.0551,-0.6214,1.2146,-27.3,-38.86,-13.78,Walking
47.06,1,0,0,49,91,926,0.0394,-0.3899,1.3521,-19.44,-45.6,-9.76,Walking
47.08,27,0,0,85,68,457,-0.0377,-0.4972,1.4734,-37.99,-73.91,-13.29,Walking
47.1,0,2,0,0,35,144,-0.0664,-0.5364,1.6431,-32.5,-91.57,-1.9,Walking
47.12,4,0,54,20,42,0,-0.2056,-0.563,1.6598,-18.88,-116.63,12.49,Walking
47.14,0,0,27,55,14,5,-0.2287,-0.6519,1.5574,-20.27,-121.78,7.43,Walking
47.16,0,36,18,19,64,13,-0.1534,-0.5241,1.6323,-11.29,-146.32,19.75,Walking
47.18,6,6,0,38,0,2,-0.2562,-0.4818,1.4131,-18.04,-143.69,23.44,Walking
47.2,0,25,0,0,0,23,-0.1797,-0.5732,1.6543,-16.81,-150.87,17.34,Walking
47.22,23,0,21,6,0,12,-0.307,-0.6856,1.2032,-12.87,-150.29,28.07,Walking
47.24,0,0,0,34,0,21,-0.2972,-0.3851,1.2345,-0.28,-163.6,33.93,Walking
47.26,0,13,9,18,21,0,-0.2458,-0.485,1.2241,-11.06,-179.03,38.77,Walking
47.28,24,5,27,44,13,8,-0.2674,-0.3827,1.0778,3.18,-163.43,27.85,Walking
47.3,11,39,0,16,0,12,-0.2314,-0.3549,0.8312,-0.58,-191.23,41.13,Walking
47.32,13,0,0,0,0,38,-0.1143,-0.2038,0.8142,10.35,-160.85,38.97,Walking
47.34,0,32,0,39,41,0,-0.2795,-0.2387,0.4996,3.45,-159.01,36.11,Walking
47.36,32,8,5,29,0,31,-0.1031,-0.0961,0.4229,18.01,-145.27,48.75,Walking
47.38,36,43,25,0,42,0,-0.182,-0.0879,0.396,8.94,-178.29,32.84,Walking
47.4,0,20,0,5,0,25,-0.1303,-0.0271,0.4302,21.64,-135.09,38.55,Walking
47.42,0,11,24,11,32,6,-0.2193,0.1923,0.3796,19.2,-123.45,39.15,Walking
47.44,0,0,13,0,58,0,-0.1463,0.146,0.3239,28.34,-96.87,40.97,Walking
47.46,0,0,13,42,8,0,-0.0963,0.1321,0.3578,26.84,-84.01,34.47,Walking
47.48,0,0,23,0,9,61,-0.0886,0.2142,0.3781,29.58,-58.59,34.7,Walking
47.5,0,13,34,0,28,20,-0.0164,0.1721,0.6635,33.16,-58.17,39.46,Walking
47.52,51,0,47,0,25,33,-0.1794,0.2561,0.8953,26.47,-21.2,12.09,Walking
47.54,13,0,3,74,31,1,-0.0384,0.1662,0.9009,27.01,-25.31,29.57,Walking
47.56,143,1,0,0,0,0,0.0373,0.4467,0.8871,31.6,27.78,17.04,Walking
47.58,412,15,9,48,0,21,0.1062,0.5517,1.2368,22.58,16.9,23.04,Walking
47.6,939,0,0,0,0,0,0.0466,0.4191,1.4171,19.71,28.4,14.89,Walking
47.62,1672,26,21,0,0,9,0.0721,0.4839,1.4058,30.26,64.47,7.46,Walking
47.64,2440,38,4,48,0,0,0.0906,0.4956,1.5303,27.87,84.2,5.41,Walking
47.66,2866,48,20,30,25,0,0.1928,0.5942,1.5567,24.13,88.68,-2.92,Walking
47.68,2778,163,17,0,0,4,0.1567,0.4884,1.5166,21.2,117.41,-19.16,Walking
47.7,2190,334,88,0,0,31,0.2801,0.6091,1.5417,20.73,138.34,-11.67,Walking
47.72,1392,494,177,0,22,0,0.1083,0.4994,1.6275,8.41,113.07,-15.04,Walking
47.74,715,742,359,8,0,0,0.2618,0.4532,1.5186,12.15,186.21,-13.57,Walking
47.76,281,1067,600,43,0,56,0.2071,0.5596,1.4747,8.35,151.22,-25.65,Walking
47.78,105,1306,827,22,0,0,0.2816,0.6073,1.4343,2.92,160.72,-32.5,Walking
47.8,43,1404,992,54,0,10,0.0966,0.3559,1.3212,5.37,176.91,-34.28,Walking
47.82,60,1272,1078,140,83,0,0.334,0.5186,1.1816,2.23,187.62,-28.92,Walking
47.84,18,1056,1035,295,164,8,0.3133,0.3866,1.0034,-8.92,178.02,-40.88,Walking
47.86,9,806,862,523,356,38,0.2522,0.288,0.6609,-13.27,175.77,-42.13,Walking
47.88,0,486,652,922,584,33,0.3119,0.3901,0.5551,-6.09,178.96,-38.21,Walking
47.9,16,243,401,1317,1055,0,0.2651,0.2352,0.5398,-11.73,166.29,-42.21,Walking
47.92,12,131,200,1784,1457,0,0.1106,0.0245,0.4182,-21.01,155.53,-36.06,Walking
47.94,0,36,109,2218,2042,0,0.1603,0.1846,0.3676,-16.22,136.87,-38.88,Walking
47.96,0,20,48,2446,2594,55,0.2303,0.0793,0.1054,-12.1,144.08,-28.01,Walking
47.98,0,18,23,2561,2987,11,0.1894,0.089,0.3776,-11.21,120.0,-37.4,Walking
48.0,8,3,11,2422,3115,116,0.1383,-0.0502,0.4364,-26.38,106.94,-45.77,Walking
48.02,2,0,0,2105,2995,266,0.1166,-0.2865,0.4128,-25.63,92.51,-24.09,Walking
48.04,2,0,0,1753,2594,617,0.1532,-0.2647,0.4803,-31.33,68.45,-38.91,Walking
48.06,47,40,7,1224,2047,1182,0.1711,-0.2404,0.7051,-27.96,41.24,-26.77,Walking
48.08,10,0,0,789,1512,1790,0.0504,-0.303,0.6628,-27.29,29.67,-23.51,Walking
48.1,0,0,9,516,1015,2233,0.0197,-0.3012,0.8596,-34.73,4.03,-24.98,Walking
48.12,0,7,16,250,621,2228,-0.0278,-0.5817,1.1293,-36.28,-18.44,-15.56,Walking
48.14,0,15,0,111,325,1877,0.0032,-0.3111,1.2323,-36.59,-40.37,-18.13,Walking
48.16,40,0,27,97,174,1226,-0.0207,-0.3911,1.2898,-23.84,-68.04,-2.43,Walking
48.18,0,0,0,47,49,702,-0.0962,-0.4156,1.4736,-20.54,-45.54,-9.9,Walking
48.2,0,2,22,27,19,307,-0.0534,-0.5186,1.6894,-32.0,-92.51,-3.43,Walking
48.22,0,0,0,43,44,118,-0.1903,-0.5217,1.515,-20.57,-114.79,-0.5,Walking
48.24,15,21,0,0,52,0,-0.2391,-0.6072,1.7968,-27.65,-135.12,9.98,Walking
48.26,0,44,0,33,19,3,-0.2536,-0.5481,1.6712,-22.17,-133.36,10.5,Walking
48.28,9,14,15,34,0,0,-0.1681,-0.4824,1.4996,-14.53,-152.24,16.33,Walking
48.3,54,12,0,0,41,0,-0.2634,-0.6305,1.4819,-9.92,-170.03,26.94,Walking
48.32,0,0,0,0,0,27,-0.0746,-0.4078,1.564,-9.26,-160.55,32.18,Walking
48.34,0,0,50,0,0,25,-0.2686,-0.6685,1.4044,-4.04,-161.36,25.22,Walking
48.36,17,0,65,5,13,24,-0.236,-0.4798,1.396,-2.92,-178.72,26.96,Walking
48.38,10,16,0,66,63,0,-0.2402,-0.3654,1.0326,0.23,-200.51,32.24,Walking
48.4,0,16,0,25,18,0,-0.2292,-0.3058,0.9437,9.79,-174.49,35.66,Walking
48.42,29,11,35,0,44,0,-0.2591,-0.4374,0.6852,-4.73,-173.22,40.16,Walking
48.44,12,14,17,0,46,0,-0.229,-0.3167,0.8239,11.16,-173.59,39.97,Walking
48.46,6,0,13,0,37,0,-0.2518,-0.1438,0.5285,10.35,-160.36,44.02,Walking
48.48,12,3,5,46,19,14,-0.2591,-0.0484,0.366,16.07,-159.97,35.61,Walking
48.5,22,35,10,0,45,2,-0.2725,-0.198,0.4794,14.63,-136.07,40.83,Walking
48.52,5,5,25,33,55,14,-0.1034,-0.0575,0.2547,24.52,-140.33,35.82,Walking
48.54,19,0,1,17,2,0,-0.1316,0.0265,0.2596,24.41,-128.1,39.78,Walking
48.56,0,0,0,59,21,20,-0.2098,0.0375,0.4107,25.05,-85.93,30.37,Walking
48.58,13,19,9,1,0,56,-0.2088,0.092,0.2476,29.12,-74.73,31.02,Walking
48.6,0,3,2,0,0,39,-0.0917,0.2274,0.4215,38.72,-58.42,28.58,Walking
48.62,60,27,0,63,0,0,-0.0105,0.2981,0.6359,27.43,-39.92,19.6,Walking
48.64,0,7,0,3,34,21,-0.0477,0.4139,0.862,25.99,-42.97,25.06,Walking
48.66,32,12,27,16,0,0,0.0785,0.4814,0.9813,23.82,-2.67,19.11,Walking
48.68,273,0,0,13,0,17,-0.0062,0.5739,1.0855,39.89,22.73,22.82,Walking
48.7,610,37,0,71,0,0,-0.0577,0.4358,1.2801,26.91,49.85,12.62,Walking
48.72,1245,0,3,0,30,0,0.0116,0.5885,1.3437,34.18,45.07,8.84,Walking
48.74,2043,64,17,0,29,0,0.1451,0.5423,1.6364,29.91,58.89,4.72,Walking
48.76,2680,46,35,11,0,0,-0.0004,0.5025,1.6659,25.58,91.41,-5.24,Walking
48.78,2885,78,30,0,7,30,0.1892,0.4654,1.5883,25.54,117.95,-4.14,Walking
48.8,2588,191,63,0,0,0,0.2448,0.6398,1.6274,21.95,136.97,-8.91,Walking
48.82,1857,393,155,0,7,13,0.1962,0.4099,1.583,11.63,144.26,-13.88,Walking
48.84,1061,650,266,39,10,0,0.1661,0.591,1.4444,9.7,130.38,-14.69,Walking
48.86,518,907,473,15,0,8,0.2019,0.6013,1.4805,17.41,165.32,-19.12,Walking
48.88,170,1193,665,25,0,22,0.2611,0.4464,1.3983,12.57,152.79,-19.91,Walking
48.9,63,1355,936,8,48,22,0.2447,0.6075,1.2569,13.41,140.04,-28.95,Walking
48.92,34,1426,1099,210,21,0,0.3141,0.3542,1.2045,3.66,188.91,-30.43,Walking
48.94,0,1234,1102,181,168,13,0.1959,0.322,0.9942,3.84,183.29,-32.51,Walking
48.96,84,967,994,376,234,0,0.2472,0.3018,0.8927,-1.68,174.56,-31.54,Walking
48.98,33,644,788,668,459,0,0.2454,0.1393,0.6958,-12.12,166.38,-42.44,Walking
49.0,3,384,534,1051,742,0,0.2776,0.2302,0.4576,0.47,164.17,-43.24,Walking
49.02,0,179,344,1581,1213,0,0.201,0.0806,0.3539,-10.1,173.18,-35.21,Walking
49.04,0,100,186,2000,1781,0,0.3048,0.1776,0.4083,-13.21,148.91,-40.31,Walking
49.06,0,64,20,2371,2318,44,0.1423,0.2389,0.4696,-15.53,126.58,-48.22,Walking
49.08,0,4,36,2603,2744,28,0.1949,-0.1142,0.3511,-22.8,129.65,-37.28,Walking
49.1,0,4,8,2569,3080,112,0.2183,-0.1641,0.3614,-14.43,109.01,-36.42,Walking
49.12,31,0,0,2317,3092,163,0.1022,-0.0761,0.389,-21.18,99.85,-34.01,Walking
49.14,30,14,9,1997,2848,408,0.0799,-0.2877,0.3668,-29.73,87.1,-34.19,Walking
49.16,0,0,0,1480,2394,849,0.0813,-0.2569,0.5981,-24.42,67.12,-28.85,Walking
49.18,0,0,0,1041,1790,1438,0.0699,-0.3121,0.7656,-27.16,40.22,-23.7,Walking
49.2,0,0,0,622,1286,2100,0.08,-0.3585,0.8495,-33.85,31.38,-19.62,Walking
49.22,0,0,0,368,855,2239,0.0153,-0.3189,0.8254,-38.56,-1.63,-27.0,Walking
49.24,0,18,0,153,476,2128,-0.2099,-0.3673,1.1282,-26.29,-5.78,-17.16,Walking
49.26,0,11,0,121,239,1606,-0.0362,-0.5355,1.2713,-19.76,-20.55,-13.66,Walking
49.28,0,0,0,28,138,956,-0.0857,-0.4657,1.2374,-30.46,-42.56,-10.33,Walking
49.3,0,0,0,2,31,508,-0.1083,-0.5494,1.4457,-17.28,-79.89,3.23,Walking
49.32,0,0,0,0,33,191,-0.0929,-0.5159,1.5665,-26.1,-93.92,-4.39,Walking
49.34,21,38,0,0,0,0,-0.136,-0.5908,1.7924,-29.77,-124.02,8.11,Walking
49.36,13,31,40,0,0,37,-0.266,-0.5175,1.6599,-20.1,-125.24,6.81,Walking
49.38,14,0,0,61,4,10,-0.3254,-0.4378,1.6056,-27.23,-156.46,13.63,Walking
49.4,0,21,37,0,0,0,-0.1816,-0.6133,1.6037,-15.01,-146.29,29.68,Walking
49.42,0,35,0,0,28,47,-0.1384,-0.4412,1.5419,-17.18,-173.8,30.33,Walking
49.44,0,0,0,13,40,11,-0.1886,-0.5311,1.433,-14.99,-182.75,28.12,Walking
49.46,39,3,23,14,88,0,-0.2085,-0.4722,1.3315,-3.25,-171.38,29.21,Walking
49.48,1,0,20,0,47,0,-0.2369,-0.3862,1.1164,-10.48,-193.48,40.38,Walking
49.5,33,14,17,18,0,21,-0.1718,-0.4604,1.0925,3.62,-195.57,29.51,Walking
49.52,0,0,0,1,0,10,-0.261,-0.3533,0.9216,5.88,-164.95,40.14,Walking
49.54,65,3,0,41,6,13,-0.2775,-0.2459,0.7071,13.8,-194.39,42.72,Walking
49.56,0,0,22,0,17,0,-0.183,-0.2461,0.6019,4.3,-161.35,39.38,Walking
49.58,28,6,16,68,21,36,-0.1618,-0.3486,0.4247,28.73,-151.45,34.46,Walking
49.6,3,0,28,0,7,19,-0.2474,0.0158,0.4271,16.26,-135.17,39.97,Walking
49.62,38,18,0,25,10,46,-0.2398,-0.0912,0.4263,19.57,-128.62,41.26,Walking
49.64,36,18,0,4,5,24,-0.1049,0.0748,0.4432,22.59,-125.48,46.66,Walking
49.66,0,0,18,21,52,7,-0.2842,-0.0813,0.2339,25.54,-113.92,41.62,Walking
49.68,16,0,17,0,0,42,-0.0953,0.1848,0.416,19.11,-101.76,41.21,Walking
49.7,30,0,0,0,37,0,-0.0397,0.061,0.5712,31.2,-72.67,43.1,Walking
49.72,8,0,0,0,24,0,-0.0632,0.3023,0.4554,35.69,-34.3,28.07,Walking
49.74,28,0,0,77,27,0,-0.0555,0.2792,0.5322,24.23,-19.68,33.89,Walking
49.76,30,40,11,0,26,2,0.0098,0.3633,0.8918,33.23,-14.83,22.88,Walking
49.78,133,0,0,0,0,0,0.0426,0.4114,0.8894,25.03,1.2,17.63,Walking
49.8,347,22,0,0,30,14,0.0462,0.3827,1.2141,19.93,25.8,23.89,Walking
49.82,906,12,20,0,0,11,0.0272,0.4362,1.3059,16.63,44.94,13.66,Walking
49.84,1595,0,17,0,33,0,0.1285,0.4189,1.4016,37.77,74.2,8.25,Walking
49.86,2336,57,10,41,0,31,0.1916,0.6265,1.5243,32.4,100.93,0.45,Walking
49.88,2809,71,18,0,0,14,0.116,0.5889,1.6689,25.49,91.9,-9.1,Walking
49.9,2780,104,25,0,0,0,0.1423,0.5648,1.6837,17.67,95.41,-3.81,Walking
49.92,2279,232,70,0,50,0,0.1693,0.4275,1.5805,21.4,132.11,-11.35,Walking
49.94,1529,482,194,0,0,0,0.254,0.6114,1.5018,15.1,150.69,-22.53,Walking
49.96,763,751,337,1,0,0,0.2084,0.5486,1.6038,25.84,148.16,-15.66,Walking
49.98,337,1069,558,43,8,51,0.2895,0.4263,1.4792,10.37,171.5,-23.77,Walking
50.0,113,1267,814,0,0,0,0.1329,0.3212,1.5568,7.86,175.22,-24.28,Walking
50.02,73,1402,1015,70,34,0,0.2104,0.4845,1.2639,12.79,174.77,-37.04,Walking
50.04,0,1334,1129,90,59,12,0.187,0.4997,1.2781,9.34,190.14,-29.55,Walking
50.06,2,1147,1065,256,191,0,0.2786,0.4633,0.9365,2.59,185.48,-35.5,Walking
50.08,0,803,911,480,338,0,0.095,0.3092,0.795,-8.81,190.75,-36.83,Walking
50.1,0,491,663,852,607,32,0.1588,0.3204,0.6784,-3.87,161.52,-38.62,Walking
50.12,22,287,432,1264,963,0,0.1124,0.263,0.7613,-9.83,156.77,-37.42,Walking
50.14,60,122,252,1764,1446,35,0.2566,0.152,0.4121,-15.32,158.35,-40.06,Walking
50.16,0,44,139,2124,2041,17,0.205,0.1643,0.3806,-14.28,144.37,-38.5,Walking
50.18,0,46,65,2525,2576,0,0.2859,0.0659,0.4316,-19.34,146.71,-34.12,Walking
50.2,0,0,31,2593,2938,33,0.1056,0.1027,0.3917,-24.19,118.74,-41.46,Walking
50.22,0,0,25,2459,3054,92,0.1787,-0.004,0.4182,-27.43,97.26,-34.79,Walking
50.24,0,50,14,2219,3019,271,0.2054,-0.1752,0.2734,-20.82,92.3,-31.78,Walking
50.26,0,0,0,1732,2648,576,0.061,-0.0625,0.5586,-38.12,66.59,-31.15,Walking
50.28,16,14,11,1272,2167,1169,-0.0671,-0.215,0.4812,-25.1,63.66,-31.71,Walking
50.3,15,0,12,815,1588,1720,0.0595,-0.2969,0.9318,-31.69,57.07,-27.04,Walking
50.32,0,0,1,521,1002,2186,-0.0044,-0.3651,0.7607,-29.52,8.85,-23.93,Walking
50.34,6,1,0,275,616,2208,0.0819,-0.4467,0.9697,-16.91,-15.81,-13.67,Walking
50.36,0,36,23,126,350,1879,0.0325,-0.3576,1.2706,-41.04,-13.3,-7.99,Walking
50.38,0,0,9,66,166,1335,-0.1132,-0.5449,1.2325,-37.83,-37.44,-5.83,Walking
50.4,0,7,15,11,155,720,-0.0357,-0.5626,1.1852,-21.52,-74.89,-5.05,Walking
50.42,0,0,0,8,56,324,-0.0304,-0.5739,1.3889,-22.3,-86.07,0.62,Walking
50.44,15,0,16,0,65,105,-0.1112,-0.6543,1.696,-20.07,-90.85,1.26,Walking
50.46,0,24,4,0,15,27,-0.1706,-0.4506,1.5724,-27.73,-129.44,8.3,Walking
50.48,0,12,0,27,31,23,-0.1787,-0.562,1.7169,-18.88,-135.74,7.11,Walking
50.5,8,11,38,19,9,0,-0.3009,-0.5119,1.6808,-16.98,-141.42,19.84,Walking
50.52,0,5,0,0,48,0,-0.1604,-0.6427,1.3787,-16.28,-158.28,23.75,Walking
50.54,20,0,0,0,0,0,-0.3265,-0.4526,1.4247,-14.33,-149.16,20.67,Walking
50.56,0,2,24,0,0,7,-0.2088,-0.5581,1.2858,-6.71,-164.53,30.28,Walking
50.58,1,3,0,0,40,0,-0.1361,-0.3665,1.2367,-3.73,-167.44,30.38,Walking
50.6,0,15,0,0,0,0,-0.1633,-0.4333,1.1253,-1.05,-183.14,30.23,Walking
50.62,26,0,39,0,0,53,-0.2529,-0.3837,0.9684,6.11,-175.6,39.57,Walking
50.64,0,0,4,20,0,0,-0.2775,-0.2606,0.8358,12.0,-187.56,42.11,Walking
50.66,3,0,28,54,0,16,-0.2521,-0.3466,0.5424,7.22,-178.5,40.45,Walking
50.68,62,0,0,0,21,12,-0.198,-0.1546,0.6513,9.12,-162.39,33.88,Walking
50.7,27,12,0,0,0,13,-0.2769,0.0606,0.4261,18.97,-173.01,31.68,Walking
50.72,25,0,26,38,45,0,-0.1671,-0.1057,0.3645,12.14,-128.51,35.3,Walking
50.74,71,19,14,33,0,23,-0.2996,-0.0469,0.334,30.48,-156.2,32.8,Walking
50.76,32,30,18,0,34,0,-0.1276,0.1711,0.3215,23.74,-125.63,46.65,Walking
50.78,0,18,3,39,0,8,-0.1466,0.2434,0.4043,17.63,-117.15,42.57,Walking
50.8,0,49,0,0,7,0,-0.064,-0.0064,0.386,23.03,-81.12,42.45,Walking
50.82,9,0,0,0,35,31,-0.1286,0.2902,0.5377,27.06,-56.59,33.62,Walking
50.84,11,0,2,18,68,6,-0.1224,0.2338,0.6989,23.75,-42.03,30.93,Walking
50.86,25,0,12,0,0,15,-0.0872,0.2417,0.7985,30.86,-25.08,22.14,Walking
50.88,59,0,24,0,0,34,-0.0123,0.439,1.1549,23.68,15.41,18.68,Walking
50.9,281,0,12,0,0,0,-0.0691,0.3832,1.2059,46.44,17.27,22.54,Walking
50.92,535,9,0,0,23,0,0.0977,0.3503,1.3508,20.76,41.48,10.22,Walking
50.94,1183,0,0,0,10,0,0.0892,0.4711,1.4711,27.38,48.27,1.09,Walking
50.96,1895,0,9,0,20,0,0.1337,0.5287,1.5114,25.82,59.42,2.79,Walking
50.98,2548,25,0,4,0,54,0.1428,0.4604,1.6926,33.24,81.78,1.03,Walking
51.0,2922,77,28,12,0,0,0.1369,0.622,1.5297,21.61,94.19,-6.3,Walking
51.02,2652,174,77,13,59,0,0.1628,0.5176,1.6745,23.28,115.04,-13.53,Walking
51.04,1924,331,131,21,0,0,0.2483,0.4073,1.524,15.49,128.3,-11.44,Walking
51.06,1132,588,245,32,0,0,0.2084,0.504,1.5395,18.52,134.82,-22.84,Walking
51.08,552,870,463,0,41,9,0.1989,0.533,1.6108,18.16,149.19,-31.4,Walking
51.1,223,1151,691,47,72,0,0.2857,0.5195,1.3601,10.92,150.78,-28.75,Walking
51.12,122,1330,906,10,29,0,0.2125,0.4544,1.3626,0.27,169.29,-22.67,Walking
51.14,0,1372,1086,91,37,0,0.2581,0.5412,1.0367,-1.59,167.9,-29.24,Walking
51.16,25,1217,1100,271,117,0,0.2942,0.4247,1.0183,3.96,178.13,-40.08,Walking
51.18,0,987,1003,380,197,15,0.2854,0.3902,0.8289,-5.08,183.53,-35.06,Walking
51.2,25,666,815,642,457,17,0.171,0.379,0.7415,2.4,194.91,-38.04,Walking
51.22,2,364,577,1073,721,0,0.2648,0.3502,0.622,-0.52,167.89,-40.8,Walking
51.24,25,217,350,1441,1176,40,0.2016,0.2149,0.485,-10.62,167.49,-34.11,Walking
51.26,14,78,183,1978,1698,0,0.2061,0.0824,0.3402,-12.66,153.91,-35.17,Walking
51.28,8,22,66,2375,2262,0,0.2153,0.1129,0.2386,-10.43,143.19,-40.68,Walking
51.3,0,28,26,2628,2723,0,0.2148,-0.0421,0.3529,-20.11,125.78,-32.47,Walking
51.32,23,0,0,2552,3028,80,0.1508,-0.0301,0.3436,-33.54,134.92,-43.57,Walking
51.34,18,0,0,2392,3108,156,0.2181,-0.191,0.3273,-32.83,99.35,-38.65,Walking
51.36,14,0,1,1996,2867,382,0.054,-0.1394,0.3174,-20.94,82.04,-32.74,Walking
51.38,6,0,0,1490,2476,821,0.1096,-0.243,0.4792,-22.34,66.99,-28.28,Walking
51.4,0,0,32,1076,1920,1402,0.0832,-0.1907,0.6372,-29.98,41.64,-33.82,Walking
51.42,68,3,0,672,1346,1944,0.2083,-0.3266,0.8273,-31.51,23.69,-22.3,Walking
51.44,24,0,0,461,908,2276,0.0209,-0.5003,1.0412,-38.33,-7.53,-19.54,Walking
51.46,0,21,0,215,526,2197,-0.0523,-0.4245,0.9466,-25.0,-16.22,-12.41,Walking
51.48,8,22,0,156,287,1650,0.0217,-0.3839,1.1693,-26.23,-33.92,-15.84,Walking
51.5,25,5,0,4,172,1053,0.0053,-0.5799,1.263,-38.72,-61.99,-4.86,Walking
51.52,53,0,10,11,61,559,-0.0799,-0.5797,1.4948,-24.37,-63.62,9.56,Walking
51.54,0,0,10,0,55,239,-0.0755,-0.4912,1.564,-20.82,-82.9,-10.35,Walking
51.56,0,0,13,0,47,50,-0.1609,-0.6778,1.6291,-21.89,-126.34,0.91,Walking
51.58,8,0,26,0,0,0,-0.1345,-0.5285,1.6516,-22.93,-107.37,12.59,Walking
51.6,9,0,9,27,13,20,-0.1197,-0.4817,1.6563,-25.96,-146.69,5.73,Walking
51.62,0,34,0,0,13,35,-0.229,-0.563,1.5258,-10.71,-141.66,22.63,Walking
51.64,30,0,0,0,68,45,-0.113,-0.5089,1.6857,-10.78,-164.57,30.32,Walking
51.66,0,19,10,0,0,0,-0.2083,-0.464,1.4046,-18.2,-173.35,16.98,Walking
51.68,36,20,20,28,27,0,-0.0604,-0.5494,1.1737,-14.26,-168.34,34.01,Walking
51.7,0,0,16,0,4,3,-0.3543,-0.4814,1.143,-15.66,-178.02,30.8,Walking
51.72,0,0,4,0,48,34,-0.2006,-0.3895,1.0734,4.4,-192.1,36.76,Walking
51.74,4,5,28,41,6,0,-0.2483,-0.3647,0.9697,1.03,-181.89,36.01,Walking
51.76,76,14,36,53,0,0,-0.1854,-0.2584,0.7844,7.96,-186.2,33.27,Walking
51.78,0,0,6,93,3,31,-0.2517,-0.359,0.6081,0.14,-167.85,30.21,Walking
51.8,0,22,36,0,0,33,-0.1908,-0.1551,0.6215,4.43,-142.89,40.9,Walking
51.82,59,0,0,0,0,8,-0.2704,-0.0181,0.4946,14.23,-141.25,43.78,Walking
51.84,16,21,19,0,33,27,-0.1436,-0.0281,0.4909,25.68,-150.83,34.05,Walking
51.86,0,0,15,0,57,27,-0.1298,-0.0919,0.2639,16.06,-127.68,37.88,Walking
51.88,8,18,51,37,0,15,-0.2177,0.0857,0.3158,24.14,-100.73,33.08,Walking
51.9,31,2,0,0,4,8,-0.2005,-0.0288,0.5984,23.94,-100.75,33.17,Walking
51.92,0,17,0,34,0,0,-0.1006,0.1429,0.2361,37.61,-71.64,32.69,Walking
51.94,5,3,0,75,51,12,-0.1427,0.163,0.5012,24.77,-68.68,25.37,Walking
51.96,20,13,7,0,18,35,-0.0621,0.2265,0.7762,32.89,-51.98,18.87,Walking
51.98,16,0,17,9,0,32,-0.0341,0.4236,0.8291,27.3,4.22,30.93,Walking
52.0,79,3,0,0,0,30,0.0419,0.4654,1.051,27.63,2.77,25.03,Walking
52.02,324,0,11,31,0,7,0.015,0.3846,1.2018,27.89,25.14,10.39,Walking
52.04,860,6,0,0,13,0,0.1695,0.3661,1.3562,27.23,37.88,5.64,Walking
52.06,1558,11,0,6,0,0,0.0762,0.5073,1.5093,27.23,37.06,7.47,Walking
52.08,2282,40,8,0,15,39,0.0973,0.6878,1.4304,18.71,68.08,14.04,Walking
52.1,2824,23,0,20,0,0,0.19,0.7058,1.5617,34.38,108.33,-0.96,Walking
52.12,2849,124,4,0,20,9,0.1248,0.4589,1.6961,26.95,130.25,0.45,Walking
52.14,2321,248,103,21,0,15,0.1558,0.4861,1.4669,13.86,120.93,-14.72,Walking
52.16,1608,483,200,3,0,0,0.2721,0.5688,1.5731,22.85,142.22,-17.67,Walking
52.18,904,683,356,64,5,40,0.2044,0.6259,1.5789,5.65,158.58,-22.68,Walking
52.2,384,1015,490,0,36,31,0.4129,0.588,1.5167,16.26,148.12,-10.69,Walking
52.22,72,1290,790,0,0,15,0.1946,0.4244,1.4699,5.56,164.19,-24.38,Walking
52.24,72,1381,982,76,21,0,0.2688,0.4552,1.3252,8.84,181.53,-24.21,Walking
52.26,0,1322,1087,136,58,5,0.2436,0.5139,1.1285,3.53,167.37,-33.79,Walking
52.28,0,1150,1069,277,157,0,0.3033,0.2856,1.1182,4.86,169.81,-28.84,Walking
52.3,11,855,955,526,271,0,0.2476,0.3745,0.8281,-1.13,183.82,-33.68,Walking
52.32,50,574,689,845,539,0,0.2538,0.3579,0.8502,-6.01,176.27,-36.44,Walking
52.34,36,268,495,1275,857,0,0.3163,0.0924,0.6753,-18.5,165.59,-45.25,Walking
52.36,36,148,240,1719,1393,60,0.1945,0.117,0.4093,-20.09,178.25,-41.31,Walking
52.38,32,48,126,2147,1946,0,0.2831,0.1913,0.5349,-12.21,138.66,-34.34,Walking
52.4,0,56,101,2446,2468,11,0.2129,-0.0219,0.3923,-16.88,149.5,-40.88,Walking
52.42,49,37,30,2552,2887,45,0.1574,-0.0954,0.3624,-24.28,127.19,-44.46,Walking
52.44,0,22,3,2543,3041,25,0.2047,0.0176,0.3282,-16.58,116.37,-28.48,Walking
52.46,77,7,0,2206,3001,254,0.1152,-0.1572,0.3436,-23.64,96.36,-34.17,Walking
52.48,0,2,0,1794,2660,528,0.1383,-0.2627,0.5378,-27.47,84.46,-29.37,Walking
52.5,3,0,0,1304,2197,1052,-0.0257,-0.3548,0.7177,-29.38,64.51,-28.4,Walking
52.52,45,25,8,857,1623,1660,0.0004,-0.1829,0.8508,-29.98,37.17,-21.87,Walking
52.54,10,0,0,592,1093,2175,0.054,-0.3019,0.86,-27.49,9.52,-23.51,Walking
52.56,10,0,0,274,682,2254,-0.0914,-0.2421,0.9888,-30.18,-13.87,-10.91,Walking
52.58,31,0,0,137,334,1978,-0.0816,-0.3422,1.2269,-33.32,-22.06,-16.36,Walking
52.6,0,10,0,111,192,1356,-0.1375,-0.5679,1.2581,-31.68,-65.01,-7.99,Walking
52.62,0,0,9,0,96,811,-0.0885,-0.454,1.5914,-28.42,-74.7,-9.34,Walking
52.64,3,0,0,61,87,406,-0.2197,-0.4263,1.5905,-27.12,-95.59,-3.25,Walking
52.66,0,15,8,0,0,139,-0.191,-0.4213,1.6589,-24.08,-91.63,-0.12,Walking
52.68,22,6,0,0,0,14,-0.159,-0.4887,1.669,-9.46,-125.86,14.88,Walking
52.7,79,0,29,17,0,7,-0.1082,-0.6674,1.7205,-23.1,-123.9,13.25,Walking
52.72,77,19,3,0,0,8,-0.1085,-0.6196,1.6252,-22.08,-143.81,29.36,Walking
52.74,0,0,19,0,6,0,-0.2036,-0.5732,1.5829,-9.29,-168.59,24.14,Walking
52.76,0,7,22,0,22,10,-0.1923,-0.4707,1.5016,-16.07,-179.63,20.38,Walking
52.78,0,7,0,0,18,3,-0.2108,-0.5546,1.42,-17.43,-187.52,27.79,Walking
52.8,26,0,0,39,0,3,-0.2963,-0.3173,1.3363,-0.11,-172.12,31.99,Walking
52.82,10,1,0,0,12,12,-0.2307,-0.3674,1.038,-0.89,-173.83,29.66,Walking
52.84,17,7,5,0,8,0,-0.2421,-0.2485,0.984,5.41,-169.81,30.23,Walking
52.86,0,14,0,16,0,15,-0.1961,-0.2321,0.7033,0.86,-178.92,35.04,Walking
52.88,0,0,0,34,0,32,-0.3116,-0.2396,0.5829,3.19,-165.17,29.38,Walking
52.9,0,10,10,3,39,42,-0.113,-0.2301,0.6195,13.82,-175.93,42.68,Walking
52.92,28,10,33,8,53,36,-0.1468,-0.1024,0.3715,20.12,-168.8,40.76,Walking
52.94,26,30,0,44,19,49,-0.3072,-0.0044,0.3256,20.13,-153.48,29.38,Walking
52.96,0,14,6,0,0,26,-0.2507,-0.1109,0.4438,15.42,-136.76,40.79,Walking
52.98,0,0,0,51,48,26,-0.1979,-0.0032,0.3805,22.84,-109.9,38.42,Walking
53.0,0,24,35,0,28,16,-0.144,0.0173,0.3316,28.54,-101.04,28.43,Walking
53.02,13,39,13,57,0,9,-0.3075,0.0777,0.3525,24.22,-107.44,32.03,Walking
53.04,8,0,0,24,75,0,-0.251,0.296,0.5243,30.65,-62.17,31.07,Walking
53.06,6,31,20,11,71,0,0.0007,0.2507,0.5916,32.85,-53.41,27.79,Walking
53.08,20,40,42,48,0,0,-0.133,0.3986,0.8183,24.01,-20.88,24.72,Walking
53.1,0,16,0,19,0,1,0.0158,0.2784,0.8761,31.43,-3.09,19.36,Walking
53.12,200,6,25,5,0,0,0.0156,0.3157,0.952,22.91,8.96,25.02,Walking
53.14,462,52,14,0,0,9,0.1836,0.4748,0.9914,32.21,13.95,7.23,Walking
53.16,1117,8,0,29,21,0,0.0112,0.37,1.2447,37.07,48.3,8.75,Walking
53.18,1860,13,0,51,17,0,0.0499,0.6855,1.5213,34.2,73.6,1.09,Walking
53.2,2593,24,0,22,0,0,0.2182,0.4535,1.7204,28.67,95.58,1.19,Walking
53.22,2942,92,55,7,0,18,0.2238,0.6409,1.4968,19.88,106.13,-6.86,Walking
53.24,2681,148,47,0,0,0,0.1407,0.6198,1.524,31.61,118.87,-6.22,Walking
53.26,1970,358,118,0,17,0,0.1726,0.494,1.7012,15.81,128.91,-14.74,Walking
53.28,1224,535,215,53,20,11,0.1807,0.5438,1.7043,11.82,148.76,-13.25,Walking
53.3,620,835,402,0,0,8,0.1872,0.4483,1.5464,18.05,151.35,-16.61,Walking
53.32,296,1148,597,26,38,0,0.2081,0.5939,1.3512,13.76,142.82,-32.3,Walking
53.34,65,1337,905,71,19,0,0.3028,0.3931,1.346,12.89,177.23,-26.12,Walking
53.36,25,1403,1051,100,4,0,0.3293,0.2664,1.2248,0.62,170.65,-26.98,Walking
53.38,2,1264,1106,118,72,0,0.091,0.4615,1.0652,-3.57,180.31,-30.61,Walking
53.4,0,989,1012,396,191,4,0.2222,0.2787,0.94,0.45,189.23,-41.18,Walking
53.42,18,721,809,552,422,48,0.3682,0.1639,0.8315,-4.75,181.81,-42.78,Walking
53.44,2,471,604,986,715,25,0.3295,0.151,0.6817,-3.6,164.94,-37.12,Walking
53.46,0,252,378,1420,1117,0,0.2274,0.2331,0.5174,-9.58,180.45,-41.96,Walking
53.48,6,96,230,1889,1658,1,0.2093,0.1726,0.4355,-15.98,153.6,-34.21,Walking
53.5,0,29,139,2259,2194,0,0.1887,0.1964,0.3361,-21.33,135.09,-43.9,Walking
53.52,38,0,22,2506,2669,3,0.2288,-0.0246,0.4062,-17.39,133.47,-35.72,Walking
53.54,6,42,6,2567,3022,42,0.2974,-0.1524,0.3947,-33.45,120.49,-31.29,Walking
53.56,71,0,16,2436,3111,159,0.2037,-0.1124,0.2902,-25.29,116.82,-36.29,Walking
53.58,8,0,0,2050,2909,349,0.2117,-0.2927,0.3826,-31.18,76.48,-34.6,Walking
53.6,13,0,0,1619,2421,779,0.0492,-0.3478,0.4515,-25.12,65.03,-39.8,Walking
53.62,14,9,0,1134,1947,1303,-0.0109,-0.2685,0.8296,-23.53,46.49,-29.43,Walking
53.64,20,0,2,729,1396,1933,0.1333,-0.3853,0.7996,-31.06,43.89,-20.03,Walking
53.66,23,2,0,405,948,2272,-0.0914,-0.3595,0.9394,-28.07,12.89,-25.24,Walking
53.68,52,0,16,216,518,2165,0.0139,-0.4354,1.1413,-32.22,-22.12,-12.76,Walking
53.7,4,1,4,101,323,1752,0.0225,-0.3782,1.3009,-19.05,-26.07,-14.38,Walking
53.72,0,0,0,43,120,1109,0.0236,-0.6464,1.4281,-31.64,-30.44,-0.43,Walking
53.74,0,6,0,19,46,580,-0.066,-0.5802,1.4297,-30.55,-78.34,-8.99,Walking
53.76,14,0,14,0,0,209,-0.1595,-0.5042,1.5726,-15.53,-82.81,2.41,Walking
53.78,12,27,43,10,31,0,-0.2287,-0.4076,1.6142,-26.42,-112.34,8.21,Walking
53.8,63,4,1,0,22,0,-0.2217,-0.5469,1.6954,-31.84,-116.04,13.49,Walking
53.82,0,0,0,54,36,15,-0.2554,-0.6308,1.6538,-20.39,-142.41,10.11,Walking
53.84,49,48,0,0,13,0,-0.1612,-0.6593,1.6039,-23.47,-150.63,17.11,Walking
53.86,0,25,1,0,3,43,-0.2128,-0.4512,1.6917,-14.05,-168.7,31.62,Walking
53.88,26,1,0,18,0,3,-0.2582,-0.5945,1.328,-4.9,-163.46,22.1,Walking
53.9,0,17,11,50,0,0,-0.1576,-0.442,1.3799,-7.5,-181.85,27.74,Walking
53.92,15,14,0,66,118,5,-0.2092,-0.4513,1.2232,1.98,-163.48,34.68,Walking
53.94,10,21,0,24,50,50,-0.2676,-0.3505,0.9721,2.48,-165.62,28.79,Walking
53.96,0,13,0,0,0,0,-0.316,-0.4445,0.9354,3.51,-184.1,31.22,Walking
53.98,0,0,0,0,0,19,-0.3148,-0.2972,0.6291,11.2,-186.99,37.45,Walking
54.0,7,0,0,0,27,28,-0.1668,-0.163,0.624,20.69,-184.54,37.49,Walking
54.02,46,16,0,0,73,20,-0.1918,-0.2922,0.5484,11.36,-156.31,38.87,Walking
54.04,45,31,0,46,0,0,-0.2932,-0.1163,0.4617,20.9,-149.96,35.86,Walking
54.06,0,12,0,50,0,6,-0.1735,-0.106,0.3124,27.28,-152.34,30.42,Walking
54.08,0,1,8,0,23,16,-0.2076,0.0549,0.4131,23.25,-150.53,45.82,Walking
54.1,15,0,2,0,31,4,-0.1328,0.0787,0.3043,34.07,-98.7,42.74,Walking
54.12,34,0,0,0,47,25,-0.1185,0.2116,0.369,26.15,-113.8,37.44,Walking
54.14,0,1,27,37,0,66,-0.0786,0.1382,0.5851,30.75,-93.31,27.3,Walking
54.16,33,0,0,52,0,23,-0.1216,0.4059,0.4285,27.25,-58.31,32.3,Walking
54.18,0,0,0,40,1,0,-0.0842,0.2627,0.7783,34.95,-38.91,28.58,Walking
54.2,55,26,1,30,17,0,-0.0014,0.4618,0.6864,21.93,-13.55,20.48,Walking
54.22,27,0,35,11,84,18,-0.0272,0.2092,0.9815,29.73,0.76,29.72,Walking
54.24,316,0,0,0,22,8,0.0427,0.5957,1.2601,24.6,9.77,15.78,Walking
54.26,725,0,11,18,0,0,-0.0532,0.5584,1.2978,35.39,36.18,18.15,Walking
54.28,1386,5,0,4,0,0,0.087,0.4718,1.5802,23.6,60.88,6.31,Walking
54.3,2166,13,0,0,0,0,0.1393,0.5546,1.5067,24.12,58.8,2.76,Walking
54.32,2758,55,4,46,0,28,0.0611,0.5804,1.4789,15.7,84.18,-2.26,Walking
54.34,2892,152,39,0,38,0,0.2521,0.3929,1.6696,28.55,114.7,4.61,Walking
54.36,2395,184,73,0,33,10,0.1202,0.5678,1.6587,16.31,118.74,-11.69,Walking
54.38,1653,412,146,7,0,0,0.198,0.5167,1.684,19.98,129.3,-19.67,Walking
54.4,905,716,302,0,34,4,0.1346,0.5389,1.6193,24.72,146.65,-21.8,Walking
54.42,388,962,529,37,11,0,0.3322,0.4954,1.5874,7.73,169.34,-17.87,Walking
54.44,152,1243,760,0,0,19,0.0598,0.515,1.2994,7.6,170.23,-27.55,Walking
54.46,60,1402,978,24,43,13,0.2521,0.4006,1.4027,4.07,164.49,-28.66,Walking
54.48,0,1370,1084,93,60,53,0.1885,0.3901,0.9939,8.41,171.13,-27.58,Walking
54.5,30,1182,1075,238,98,6,0.1497,0.4317,1.0564,1.63,191.28,-31.91,Walking
54.52,20,923,917,364,283,0,0.3612,0.2883,0.7908,-3.7,176.48,-32.32,Walking
54.54,0,562,716,770,511,0,0.2464,0.2912,0.8637,-5.73,181.39,-34.55,Walking
54.56,0,339,469,1210,888,0,0.1158,0.1978,0.7675,-8.77,175.89,-26.84,Walking
54.58,0,156,300,1627,1341,0,0.1802,0.1499,0.4988,-10.29,167.06,-38.56,Walking
54.6,29,75,139,2066,1910,7,0.3465,0.1658,0.3083,-18.86,143.39,-34.69,Walking
54.62,0,21,75,2437,2414,0,0.1632,0.1801,0.3707,-11.83,142.28,-46.05,Walking
54.64,17,38,38,2543,2858,6,0.0644,-0.0989,0.3431,-24.54,128.57,-35.31,Walking
54.66,35,15,6,2524,3132,24,0.0982,-0.245,0.4425,-22.44,119.27,-37.84,Walking
54.68,0,0,0,2255,3065,226,0.1024,-0.1638,0.5244,-21.39,99.64,-26.38,Walking
54.7,13,7,0,1842,2743,524,0.1614,-0.2271,0.5666,-37.24,78.96,-43.22,Walking
54.72,0,0,23,1372,2219,978,0.0474,-0.2472,0.6754,-30.04,45.37,-25.31,Walking
54.74,0,0,0,916,1725,1642,0.0005,-0.2564,0.7739,-29.09,24.5,-30.49,Walking
54.76,0,0,3,594,1114,2135,0.152,-0.3636,0.7738,-24.65,25.35,-18.17,Walking
54.78,23,0,0,350,726,2294,-0.013,-0.3836,0.9878,-19.93,3.35,-14.55,Walking
54.8,0,24,15,171,424,2041,-0.1358,-0.4162,1.2343,-32.91,-19.04,-16.97,Walking
54.82,0,0,0,123,195,1438,-0.0182,-0.3642,1.2943,-35.4,-44.83,-4.58,Walking
54.84,7,0,0,0,99,852,-0.1066,-0.4792,1.3836,-21.6,-51.66,-15.51,Walking
54.86,19,8,5,36,19,394,-0.1618,-0.4839,1.5046,-24.36,-82.46,6.88,Walking
54.88,11,0,5,60,56,180,-0.226,-0.5603,1.6749,-21.82,-110.21,3.17,Walking
54.9,0,0,5,35,32,21,-0.1686,-0.4738,1.5867,-24.2,-104.23,14.74,Walking
54.92,0,0,18,43,0,13,-0.1849,-0.6215,1.7966,-23.15,-122.96,9.38,Walking
54.94,41,13,0,4,0,9,-0.1164,-0.5902,1.4808,-16.92,-146.38,13.89,Walking
54.96,31,7,35,0,0,19,-0.2694,-0.5541,1.4513,-10.52,-164.37,24.34,Walking
54.98,0,8,0,23,5,34,-0.1927,-0.5664,1.4729,-21.05,-165.0,26.4,Walking
55.0,70,0,17,16,59,12,-0.1325,-0.5056,1.4467,-13.58,-153.34,16.73,Walking
55.02,25,0,0,49,0,0,-0.2713,-0.5362,1.1514,-9.71,-194.87,32.66,Walking
55.04,0,9,4,11,0,30,-0.2305,-0.3677,1.0932,-3.58,-196.9,31.06,Walking
55.06,5,21,1,0,0,4,-0.1847,-0.2011,1.0072,-3.77,-175.21,29.86,Walking
55.08,0,0,6,28,0,16,-0.2496,-0.4331,0.8069,5.0,-179.97,47.49,Walking
55.1,55,0,13,0,1,0,-0.2666,-0.2542,0.6984,14.77,-178.79,42.67,Walking
55.12,22,14,0,0,0,0,-0.2205,-0.2353,0.5932,20.0,-167.37,45.19,Walking
55.14,71,0,0,7,14,1,-0.2771,-0.1062,0.5208,20.54,-166.46,35.07,Walking
55.16,38,0,8,0,44,0,-0.1857,-0.0363,0.3427,18.9,-129.99,48.87,Walking
55.18,22,12,17,2,12,0,-0.2009,0.0734,0.385,23.94,-150.89,45.68,Walking
55.2,18,21,7,0,0,0,-0.1419,0.0922,0.4137,8.47,-129.43,48.4,Walking
55.22,11,1,10,12,42,28,-0.0914,0.1498,0.4147,23.55,-94.58,35.0,Walking
55.24,34,0,8,0,0,0,-0.0709,0.3011,0.4246,24.04,-97.62,40.56,Walking
55.26,1,56,0,0,0,0,-0.174,0.0686,0.4272,31.39,-69.68,32.34,Walking
55.28,0,23,20,22,0,0,0.0662,0.4176,0.5231,24.29,-64.2,23.57,Walking
55.3,25,0,0,51,0,34,-0.0432,0.3164,0.9576,24.74,-23.39,25.06,Walking
55.32,0,0,0,0,0,33,-0.0912,0.3735,0.8507,39.52,-20.85,25.55,Walking
55.34,164,0,0,2,5,13,-0.0169,0.4509,0.9966,23.52,2.84,16.09,Walking
55.36,510,0,0,4,0,24,0.0857,0.5938,1.319,33.53,45.52,7.49,Walking
55.38,1005,0,0,0,0,27,0.1438,0.3647,1.2763,17.08,51.8,17.02,Walking
55.4,1748,14,0,0,0,0,0.2147,0.5874,1.4695,29.64,72.16,8.65,Walking
55.42,2475,23,0,35,20,7,0.1319,0.6574,1.507,27.93,71.9,1.66,Walking
55.44,2809,72,12,0,1,39,0.1792,0.3653,1.6637,27.23,103.4,-8.72,Walking
55.46,2759,164,45,20,0,17,0.3008,0.5605,1.6263,25.74,126.58,-8.09,Walking
55.48,2135,301,74,27,5,31,0.1946,0.6142,1.6364,12.95,116.16,-14.13,Walking
55.5,1313,511,231,0,5,0,0.1702,0.5501,1.7159,21.05,144.79,-9.67,Walking
55.52,663,868,379,50,21,8,0.2013,0.5853,1.507,13.45,168.69,-17.8,Walking
55.54,225,1098,609,0,0,0,0.176,0.5671,1.4876,8.18,163.94,-26.7,Walking
55.56,101,1322,856,45,15,18,0.2326,0.5067,1.4443,8.55,176.94,-21.28,Walking
55.58,45,1401,1027,94,0,0,0.2809,0.4052,1.2877,3.55,174.53,-29.62,Walking
55.6,0,1287,1136,176,89,10,0.1906,0.5139,0.9748,7.41,160.78,-19.32,Walking
55.62,0,1028,1031,357,150,16,0.1811,0.4698,0.93,-5.6,176.52,-41.37,Walking
55.64,7,744,847,574,345,0,0.1447,0.2159,0.8278,1.13,183.07,-31.69,Walking
55.66,0,472,612,965,666,0,0.3968,0.1848,0.5612,1.51,179.12,-40.0,Walking
55.68,0,248,404,1368,1019,0,0.1992,0.29,0.4941,-10.94,161.65,-43.81,Walking
55.7,0,81,207,1874,1629,58,0.1845,0.1529,0.4307,-25.55,161.88,-39.27,Walking
55.72,23,19,112,2278,2145,0,0.2161,0.144,0.4124,-12.94,137.71,-38.73,Walking
55.74,0,17,48,2527,2591,29,0.1262,0.0635,0.379,-28.83,125.72,-47.88,Walking
55.76,0,17,0,2580,3007,0,0.0676,-0.2252,0.3894,-24.6,134.01,-36.33,Walking
55.78,0,0,59,2434,3097,112,0.1184,-0.221,0.3246,-27.65,87.51,-36.78,Walking
55.8,0,0,2,2152,2926,306,0.1734,-0.0777,0.4102,-20.59,88.78,-39.62,Walking
55.82,19,0,0,1626,2578,659,0.2441,-0.1321,0.5249,-31.06,70.27,-29.14,Walking
55.84,44,8,25,1143,1945,1278,0.0401,-0.3024,0.6033,-30.72,52.79,-32.96,Walking
55.86,35,19,0,790,1484,1857,0.1041,-0.3753,0.7833,-32.12,27.63,-24.01,Walking
55.88,0,0,0,413,1000,2261,0.0578,-0.2655,1.0858,-34.21,12.2,-15.62,Walking
55.9,0,0,6,243,612,2243,-0.0958,-0.3253,1.1937,-24.19,12.87,-30.5,Walking
55.92,23,0,51,74,349,1740,0.0063,-0.4048,1.1997,-36.52,-43.44,-14.89,Walking
55.94,0,1,0,71,137,1224,-0.1302,-0.4042,1.2745,-28.09,-42.8,-9.08,Walking
55.96,25,0,7,0,52,666,-0.1419,-0.3301,1.3635,-26.0,-59.38,-9.99,Walking
55.98,14,0,15,17,51,286,-0.0305,-0.511,1.4678,-23.49,-84.37,-0.36,Walking
56.0,3,13,0,26,0,0,-0.1855,-0.5305,1.5294,-22.33,-102.5,4.16,Walking
56.02,38,0,19,21,0,0,-0.1998,-0.5834,1.6671,-25.54,-119.62,3.44,Walking
56.04,24,0,0,61,0,0,-0.0442,-0.5363,1.5983,-16.54,-127.42,2.08,Walking
56.06,12,7,0,0,37,18,-0.2372,-0.489,1.5556,-8.9,-145.07,25.11,Walking
56.08,52,0,25,53,0,0,-0.2482,-0.4299,1.5914,-12.79,-170.04,28.23,Walking
56.1,11,14,0,0,19,41,-0.1994,-0.5429,1.4504,-2.81,-162.07,21.25,Walking
56.12,65,2,0,11,44,0,-0.2076,-0.5211,1.2035,-5.89,-163.49,25.39,Walking
56.14,0,16,0,0,0,0,-0.1563,-0.549,1.2079,-4.07,-159.3,33.24,Walking
56.16,39,11,30,42,0,39,-0.2898,-0.3701,1.0747,4.79,-174.33,29.47,Walking
56.18,26,0,52,13,45,0,-0.1529,-0.5744,0.8248,8.43,-189.18,43.1,Walking
56.2,0,0,0,0,2,0,-0.2345,-0.3382,0.6809,9.94,-174.39,43.61,Walking
56.22,38,0,0,62,24,0,-0.2812,-0.1785,0.6267,8.43,-171.86,40.92,Walking
56.24,57,10,0,0,36,6,-0.2449,-0.0688,0.4713,14.86,-162.28,34.45,Walking
56.26,0,0,4,0,0,0,-0.3215,-0.1302,0.3169,29.92,-157.17,41.31,Walking
56.28,46,9,0,0,0,51,-0.2492,-0.092,0.4327,13.0,-141.93,42.26,Walking
56.3,21,0,0,0,0,31,-0.1759,0.012,0.4248,23.31,-115.95,36.29,Walking
56.32,21,0,18,7,56,22,-0.0614,0.1597,0.3754,14.88,-120.75,31.35,Walking
56.34,0,5,0,42,10,13,-0.1987,0.1373,0.2994,21.63,-107.83,37.1,Walking
56.36,9,0,24,53,33,0,-0.1166,0.267,0.4763,19.07,-71.65,38.55,Walking
56.38,4,0,23,2,1,0,-0.1629,0.2675,0.3366,21.66,-64.93,40.03,Walking
56.4,16,0,0,16,5,0,-0.0652,0.3748,0.7957,24.25,-64.07,31.0,Walking
56.42,0,31,2,71,0,0,0.0184,0.3755,0.6758,22.97,-19.38,33.72,Walking
56.44,0,20,0,16,0,17,-0.0351,0.3654,1.0479,26.98,-10.41,20.57,Walking
56.46,242,0,0,19,6,30,0.0293,0.4188,1.0738,30.16,20.39,20.44,Walking
56.48,693,0,6,14,43,1,0.1066,0.5583,1.1262,35.58,34.01,15.11,Walking
56.5,1327,22,0,0,0,0,0.0547,0.4548,1.3967,34.85,49.96,12.38,Walking
56.52,2124,0,14,0,37,0,0.0932,0.6151,1.4542,27.49,73.18,11.43,Walking
56.54,2711,59,33,0,0,0,0.1573,0.4384,1.4538,26.27,111.36,-0.02,Walking
56.56,2875,115,7,35,8,12,0.1688,0.6065,1.6688,25.09,106.39,-7.63,Walking
56.58,2507,215,68,0,24,0,0.1493,0.6442,1.6382,19.64,125.98,-17.84,Walking
56.6,1774,366,148,12,0,2,0.1471,0.4669,1.6334,20.87,133.48,-22.86,Walking
56.62,975,652,291,58,0,0,0.1477,0.5251,1.5943,23.28,147.15,-28.14,Walking
56.64,427,966,481,0,0,0,0.2788,0.5253,1.7035,14.02,175.2,-23.62,Walking
56.66,215,1261,725,41,23,0,0.2313,0.4977,1.6071,7.52,175.32,-20.42,Walking
56.68,69,1398,927,72,68,55,0.1152,0.4535,1.4342,3.54,180.75,-31.28,Walking
56.7,0,1368,1061,138,24,8,0.2588,0.4443,1.13,1.44,170.7,-29.31,Walking
56.72,8,1200,1093,215,152,46,0.2712,0.3866,1.0306,7.65,174.99,-40.06,Walking
56.74,0,949,993,461,266,7,0.1315,0.3005,0.9103,-0.6,190.16,-44.23,Walking
56.76,0,594,736,750,503,0,0.1494,0.2622,0.5494,-0.86,176.37,-41.75,Walking
56.78,27,363,485,1099,833,26,0.1751,0.1722,0.6606,-10.46,184.97,-42.2,Walking
56.8,0,161,331,1616,1280,0,0.283,0.1773,0.4806,-0.72,170.55,-38.07,Walking
56.82,0,76,159,2075,1802,0,0.092,0.0958,0.481,-18.83,165.47,-39.99,Walking
56.84,0,82,73,2439,2328,0,0.1704,0.1333,0.1326,-21.69,140.38,-34.81,Walking
56.86,71,34,36,2516,2840,0,0.1897,0.0501,0.434,-14.24,131.69,-31.45,Walking
56.88,35,0,9,2594,3068,14,0.1666,0.0065,0.38,-20.34,118.46,-36.75,Walking
56.9,0,51,27,2267,3024,214,0.0744,-0.1082,0.3185,-17.09,86.56,-37.46,Walking
56.92,27,0,5,1911,2751,443,0.1428,-0.4015,0.3625,-31.42,81.12,-35.28,Walking
56.94,0,0,0,1413,2292,937,0.0381,-0.485,0.452,-30.94,58.02,-32.15,Walking
56.96,38,27,0,1000,1785,1516,0.0854,-0.1849,0.8844,-27.02,40.57,-34.96,Walking
56.98,2,0,8,650,1195,2045,-0.0147,-0.3277,0.8938,-34.58,34.78,-16.37,Walking
57.0,47,26,32,385,778,2325,0.0699,-0.3637,0.9736,-30.22,-13.72,-14.83,Walking
57.02,4,0,9,213,416,2072,-0.0224,-0.4905,1.1514,-30.45,-11.67,-15.86,Walking
57.04,14,0,12,93,219,1546,-0.0664,-0.6051,1.1961,-21.97,-41.82,-0.79,Walking
57.06,0,8,13,29,133,933,-0.0928,-0.5974,1.3621,-26.9,-54.46,-9.98,Walking
57.08,0,0,1,0,104,492,-0.126,-0.4158,1.5488,-21.93,-95.57,-4.31,Walking
57.1,0,0,29,13,6,140,-0.087,-0.6382,1.7082,-26.54,-102.96,6.63,Walking
57.12,0,42,0,0,26,16,-0.1819,-0.6803,1.5565,-12.57,-114.4,5.11,Walking
57.14,34,0,13,5,0,0,-0.1817,-0.5815,1.5774,-14.75,-121.58,12.38,Walking
57.16,34,2,6,0,31,2,-0.1294,-0.4907,1.5575,-12.96,-134.84,10.77,Walking
57.18,0,0,0,0,49,46,-0.2486,-0.6927,1.4678,-17.54,-150.19,18.2,Walking
57.2,34,15,0,0,31,0,-0.2082,-0.6102,1.4799,-6.44,-165.61,26.29,Walking
57.22,20,2,0,10,47,0,-0.2319,-0.5208,1.4216,-3.42,-162.61,26.93,Walking
57.24,0,30,16,0,21,35,-0.1916,-0.487,1.1129,7.53,-175.67,29.47,Walking
57.26,17,4,9,0,0,0,-0.2517,-0.3432,1.2471,-1.29,-160.7,26.82,Walking
57.28,5,0,45,26,0,35,-0.314,-0.2696,1.0265,7.3,-188.67,30.48,Walking
57.3,45,7,22,0,0,20,-0.1892,-0.2286,0.8512,7.95,-172.07,37.0,Walking
57.32,52,10,0,22,0,0,-0.277,-0.3287,0.6967,0.2,-166.8,37.73,Walking
57.34,15,5,13,16,23,17,-0.1493,-0.1502,0.5233,10.52,-182.12,45.87,Walking
57.36,2,0,22,0,0,0,-0.1816,-0.1137,0.4377,16.31,-182.46,42.66,Walking
57.38,0,0,6,0,14,4,-0.1346,-0.0442,0.4044,11.4,-140.88,39.1,Walking
57.4,3,17,7,36,0,46,-0.1424,-0.1466,0.5368,16.03,-142.19,40.59,Walking
57.42,0,38,0,2,23,0,-0.149,-0.123,0.4017,20.55,-108.21,37.94,Walking
57.44,51,0,0,11,23,33,-0.1931,-0.0297,0.2522,20.11,-112.45,40.26,Walking
57.46,29,2,6,0,0,0,-0.1902,0.0959,0.5044,28.24,-90.61,36.54,Walking
57.48,0,0,0,31,36,0,-0.0114,0.2107,0.4881,28.89,-82.87,24.36,Walking
57.5,24,0,13,39,42,4,-0.0496,0.2153,0.7204,30.95,-60.27,27.18,Walking
57.52,22,0,3,16,0,52,-0.0924,0.2285,0.8148,25.52,-40.37,31.32,Walking
57.54,52,17,0,14,17,0,-0.0512,0.3311,1.1311,32.58,-8.89,20.19,Walking
57.56,152,0,0,5,27,101,0.1102,0.4388,0.9536,23.55,4.99,18.22,Walking
57.58,452,0,0,0,0,0,0.0685,0.2737,1.2221,35.83,22.06,10.23,Walking
57.6,875,31,10,0,17,33,0.0759,0.5076,1.3164,26.61,39.92,8.33,Walking
57.62,1641,13,0,10,11,3,0.0241,0.4701,1.6291,31.3,67.24,2.26,Walking
57.64,2421,21,23,0,0,38,0.1192,0.6323,1.3821,29.83,89.72,-1.77,Walking
57.66,2887,75,0,16,31,22,0.2029,0.6599,1.549,26.49,96.75,2.83,Walking
57.68,2752,129,54,7,0,0,0.1849,0.6602,1.4486,14.31,114.91,-10.79,Walking
57.7,2236,291,76,11,52,0,0.3158,0.5895,1.7718,15.94,124.77,-11.03,Walking
57.72,1385,483,217,0,0,11,0.2292,0.6148,1.5906,9.73,149.32,-19.09,Walking
57.74,753,793,387,4,47,0,0.2123,0.5783,1.6151,9.3,157.8,-23.02,Walking
57.76,294,1084,588,53,0,0,0.2565,0.5898,1.6033,12.1,149.4,-31.92,Walking
57.78,147,1336,811,33,23,16,0.2756,0.444,1.4161,8.9,168.7,-34.82,Walking
57.8,68,1392,1046,91,74,0,0.2597,0.4555,1.2678,5.03,178.27,-27.7,Walking
57.82,26,1323,1072,169,108,20,0.1634,0.3157,1.1852,-0.14,160.0,-33.08,Walking
57.84,58,1105,1053,268,166,43,0.2543,0.2974,0.8896,1.27,197.71,-38.93,Walking
57.86,10,772,875,531,335,0,0.1765,0.3329,0.8918,5.2,161.0,-48.57,Walking
57.88,0,493,613,875,571,2,0.149,0.3147,0.7979,-5.96,176.72,-46.69,Walking
57.9,0,289,382,1258,1001,38,0.1829,0.1658,0.6298,-11.26,179.8,-34.12,Walking
57.92,0,156,212,1775,1542,10,0.3243,0.2149,0.4658,-7.49,140.13,-37.78,Walking
57.94,0,62,99,2192,2006,22,0.3529,0.0354,0.4879,-15.7,134.2,-37.99,Walking
57.96,0,0,22,2501,2569,34,0.1156,0.1157,0.2735,-19.24,129.64,-43.3,Walking
57.98,0,2,42,2609,2971,38,0.1395,0.1443,0.2915,-25.74,129.81,-44.78,Walking
58.0,7,0,0,2428,3029,109,0.1875,-0.208,0.4619,-22.64,105.38,-29.04,Walking
58.02,14,19,0,2131,2990,239,0.0918,-0.1645,0.3645,-21.35,88.4,-25.96,Walking
58.04,0,13,24,1707,2566,628,0.0828,-0.2314,0.4705,-32.1,57.11,-37.59,Walking
58.06,23,29,0,1176,2053,1203,-0.0468,-0.3074,0.5641,-31.0,36.9,-28.42,Walking
58.08,0,17,0,799,1486,1766,0.0295,-0.2859,0.9384,-32.08,21.54,-23.8,Walking
58.1,33,23,0,487,1037,2264,0.0511,-0.3304,0.9447,-21.48,16.9,-27.38,Walking
58.12,0,16,0,292,576,2256,-0.0306,-0.4587,1.1316,-38.07,3.2,-6.85,Walking
58.14,0,0,0,96,344,1881,-0.0734,-0.4361,1.3634,-21.6,-40.98,-10.9,Walking
58.16,10,0,0,47,194,1246,-0.1115,-0.4852,1.3428,-34.46,-51.22,-15.84,Walking
58.18,0,1,5,0,102,631,-0.0798,-0.5229,1.4952,-35.7,-85.58,-7.88,Walking
58.2,0,19,38,12,27,304,-0.2077,-0.4431,1.4802,-24.18,-86.27,-2.54,Walking
58.22,0,0,0,2,7,122,-0.0214,-0.464,1.4014,-27.56,-94.22,-2.14,Walking
58.24,0,0,0,0,0,0,-0.1926,-0.5469,1.663,-22.16,-127.59,7.26,Walking
58.26,37,0,0,2,1,0,-0.1838,-0.5112,1.7911,-28.46,-133.31,19.76,Walking
58.28,18,0,7,61,22,38,-0.1584,-0.4773,1.7308,-20.07,-169.92,17.26,Walking
58.3,0,0,15,0,0,25,-0.2228,-0.4679,1.5168,-10.05,-159.16,15.84,Walking
58.32,0,21,0,0,0,22,-0.221,-0.5662,1.3935,-3.98,-173.32,19.22,Walking
58.34,8,13,16,26,15,3,-0.1755,-0.4506,1.2422,-11.51,-173.32,23.51,Walking
58.36,0,0,0,24,0,0,-0.1613,-0.5171,1.2394,-5.78,-181.34,26.16,Walking
58.38,0,4,5,0,0,0,-0.1535,-0.2555,1.0802,1.81,-176.18,36.8,Walking
58.4,2,0,1,26,4,17,-0.2104,-0.348,0.7972,4.11,-172.34,31.08,Walking
58.42,5,0,3,0,0,0,-0.3153,-0.2792,0.7418,11.41,-183.13,35.46,Walking
58.44,10,0,28,9,0,24,-0.1904,-0.1742,0.5984,8.01,-163.97,40.65,Walking
58.46,0,19,11,25,0,23,-0.2987,-0.2155,0.4988,16.31,-165.62,35.95,Walking
58.48,0,22,13,26,2,0,-0.3283,-0.1323,0.3895,15.53,-143.04,33.64,Walking
58.5,8,11,8,56,19,3,-0.1412,-0.0406,0.3835,18.04,-146.24,36.33,Walking
58.52,0,5,0,15,39,23,-0.067,0.0418,0.2686,22.1,-129.78,40.34,Walking
58.54,0,17,0,39,0,15,-0.0976,0.0539,0.5288,22.92,-118.36,34.4,Walking
58.56,0,19,0,7,41,8,-0.0614,0.1261,0.3704,20.47,-95.66,27.03,Walking
58.58,0,20,26,0,0,15,-0.1208,0.1902,0.4465,30.66,-67.12,35.11,Walking
58.6,42,0,1,0,35,0,-0.1772,0.26,0.5278,31.16,-64.83,34.64,Walking
58.62,9,0,11,25,50,34,-0.0541,0.3862,0.641,27.29,-54.08,30.22,Walking
58.64,13,0,15,0,0,15,-0.1977,0.276,0.8051,31.69,-8.03,26.11,Walking
58.66,8,0,0,32,22,46,0.0864,0.4398,0.9723,30.82,-17.53,29.53,Walking
58.68,238,8,0,50,29,26,0.0509,0.4046,1.205,21.82,27.97,25.92,Walking
58.7,656,7,0,57,0,0,0.0405,0.509,1.3777,33.71,28.55,11.93,Walking
58.72,1233,0,40,0,0,21,0.0324,0.4762,1.3761,27.35,64.99,8.13,Walking
58.74,2061,21,0,17,12,18,-0.0056,0.4821,1.4542,25.23,69.37,1.94,Walking
58.76,2753,63,0,0,32,0,0.2004,0.6093,1.5439,31.33,90.65,-4.65,Walking
58.78,2904,123,56,2,0,0,0.1036,0.5466,1.7314,20.35,90.16,-0.28,Walking
58.8,2511,182,51,1,0,0,0.1684,0.4847,1.6011,16.13,135.61,-9.4,Walking
58.82,1820,346,108,47,27,12,0.211,0.6441,1.6879,19.52,143.86,-24.2,Walking
58.84,1091,622,265,2,14,11,0.2198,0.3672,1.5622,14.0,133.62,-18.73,Walking
58.86,479,881,458,0,0,0,0.1752,0.5737,1.4462,10.1,159.46,-27.66,Walking
58.88,199,1186,695,6,0,0,0.2407,0.5138,1.3511,9.29,184.92,-34.28,Walking
58.9,44,1361,932,3,33,0,0.3009,0.3851,1.2494,10.95,169.09,-33.57,Walking
58.92,0,1408,1077,109,41,0,0.2773,0.4333,0.9569,2.45,158.42,-26.27,Walking
58.94,38,1244,1091,215,76,36,0.257,0.4207,1.0451,4.86,179.32,-36.64,Walking
58.96,46,943,995,412,213,0,0.2313,0.5191,0.8251,-1.69,189.31,-35.18,Walking
58.98,0,628,780,620,380,43,0.3168,0.3764,0.533,-10.12,184.49,-31.2,Walking
59.0,14,395,533,1013,817,0,0.2261,0.225,0.604,-4.7,149.74,-43.78,Walking
59.02,0,236,313,1507,1232,4,0.2325,0.4371,0.3438,-25.17,159.01,-46.83,Walking
59.04,36,94,194,1983,1759,0,0.3292,0.1432,0.3047,-18.79,144.89,-36.96,Walking
59.06,25,50,87,2335,2312,10,0.1905,0.1788,0.4986,-23.88,140.84,-45.06,Walking
59.08,8,32,12,2552,2799,1,0.2449,0.0994,0.5416,-17.3,127.12,-42.64,Walking
59.1,0,43,26,2557,3018,42,0.266,-0.0032,0.3887,-25.28,128.84,-34.68,Walking
59.12,18,0,0,2356,3066,126,0.1003,0.1251,0.4349,-19.3,91.26,-35.91,Walking
59.14,0,0,0,1979,2871,391,0.1083,-0.0782,0.4445,-28.85,83.1,-33.09,Walking
59.16,22,14,0,1467,2345,851,0.0933,-0.1724,0.5284,-22.17,45.7,-31.25,Walking
59.18,0,0,15,980,1819,1403,0.1652,-0.1902,0.6568,-29.83,33.12,-28.26,Walking
59.2,5,8,29,672,1290,2054,0.0914,-0.3776,0.775,-19.76,36.22,-26.35,Walking
59.22,10,5,17,318,847,2305,0.1038,-0.455,1.1738,-29.21,2.55,-21.37,Walking
59.24,0,6,10,233,537,2088,-0.0192,-0.5159,1.214,-38.21,-13.06,-10.15,Walking
59.26,16,0,23,91,236,1592,0.0411,-0.3629,1.1526,-27.97,-20.74,-12.65,Walking
59.28,0,53,0,54,108,973,-0.0901,-0.5567,1.5832,-23.63,-76.1,-3.5,Walking
59.3,28,0,53,0,84,504,-0.2028,-0.5516,1.6489,-12.35,-52.97,-0.82,Walking
59.32,27,0,0,35,27,220,-0.1646,-0.5278,1.5861,-31.02,-88.73,8.87,Walking
59.34,44,31,0,8,2,6,-0.1089,-0.565,1.6766,-23.46,-110.04,4.15,Walking
59.36,0,3,0,0,38,0,-0.1503,-0.4973,1.7389,-16.21,-131.06,3.09,Walking
59.38,0,0,0,74,0,2,-0.2962,-0.4251,1.4911,-13.33,-125.06,13.91,Walking
59.4,35,0,0,11,39,0,-0.152,-0.4873,1.6399,-15.1,-149.54,17.35,Walking
59.42,16,0,0,36,26,62,-0.2693,-0.5541,1.6148,-11.57,-175.28,23.49,Walking
59.44,55,11,0,0,0,15,-0.3975,-0.488,1.1894,-20.54,-173.76,22.03,Walking
59.46,7,8,0,0,0,0,-0.1246,-0.4633,1.2912,-8.17,-155.27,29.84,Walking
59.48,0,4,3,0,0,15,-0.1087,-0.3738,1.0691,-3.88,-187.32,26.48,Walking
59.5,46,0,0,47,0,27,-0.3595,-0.3157,1.0844,-5.08,-164.99,36.96,Walking
59.52,35,0,31,33,0,1,-0.2262,-0.4076,0.8104,-4.62,-185.39,37.84,Walking
59.54,28,0,49,17,51,45,-0.2493,-0.377,0.6809,4.74,-183.38,37.51,Walking
59.56,0,0,9,20,33,19,-0.3104,-0.2063,0.7644,10.77,-175.68,36.05,Walking
59.58,31,0,10,0,0,0,-0.1889,-0.2772,0.5822,7.16,-172.23,47.02,Walking
59.6,10,39,0,0,10,34,-0.1515,-0.1507,0.5749,17.92,-154.63,40.27,Walking
59.62,16,20,21,29,0,0,-0.3285,-0.1692,0.3633,22.81,-142.54,37.82,Walking
59.64,3,0,0,0,49,4,-0.186,-0.0402,0.3567,22.69,-118.51,33.75,Walking
59.66,0,0,0,9,55,22,-0.147,0.0861,0.3156,15.18,-112.92,35.85,Walking
59.68,0,21,0,0,0,10,-0.0939,0.1392,0.4255,18.06,-78.85,40.63,Walking
59.7,0,18,4,0,0,0,-0.0766,0.159,0.5561,23.79,-84.56,30.86,Walking
59.72,0,0,0,0,20,12,-0.1103,0.3022,0.5506,36.82,-51.51,31.46,Walking
59.74,31,14,17,76,55,7,-0.0766,0.199,0.7775,35.96,-38.02,32.25,Walking
59.76,0,0,0,17,0,12,0.0789,0.382,0.8491,23.28,5.67,19.25,Walking
59.78,106,3,0,0,0,0,0.0008,0.4773,1.074,38.13,6.13,15.22,Walking
59.8,362,5,22,0,0,0,-0.0311,0.3959,1.3003,26.08,34.11,12.36,Walking
59.82,879,0,0,0,0,40,0.1657,0.4514,1.2887,27.78,37.3,10.59,Walking
59.84,1531,32,0,0,0,0,0.1248,0.4924,1.3688,35.74,71.39,9.22,Walking
59.86,2370,39,0,40,45,18,0.1973,0.5588,1.4925,25.74,75.21,3.31,Walking
59.88,2848,70,0,6,0,0,0.2157,0.6037,1.6382,22.48,87.57,-0.99,Walking
59.9,2860,152,45,0,0,0,0.0264,0.7769,1.6061,20.89,107.67,-6.1,Walking
59.92,2235,282,82,47,3,0,0.2396,0.6589,1.6452,13.85,116.03,-6.84,Walking
59.94,1472,447,237,0,0,0,0.164,0.5157,1.7315,14.51,136.17,-15.17,Walking
59.96,823,765,345,13,13,0,0.1992,0.7174,1.7085,13.41,147.78,-21.1,Walking
59.98,365,1026,559,28,31,0,0.2389,0.4177,1.4926,18.69,158.47,-20.08,Walking
60.0,129,1328,784,15,22,0,0.2593,0.393,1.3847,3.38,167.16,-21.14,Walking
60.02,42,1415,994,78,42,8,0.1602,0.42,1.1873,13.29,169.9,-31.47,Walking
60.04,0,1318,1114,175,60,34,0.2299,0.4496,1.1812,5.39,175.23,-27.62,Walking
60.06,27,1119,1061,277,161,0,0.3588,0.4536,0.863,-1.14,180.62,-31.4,Walking
60.08,0,783,906,569,297,0,0.1646,0.3433,0.625,2.01,181.11,-35.9,Walking
60.1,0,511,653,863,609,0,0.3908,0.2405,0.7266,-6.83,162.95,-32.81,Walking
60.12,0,289,452,1259,956,34,0.2827,0.2166,0.702,-5.92,162.28,-45.85,Walking
60.14,47,139,235,1699,1469,13,0.267,0.0993,0.4185,-17.34,167.0,-39.7,Walking
60.16,0,77,131,2189,1965,9,0.0862,0.1552,0.3307,-18.93,162.76,-45.53,Walking
60.18,0,0,43,2527,2537,47,0.1687,-0.012,0.3484,-20.8,151.97,-37.3,Walking
60.2,0,9,37,2643,2890,13,0.1137,-0.0522,0.3565,-22.48,126.33,-43.46,Walking
60.22,0,0,0,2446,3114,49,0.0651,-0.1175,0.4179,-36.7,109.94,-34.16,Walking
60.24,0,21,23,2205,2996,280,0.0383,-0.1598,0.51,-33.91,84.4,-30.83,Walking
60.26,0,0,0,1771,2648,558,0.0937,-0.1922,0.4594,-29.06,78.05,-29.03,Walking
60.28,11,15,0,1201,2157,1109,0.0428,-0.2239,0.7333,-24.84,46.44,-36.16,Walking
60.3,17,0,34,854,1601,1747,0.0415,-0.2496,0.8693,-27.36,39.0,-26.42,Walking
60.32,46,0,44,523,1035,2214,0.0872,-0.3796,0.9742,-37.14,3.39,-25.08,Walking
60.34,0,0,20,348,614,2292,-0.043,-0.5286,1.0336,-30.42,-14.75,-21.11,Walking
60.36,38,5,17,189,415,1878,0.0067,-0.4936,1.1101,-24.33,-25.82,-9.04,Walking
60.38,0,0,2,37,158,1305,-0.0295,-0.4072,1.3908,-23.86,-29.19,-14.6,Walking
60.4,38,45,0,8,64,790,-0.1223,-0.4655,1.5395,-23.19,-47.0,1.39,Walking
60.42,0,0,0,23,58,360,-0.1053,-0.666,1.5165,-28.2,-94.04,-2.79,Walking
60.44,8,0,9,0,0,135,-0.2176,-0.5159,1.5396,-23.87,-89.35,1.36,Walking
60.46,0,0,0,23,27,33,-0.1199,-0.6041,1.888,-31.82,-126.22,9.98,Walking
60.48,14,0,23,7,0,0,-0.1152,-0.4145,1.8272,-24.74,-120.68,9.95,Walking
60.5,34,45,0,0,0,0,-0.1565,-0.5646,1.7015,-19.35,-150.93,11.34,Walking
60.52,0,11,0,0,3,0,-0.1418,-0.4565,1.6002,-15.28,-162.07,23.89,Walking
60.54,0,0,0,13,30,0,-0.3463,-0.4868,1.532,-16.54,-177.29,24.07,Walking
60.56,0,5,0,7,21,9,-0.2532,-0.4869,1.4702,-8.5,-162.73,36.34,Walking
60.58,25,19,0,37,0,33,-0.2541,-0.3712,1.3446,-10.61,-180.24,33.23,Walking
60.6,0,0,23,4,20,0,-0.253,-0.3958,1.2666,-7.68,-178.86,36.42,Walking
60.62,18,4,0,43,0,20,-0.2907,-0.2745,0.8752,6.17,-187.29,42.03,Walking
60.64,12,13,0,0,0,49,-0.1722,-0.4806,0.8869,5.05,-175.35,40.31,Walking
60.66,23,0,0,6,0,5,-0.2667,-0.3609,0.6701,-7.11,-188.75,31.86,Walking
60.68,0,0,30,21,0,52,-0.1331,-0.1067,0.5472,3.89,-156.22,38.07,Walking
60.7,2,0,22,0,23,0,-0.263,-0.1445,0.5349,21.64,-168.62,44.42,Walking
60.72,32,34,26,0,3,0,-0.2151,-0.0308,0.4308,18.2,-139.54,52.35,Walking
60.74,0,0,20,29,8,34,-0.1147,-0.0405,0.3548,18.03,-139.57,35.71,Walking
60.76,48,0,0,11,43,0,-0.1735,0.084,0.2885,19.13,-126.07,32.07,Walking
60.78,0,2,0,23,26,11,-0.1483,0.0566,0.3595,25.8,-103.81,29.34,Walking
60.8,15,0,0,15,32,0,-0.0895,0.1176,0.4271,20.65,-88.82,33.78,Walking
60.82,13,29,7,0,60,0,-0.1215,0.2813,0.6431,28.65,-79.07,30.9,Walking
60.84,16,1,4,0,0,0,-0.0583,0.2714,0.7069,26.26,-30.38,30.05,Walking
60.86,25,0,1,43,24,46,-0.1563,0.2399,0.6993,24.29,-39.1,26.01,Walking
60.88,42,0,26,37,0,0,-0.0554,0.3345,0.9225,39.15,-23.49,21.22,Walking
60.9,163,19,0,13,0,4,0.0759,0.41,1.1635,29.41,0.08,12.48,Walking
60.92,541,16,7,12,5,9,0.0906,0.4535,1.2562,35.0,35.98,13.5,Walking
60.94,1145,9,0,23,39,11,0.1031,0.5034,1.4614,26.78,41.86,10.04,Walking
60.96,1884,0,0,3,3,3,0.117,0.5141,1.4439,37.26,58.13,-1.58,Walking
60.98,2629,24,11,38,0,0,0.018,0.5685,1.569,17.22,111.36,0.13,Walking
61.0,2930,128,2,0,0,1,0.0574,0.5198,1.4271,27.2,123.52,-0.94,Walking
61.02,2627,154,93,0,0,0,0.1569,0.5096,1.5241,17.19,114.22,-18.11,Walking
61.04,1929,330,106,0,16,2,0.2265,0.4415,1.6747,17.22,130.62,-10.97,Walking
61.06,1175,599,250,0,0,7,0.1557,0.5909,1.5507,21.0,159.86,-14.7,Walking
61.08,513,867,422,23,0,0,0.1453,0.4908,1.6211,13.74,167.52,-24.5,Walking
61.1,278,1160,633,15,0,0,0.15,0.6135,1.4063,12.67,154.31,-23.13,Walking
61.12,108,1395,899,50,51,30,0.2569,0.5695,1.2966,7.28,168.21,-31.74,Walking
61.14,0,1386,1063,115,47,15,0.2879,0.3769,1.1984,-6.27,162.67,-31.73,Walking
61.16,4,1262,1111,215,101,0,0.1458,0.4083,1.0967,-1.07,177.63,-31.43,Walking
61.18,4,983,972,384,242,0,0.2123,0.4514,0.826,2.6,167.81,-35.89,Walking
61.2,31,689,797,626,446,0,0.2324,0.2878,0.7328,-10.0,165.99,-33.76,Walking
61.22,12,436,563,1030,734,22,0.2587,0.1933,0.8061,-3.69,166.0,-43.15,Walking
61.24,0,220,367,1472,1182,0,0.1629,0.163,0.4672,-21.64,180.51,-39.29,Walking
61.26,24,90,174,1926,1732,4,0.2378,0.0641,0.6156,-15.85,161.32,-38.35,Walking
61.28,0,59,72,2306,2240,0,0.1673,0.0198,0.3998,-16.53,142.69,-37.63,Walking
61.3,0,3,25,2552,2684,34,0.1935,-0.0443,0.3313,-18.54,151.82,-36.43,Walking
61.32,13,0,7,2589,3052,25,0.2543,0.0771,0.5615,-27.87,117.57,-40.23,Walking
61.34,0,0,0,2377,3083,141,0.1819,-0.0419,0.3347,-28.62,95.93,-32.81,Walking
61.36,0,0,0,2029,2870,404,0.0637,-0.1784,0.3809,-30.46,83.41,-37.62,Walking
61.38,22,1,0,1534,2468,860,0.139,-0.1156,0.5323,-34.34,81.23,-22.64,Walking
61.4,0,0,6,1094,1954,1410,0.0323,-0.3139,0.7362,-35.97,41.34,-22.84,Walking
61.42,0,16,0,636,1351,1999,0.0442,-0.3309,0.767,-20.08,30.21,-24.46,Walking
61.44,10,0,11,395,881,2301,0.0105,-0.4382,0.9167,-32.12,25.16,-20.58,Walking
61.46,0,8,14,236,527,2182,0.0115,-0.2551,0.9594,-28.63,3.2,-18.19,Walking
61.48,0,0,6,99,291,1624,0.0037,-0.5073,1.3003,-30.03,-41.81,-16.43,Walking
61.5,0,12,6,58,131,1101,-0.1084,-0.5178,1.4987,-28.44,-76.06,-3.17,Walking
61.52,0,0,0,60,60,564,-0.1739,-0.4516,1.4514,-24.26,-57.99,-4.62,Walking
61.54,0,0,0,15,5,205,-0.0893,-0.5712,1.6487,-21.24,-96.17,6.53,Walking
61.56,0,20,63,0,22,20,-0.073,-0.4287,1.7874,-24.23,-102.06,6.74,Walking
61.58,51,0,0,0,0,0,-0.1892,-0.5255,1.7408,-12.7,-133.33,11.06,Walking
61.6,27,0,0,5,30,0,-0.1998,-0.5902,1.6051,-10.22,-146.07,16.88,Walking
61.62,0,10,1,0,12,0,-0.2904,-0.5482,1.4633,-18.75,-144.86,23.66,Walking
61.64,30,0,23,48,0,0,-0.257,-0.5004,1.5876,-10.03,-162.75,29.26,Walking
61.66,0,48,0,0,0,0,-0.2496,-0.406,1.4042,-11.49,-161.0,25.34,Walking
61.68,26,0,0,5,0,0,-0.2054,-0.5511,1.2485,-0.65,-179.13,41.18,Walking
61.7,0,0,0,66,59,0,-0.2155,-0.4295,1.2921,-8.41,-171.42,29.0,Walking
61.72,2,23,5,22,13,6,-0.1546,-0.359,1.0439,5.62,-180.81,41.86,Walking
61.74,0,0,0,0,26,6,-0.1776,-0.4013,0.9521,10.44,-192.64,38.05,Walking
61.76,8,39,0,5,31,9,-0.2371,-0.2156,0.6812,11.51,-166.35,44.41,Walking
61.78,17,0,0,24,2,7,-0.1895,-0.3508,0.5892,2.92,-171.43,38.58,Walking
61.8,0,4,3,76,0,23,-0.3028,-0.2288,0.4393,16.3,-159.17,43.2,Walking
61.82,0,0,13,7,24,27,-0.2156,0.0147,0.4179,19.5,-136.64,31.28,Walking
61.84,0,0,0,0,0,0,-0.1515,0.0577,0.3942,16.56,-136.22,27.0,Walking
61.86,11,41,26,0,50,0,-0.0511,0.0222,0.3696,25.02,-107.62,41.92,Walking
61.88,0,5,0,48,5,22,-0.1602,0.2085,0.4591,27.65,-110.52,37.03,Walking
61.9,0,15,0,0,0,18,-0.1253,0.1113,0.3633,22.25,-83.95,42.47,Walking
61.92,0,0,0,0,28,43,-0.0366,0.2004,0.3177,33.19,-81.82,37.54,Walking
61.94,36,23,0,47,0,17,-0.1331,0.1682,0.5035,23.65,-62.43,25.99,Walking
61.96,0,37,0,28,6,0,-0.0988,0.1922,0.7815,27.42,-51.52,30.4,Walking
61.98,7,0,0,0,1,0,-0.0446,0.438,0.8163,25.61,-24.5,21.33,Walking
62.0,120,2,4,19,46,31,-0.0207,0.4272,0.9853,26.57,12.52,15.22,Walking
62.02,315,0,3,29,0,18,0.0665,0.5038,1.2248,28.24,18.02,14.47,Walking
62.04,799,0,18,0,0,0,0.0707,0.3152,1.2341,32.63,37.55,17.73,Walking
62.06,1535,13,0,34,0,22,-0.0495,0.5715,1.437,30.04,49.75,7.9,Walking
62.08,2269,11,0,0,0,31,0.0849,0.5299,1.5203,29.85,79.5,-2.4,Walking
62.1,2817,87,0,0,0,15,0.1086,0.4803,1.6802,28.29,79.11,-0.35,Walking
62.12,2834,129,67,32,20,9,0.1164,0.5592,1.4007,14.68,115.98,-10.46,Walking
62.14,2372,248,79,53,0,0,0.2046,0.6825,1.5577,24.98,136.46,-12.61,Walking
62.16,1629,437,187,2,12,22,0.2222,0.4596,1.6848,21.95,136.53,-11.3,Walking
62.18,856,675,310,0,0,0,0.1905,0.6835,1.643,10.08,159.88,-19.97,Walking
62.2,353,1016,560,0,15,0,0.3052,0.5729,1.5777,9.11,167.67,-18.77,Walking
62.22,137,1260,773,52,0,15,0.3366,0.382,1.3641,10.42,179.0,-29.66,Walking
62.24,66,1376,1034,37,32,0,0.2146,0.5426,1.2779,5.46,178.97,-28.89,Walking
62.26,0,1326,1105,153,62,0,0.2953,0.254,1.2152,1.7,168.89,-36.24,Walking
62.28,0,1190,1069,288,165,28,0.24,0.3242,1.0212,-6.35,184.57,-27.91,Walking
62.3,36,830,911,498,260,0,0.325,0.3191,0.9033,-5.99,187.67,-35.21,Walking
62.32,28,568,762,765,534,0,0.1532,0.3514,0.6574,-12.36,166.66,-38.85,Walking
62.34,27,291,442,1215,891,0,0.2598,0.4129,0.4655,-6.55,184.61,-53.95,Walking
62.36,0,150,279,1655,1467,0,0.2437,0.2174,0.5136,-11.69,160.66,-32.58,Walking
62.38,0,39,140,2140,1978,1,0.3064,0.2039,0.3651,-15.29,151.65,-44.36,Walking
62.4,0,16,18,2434,2483,0,0.214,-0.016,0.3384,-20.01,133.69,-34.22,Walking
62.42,0,25,0,2600,2882,51,0.1589,-0.121,0.3234,-24.18,131.91,-39.44,Walking
62.44,0,0,31,2525,3155,86,0.116,-0.1751,0.379,-30.39,127.54,-31.87,Walking
62.46,16,6,0,2233,2979,233,0.1163,0.018,0.4021,-27.59,74.69,-30.8,Walking
62.48,0,0,24,1787,2663,544,0.0695,-0.1984,0.4176,-23.73,76.34,-32.55,Walking
62.5,0,0,19,1321,2181,1065,0.2073,-0.2112,0.6936,-21.86,66.09,-25.89,Walking
62.52,0,0,27,898,1633,1670,0.1146,-0.2854,0.697,-27.99,42.14,-35.17,Walking
62.54,0,0,0,546,1070,2189,0.0095,-0.2984,0.8019,-31.62,9.9,-18.89,Walking
62.56,42,15,0,309,695,2297,0.1136,-0.3354,1.1642,-32.24,2.44,-17.85,Walking
62.58,18,12,0,141,420,1979,-0.0141,-0.5384,0.984,-25.92,-20.57,-16.5,Walking
62.6,10,0,5,77,174,1393,-0.1464,-0.5005,1.3304,-26.39,-31.73,-13.07,Walking
62.62,27,16,1,0,80,822,-0.0492,-0.5344,1.3619,-25.39,-65.23,-9.69,Walking
62.64,4,0,11,24,80,370,-0.2249,-0.6865,1.3838,-25.56,-81.45,-2.9,Walking
62.66,0,14,5,0,32,158,-0.1992,-0.352,1.609,-32.81,-103.7,1.76,Walking
62.68,0,8,16,4,0,0,-0.2457,-0.5132,1.8029,-25.01,-116.84,6.57,Walking
62.7,0,0,0,59,0,0,-0.2092,-0.6923,1.6824,-22.37,-135.5,14.93,Walking
62.72,19,2,4,52,0,6,-0.2328,-0.5372,1.6699,-23.01,-136.4,18.81,Walking
62.74,6,0,7,0,22,26,-0.1042,-0.4161,1.5538,-18.7,-145.76,23.67,Walking
62.76,7,0,15,39,0,0,-0.373,-0.6059,1.6014,-10.47,-159.47,23.54,Walking
62.78,37,42,18,0,78,0,-0.2358,-0.5278,1.3201,-4.8,-173.74,33.87,Walking
62.8,22,15,13,0,51,38,-0.1833,-0.5465,1.2002,-12.76,-172.47,28.21,Walking
62.82,0,16,0,10,0,0,-0.2241,-0.4098,1.0951,-8.03,-181.23,36.31,Walking
62.84,3,0,0,4,0,0,-0.3068,-0.415,0.9672,-2.41,-178.19,35.44,Walking
62.86,77,0,0,12,15,27,-0.2134,-0.379,0.8059,2.32,-173.47,40.75,Walking
62.88,8,0,3,14,0,0,-0.261,-0.2404,0.7267,15.47,-177.01,39.39,Walking
62.9,38,30,34,50,36,11,-0.29,-0.1209,0.5004,10.28,-153.13,40.47,Walking
62.92,15,0,0,76,0,0,-0.2156,-0.1484,0.3654,10.83,-161.75,40.34,Walking
62.94,0,0,11,0,0,10,-0.2204,-0.0701,0.4545,19.53,-142.25,37.13,Walking
62.96,77,19,20,54,1,38,-0.2599,0.0312,0.2397,28.37,-127.56,36.71,Walking
62.98,0,0,0,0,0,22,-0.0374,0.0762,0.396,15.15,-127.23,35.3,Walking
63.0,0,12,7,0,25,0,-0.0854,0.0018,0.3373,19.69,-105.73,32.05,Walking
63.02,6,15,0,29,4,0,-0.096,0.1382,0.4685,30.97,-94.45,31.8,Walking
63.04,1,0,16,0,24,0,-0.0874,0.2021,0.5923,32.12,-68.75,27.27,Walking
63.06,44,0,0,0,49,17,-0.0537,0.1551,0.6534,24.64,-50.81,25.75,Walking
63.08,29,0,3,36,48,21,-0.1406,0.4129,0.7946,37.76,-33.81,17.83,Walking
63.1,33,12,16,22,0,18,-0.0552,0.4428,0.9221,22.9,-9.94,16.68,Walking
63.12,235,0,20,28,0,0,-0.0323,0.1855,1.0937,23.63,0.86,21.66,Walking
63.14,557,10,21,41,18,0,0.1545,0.463,1.2328,27.14,22.03,11.28,Walking
63.16,1084,0,0,3,19,11,0.0633,0.471,1.3685,35.95,50.67,16.89,Walking
63.18,1868,0,0,0,0,0,0.104,0.5848,1.5483,38.3,57.72,15.58,Walking
63.2,2522,65,31,0,0,1,0.1216,0.5116,1.5078,33.28,89.58,7.61,Walking
63.22,2894,44,38,21,0,0,0.2259,0.6167,1.5859,23.01,117.2,-6.33,Walking
63.24,2681,154,73,0,8,0,0.1966,0.6603,1.6504,11.86,118.32,-12.48,Walking
63.26,2003,294,133,37,0,16,0.1864,0.4246,1.6216,26.51,125.14,-15.71,Walking
63.28,1216,535,195,0,0,14,0.183,0.5342,1.7261,16.75,154.05,-15.93,Walking
63.3,684,874,400,53,0,4,0.1992,0.3911,1.5136,9.88,156.82,-26.44,Walking
63.32,260,1137,646,27,0,0,0.1796,0.5236,1.4029,4.19,161.88,-23.85,Walking
63.34,76,1346,899,0,75,30,0.2393,0.5782,1.4225,13.91,171.04,-21.81,Walking
63.36,74,1391,1066,44,20,0,0.2549,0.4918,1.3586,3.25,183.31,-30.22,Walking
63.38,16,1280,1157,128,121,16,0.2913,0.3761,1.0278,-3.89,186.76,-33.97,Walking
63.4,0,1056,1069,339,205,5,0.3356,0.4256,0.8905,-4.87,181.94,-42.71,Walking
63.42,3,716,777,598,384,0,0.2346,0.2223,0.7714,-6.56,193.87,-33.12,Walking
63.44,36,451,593,921,671,0,0.2324,0.256,0.6345,-4.32,174.24,-32.77,Walking
63.46,0,228,368,1390,1123,0,0.2293,0.0931,0.5807,-11.77,157.44,-42.93,Walking
63.48,7,102,203,1849,1645,32,0.3163,0.1958,0.4544,-13.26,154.34,-34.47,Walking
63.5,0,76,128,2316,2160,0,0.2228,-0.058,0.4261,-11.8,143.13,-37.96,Walking
63.52,0,32,0,2545,2719,12,0.1262,0.0441,0.2635,-22.27,121.16,-44.14,Walking
63.54,0,4,22,2591,3013,23,0.1469,-0.0068,0.3352,-23.61,112.82,-35.25,Walking
63.56,0,0,0,2417,3074,171,0.2283,0.0447,0.4758,-22.08,96.43,-38.42,Walking
63.58,24,16,8,2047,2922,365,0.0713,-0.0179,0.4743,-22.57,84.95,-32.31,Walking
63.6,20,0,0,1561,2544,724,0.0784,-0.3047,0.7096,-29.4,75.37,-27.49,Walking
63.62,16,2,1,1132,1943,1320,-0.0158,-0.3133,0.6767,-24.59,51.52,-29.76,Walking
63.64,0,12,14,709,1412,1902,0.1171,-0.3372,0.8085,-28.44,36.81,-34.82,Walking
63.66,0,23,15,443,935,2278,0.0123,-0.3835,1.1488,-24.48,17.49,-32.53,Walking
63.68,40,8,4,277,563,2212,-0.005,-0.557,1.0518,-32.26,-28.92,-18.81,Walking
63.7,8,0,0,141,302,1744,0.0289,-0.4351,1.303,-30.46,-28.15,-16.59,Walking
63.72,0,15,3,71,148,1097,-0.0683,-0.5857,1.2859,-21.65,-53.62,-13.33,Walking
63.74,0,11,0,29,79,615,0.0136,-0.5026,1.4872,-24.91,-88.55,-2.11,Walking
63.76,0,28,32,39,0,236,-0.2294,-0.4765,1.4488,-29.75,-80.32,0.32,Walking
63.78,0,0,14,0,0,15,-0.1799,-0.5354,1.8221,-20.97,-124.02,4.87,Walking
63.8,79,0,10,2,0,0,-0.1815,-0.5638,1.7074,-21.88,-118.38,7.49,Walking
63.82,0,16,0,5,74,33,-0.1064,-0.4273,1.621,-20.33,-136.74,11.89,Walking
63.84,0,37,12,6,0,0,-0.26,-0.5119,1.6102,-10.57,-131.64,25.82,Walking
63.86,9,36,0,22,26,0,-0.1914,-0.5564,1.56,-11.39,-156.88,31.45,Walking
63.88,43,0,14,7,25,6,-0.2546,-0.5927,1.3712,-11.38,-167.51,21.87,Walking
63.9,0,0,0,14,3,0,-0.3315,-0.4735,1.2429,2.04,-170.03,23.58,Walking
63.92,87,35,0,10,68,0,-0.2654,-0.4137,1.029,-3.0,-169.33,26.34,Walking
63.94,1,0,0,0,0,20,-0.2866,-0.3523,1.1208,-0.0,-172.87,24.86,Walking
63.96,0,38,0,0,0,15,-0.2356,-0.4981,0.8715,2.87,-184.77,37.29,Walking
63.98,29,0,17,51,18,0,-0.2,-0.3565,0.757,2.74,-178.89,28.76,Walking
64.0,11,0,0,6,31,0,-0.136,-0.1483,0.652,6.87,-153.81,39.57,Walking
64.02,27,0,22,14,0,30,-0.2398,-0.1867,0.6698,11.05,-163.75,45.76,Walking
64.04,1,36,0,60,33,36,-0.1646,-0.2492,0.29,12.81,-152.5,41.86,Walking
64.06,54,0,0,9,10,40,-0.1105,-0.0451,0.3893,23.95,-131.06,27.44,Walking
64.08,42,0,22,25,0,0,-0.1374,-0.0544,0.3147,22.85,-141.37,41.61,Walking
64.1,2,0,8,24,0,9,-0.1476,0.0944,0.3415,28.69,-120.52,35.17,Walking
64.12,0,17,9,33,0,0,-0.1875,0.1902,0.4979,17.79,-105.62,36.89,Walking
64.14,0,8,14,0,2,0,-0.2273,0.0853,0.493,27.53,-92.18,30.72,Walking
64.16,48,0,1,0,0,0,-0.0302,0.3155,0.4882,32.21,-63.64,32.42,Walking
64.18,17,4,0,41,19,21,-0.0413,0.3443,0.848,22.42,-49.14,29.92,Walking
64.2,51,0,38,0,21,0,-0.0348,0.3728,0.7877,26.08,-17.08,24.35,Walking
64.22,0,31,19,35,38,20,0.094,0.4552,1.0605,24.56,-8.19,13.09,Walking
64.24,264,0,28,0,18,0,-0.032,0.4767,1.0258,32.06,7.46,18.39,Walking
64.26,720,0,0,0,0,20,0.082,0.4252,1.3316,18.66,34.3,4.96,Walking
64.28,1398,19,15,0,0,39,0.0224,0.5391,1.5315,33.24,39.64,10.46,Walking
64.3,2194,31,24,0,31,4,0.0453,0.6108,1.5197,27.23,62.36,1.53,Walking
64.32,2771,40,6,0,41,9,0.2258,0.5557,1.6167,25.09,103.21,8.45,Walking
64.34,2897,110,55,0,1,0,0.1898,0.6132,1.7002,29.91,110.63,-3.49,Walking
64.36,2460,248,64,52,32,0,0.1286,0.5956,1.6425,26.11,125.87,-9.58,Walking
64.38,1623,423,152,0,4,0,0.1711,0.5784,1.6245,22.67,140.63,-15.13,Walking
64.4,950,676,286,28,0,0,0.2581,0.5226,1.3677,16.98,161.4,-24.04,Walking
64.42,419,1002,452,38,38,0,0.3228,0.5927,1.6605,8.85,158.82,-19.6,Walking
64.44,137,1263,753,31,0,13,0.1732,0.3797,1.4268,15.96,163.24,-25.02,Walking
64.46,62,1377,941,49,51,0,0.2064,0.5614,1.2503,1.14,170.41,-27.0,Walking
64.48,39,1378,1097,99,73,2,0.2331,0.446,1.3106,1.84,185.41,-30.11,Walking
64.5,0,1175,1112,227,148,0,0.1994,0.2474,0.9757,4.15,181.09,-39.85,Walking
64.52,0,859,923,448,245,6,0.2858,0.4815,0.768,1.58,176.25,-35.11,Walking
64.54,50,582,749,774,422,32,0.2068,0.2679,0.7542,-17.68,170.7,-42.54,Walking
64.56,0,332,466,1187,866,0,0.3325,0.2681,0.5153,-15.11,158.15,-41.18,Walking
64.58,40,140,313,1642,1366,1,0.1715,0.1557,0.4241,-15.84,178.48,-42.67,Walking
64.6,0,78,129,2101,1872,54,0.1007,0.04,0.5026,-14.32,146.52,-40.01,Walking
64.62,20,46,60,2436,2469,0,0.0794,0.0443,0.3096,-8.58,149.09,-41.28,Walking
64.64,0,34,52,2605,2862,50,0.1827,-0.0032,0.3588,-30.59,130.59,-36.62,Walking
64.66,0,10,0,2514,3061,48,0.0471,-0.1533,0.3087,-19.65,110.72,-34.21,Walking
64.68,20,0,0,2219,3106,192,0.0892,-0.1936,0.418,-24.87,90.17,-38.75,Walking
64.7,18,5,0,1851,2777,500,0.0659,-0.2916,0.5091,-26.09,72.76,-43.52,Walking
64.72,27,2,5,1327,2271,986,-0.0188,-0.3765,0.5612,-26.56,59.44,-34.66,Walking
64.74,0,0,10,897,1662,1610,0.0709,-0.4322,0.7003,-28.63,55.55,-21.62,Walking
64.76,0,0,0,567,1204,2154,0.0924,-0.3428,0.8272,-38.66,15.93,-19.73,Walking
64.78,0,0,0,343,723,2290,0.0231,-0.4107,1.051,-28.24,-11.68,-19.55,Walking
64.8,0,3,0,141,454,2025,-0.0113,-0.367,1.0705,-34.67,-20.6,-24.08,Walking
64.82,28,5,0,88,258,1426,-0.0707,-0.5267,1.2236,-31.54,-28.57,-10.49,Walking
64.84,28,0,33,9,138,878,-0.1331,-0.3744,1.5075,-22.59,-62.99,-1.97,Walking
64.86,0,21,8,10,40,404,-0.1138,-0.4537,1.5446,-22.96,-67.26,-2.47,Walking
64.88,10,11,11,0,21,166,-0.1689,-0.5659,1.5599,-21.24,-93.41,2.84,Walking
64.9,31,8,15,11,0,0,-0.1795,-0.5519,1.6229,-21.4,-110.17,6.68,Walking
64.92,0,0,0,0,49,27,-0.1888,-0.5469,1.7506,-20.75,-131.6,4.82,Walking
64.94,49,8,3,0,0,0,-0.151,-0.4694,1.5916,-20.6,-149.87,12.27,Walking
64.96,8,18,10,37,40,0,-0.1828,-0.6153,1.5048,-15.25,-148.19,16.03,Walking
64.98,21,13,11,28,34,12,-0.2558,-0.5341,1.4095,-10.95,-158.78,27.6,Walking
65.0,47,1,14,16,0,4,-0.2146,-0.5056,1.2136,-15.02,-181.32,21.74,Walking
65.02,23,16,13,41,0,28,-0.3116,-0.4478,1.3019,-10.49,-186.43,25.03,Walking
65.04,0,7,0,6,30,0,-0.3145,-0.304,1.3416,-6.2,-175.61,35.51,Walking
65.06,0,0,32,0,0,41,-0.3043,-0.4872,0.7437,2.34,-185.6,32.32,Walking
65.08,35,26,0,31,0,35,-0.3017,-0.3487,0.8325,1.51,-171.22,44.37,Walking
65.1,16,0,16,0,0,33,-0.1772,-0.4384,0.7005,8.42,-160.19,34.61,Walking
65.12,0,0,9,0,3,22,-0.2452,-0.2033,0.5072,15.86,-170.22,42.4,Walking
65.14,0,33,28,0,8,10,-0.2155,-0.1022,0.4836,14.23,-169.56,42.63,Walking
65.16,8,0,11,35,0,0,-0.2598,-0.0842,0.4094,18.47,-152.47,33.83,Walking
65.18,0,15,11,14,0,29,-0.226,-0.0629,0.3488,22.09,-124.75,40.14,Walking
65.2,47,0,30,0,2,0,-0.1329,-0.0162,0.2401,16.42,-123.01,35.98,Walking
65.22,0,10,19,33,0,0,-0.1252,0.2635,0.3905,18.61,-108.81,36.2,Walking
65.24,28,0,11,0,17,26,-0.1789,0.0926,0.4578,28.38,-91.37,31.78,Walking
65.26,45,0,0,0,0,8,-0.0766,0.0693,0.5427,21.56,-68.46,32.51,Walking
65.28,0,16,9,47,0,49,-0.1246,0.1496,0.6639,29.41,-74.24,32.13,Walking
65.3,24,0,0,0,0,16,-0.0499,0.3544,0.7175,33.27,-25.73,26.53,Walking
65.32,37,28,15,5,0,0,0.0888,0.4031,0.9863,36.0,-13.81,22.06,Walking
65.34,230,0,17,19,0,0,0.1135,0.4164,0.9111,31.87,-6.38,19.05,Walking
65.36,471,14,31,1,78,46,-0.0305,0.4151,1.2408,30.7,14.07,21.52,Walking
65.38,975,0,0,0,0,0,0.0428,0.3392,1.3602,29.74,39.21,11.42,Walking
65.4,1761,23,0,24,46,11,-0.0852,0.587,1.6487,30.22,61.21,2.52,Walking
65.42,2515,2,0,0,7,4,0.0194,0.6318,1.592,29.6,103.98,-1.17,Walking
65.44,2830,76,0,65,0,43,0.0384,0.4697,1.4751,18.77,112.01,-2.43,Walking
65.46,2690,151,72,0,28,0,0.0728,0.5321,1.6281,26.52,132.49,2.68,Walking
65.48,2118,303,146,70,0,0,0.1792,0.4791,1.5817,16.16,131.06,-10.23,Walking
65.5,1321,522,216,0,0,0,0.0837,0.4674,1.7052,16.02,142.39,-19.46,Walking
65.52,686,842,420,11,42,0,0.2365,0.4918,1.5564,4.07,151.74,-18.23,Walking
65.54,331,1122,608,1,52,0,0.295,0.4906,1.4176,11.98,166.52,-18.87,Walking
65.56,152,1352,845,49,0,23,0.3317,0.447,1.2772,-1.59,184.89,-30.0,Walking
65.58,34,1412,1027,120,23,49,0.2141,0.4168,1.2694,1.25,199.78,-31.17,Walking
65.6,8,1285,1098,171,101,43,0.3598,0.2814,1.0619,2.99,191.66,-35.1,Walking
65.62,0,1089,1054,333,114,0,0.2901,0.3893,1.0329,-9.08,180.4,-22.71,Walking
65.64,15,734,817,610,349,0,0.2115,0.4511,0.7805,2.74,191.26,-28.01,Walking
65.66,0,469,598,904,635,0,0.212,0.252,0.6671,-11.91,174.12,-36.88,Walking
65.68,40,268,389,1399,1031,0,0.2714,0.1732,0.6347,-18.91,169.56,-45.37,Walking
65.7,22,143,217,1877,1555,28,0.1542,0.0852,0.5216,-22.88,141.9,-46.26,Walking
65.72,6,28,124,2234,2095,15,0.2495,0.1206,0.5206,-16.22,145.26,-44.62,Walking
65.74,0,18,76,2480,2665,20,0.2379,0.0846,0.2441,-18.73,127.55,-44.26,Walking
65.76,45,0,0,2560,2995,48,0.1193,-0.076,0.498,-23.51,119.17,-31.83,Walking
65.78,29,35,0,2438,3076,132,0.1323,-0.1389,0.4254,-23.18,108.13,-34.18,Walking
65.8,3,0,40,2122,2939,299,0.2083,-0.034,0.4043,-28.1,95.12,-41.07,Walking
65.82,31,2,0,1671,2516,735,0.113,-0.3218,0.6023,-30.21,60.44,-38.02,Walking
65.84,0,13,24,1166,1992,1243,0.0276,-0.3508,0.6725,-29.78,53.96,-17.92,Walking
65.86,0,0,16,816,1471,1826,0.0946,-0.4112,0.8467,-23.94,4.15,-30.43,Walking
65.88,5,13,27,502,976,2266,-0.0839,-0.4055,0.7908,-28.5,15.89,-23.85,Walking
65.9,0,8,0,302,581,2216,0.0104,-0.3373,1.0334,-30.79,-19.8,-20.51,Walking
65.92,0,15,13,102,314,1768,-0.1203,-0.5348,1.419,-26.93,-54.65,-12.93,Walking
65.94,0,3,0,29,187,1191,-0.0226,-0.5015,1.3679,-29.44,-52.86,-7.55,Walking
65.96,19,15,23,0,47,640,-0.1274,-0.4727,1.5831,-22.67,-73.71,-11.25,Walking
65.98,0,0,8,0,79,301,-0.1127,-0.5284,1.4042,-23.85,-88.83,-1.51,Walking
66.0,0,0,0,16,17,13,-0.1293,-0.5129,1.6535,-28.23,-99.26,-0.01,Walking
66.02,26,24,30,20,63,0,-0.2012,-0.5345,1.6813,-16.47,-141.39,13.38,Walking
66.04,0,12,17,0,12,0,-0.0973,-0.4349,1.7184,-10.57,-138.25,17.62,Walking
66.06,0,0,0,24,33,0,-0.2918,-0.5581,1.5189,-18.71,-153.23,14.92,Walking
66.08,1,0,10,0,54,0,-0.124,-0.4653,1.4754,-18.56,-137.86,21.08,Walking
66.1,40,0,0,0,0,59,-0.2677,-0.3886,1.5643,-14.44,-151.17,20.36,Walking
66.12,0,0,0,0,38,0,-0.1596,-0.55,1.3443,-1.44,-187.83,32.8,Walking
66.14,23,29,6,0,33,7,-0.3002,-0.3762,1.2883,-4.25,-187.42,25.89,Walking
66.16,19,19,5,0,0,0,-0.1844,-0.3276,0.9032,-8.67,-186.23,36.02,Walking
66.18,3,8,0,19,8,37,-0.3423,-0.4415,0.8569,-8.17,-178.93,38.37,Walking
66.2,25,48,0,28,0,4,-0.2478,-0.4328,0.8441,6.34,-169.35,33.36,Walking
66.22,10,8,18,44,0,21,-0.2604,-0.1183,0.5502,9.7,-186.85,35.75,Walking
66.24,38,0,9,17,59,21,-0.2085,-0.1632,0.4569,12.71,-165.83,35.25,Walking
66.26,45,0,0,17,71,41,-0.2741,-0.1726,0.4717,10.89,-149.66,37.33,Walking
66.28,25,23,0,39,31,0,-0.1564,-0.1223,0.3716,29.78,-145.14,43.12,Walking
66.3,71,0,2,3,60,26,-0.1606,0.1171,0.5151,17.41,-130.12,42.43,Walking
66.32,14,0,30,0,0,0,-0.2358,-0.0409,0.3071,24.27,-108.22,28.71,Walking
66.34,5,9,0,28,0,0,-0.1296,-0.017,0.2933,26.97,-96.21,41.63,Walking
66.36,53,0,17,6,0,25,-0.1593,0.1562,0.4228,23.98,-90.32,28.39,Walking
66.38,24,0,0,51,0,25,-0.0361,0.1996,0.5844,25.6,-50.78,29.68,Walking
66.4,0,0,42,27,26,44,-0.0422,0.1717,0.7691,28.23,-38.19,31.16,Walking
66.42,11,28,0,0,22,0,-0.1102,0.3961,0.8275,26.19,-11.58,26.94,Walking
66.44,12,29,0,0,28,0,0.0923,0.5118,0.902,31.73,11.05,17.33,Walking
66.46,285,19,13,0,1,75,0.1104,0.4977,1.1133,23.15,21.43,13.13,Walking
66.48,704,23,3,0,1,19,0.0011,0.3553,1.1932,19.25,45.11,20.88,Walking
66.5,1284,27,0,9,0,0,0.1887,0.4673,1.4864,32.5,63.74,7.03,Walking
66.52,2100,12,15,0,18,9,0.0534,0.4481,1.4414,30.49,62.99,1.07,Walking
66.54,2744,44,37,11,0,0,0.0838,0.4466,1.5653,28.61,94.91,0.16,Walking
66.56,2894,73,74,36,0,8,0.1333,0.5781,1.5242,27.91,107.25,4.26,Walking
66.58,2528,188,101,0,42,23,0.2021,0.5632,1.4971,27.42,133.78,-10.18,Walking
66.6,1773,433,158,15,0,0,0.2175,0.5642,1.8312,19.58,136.92,-12.8,Walking
66.62,1068,659,290,18,6,0,0.1835,0.8051,1.6429,15.87,152.9,-14.51,Walking
66.64,515,920,475,0,0,2,0.2835,0.623,1.4937,16.37,158.26,-29.22,Walking
66.66,193,1210,718,33,0,0,0.2279,0.4728,1.428,15.2,162.16,-18.35,Walking
66.68,79,1405,931,36,34,0,0.1891,0.5367,1.2066,8.17,169.09,-29.29,Walking
66.7,4,1386,1085,177,6,0,0.3025,0.4617,1.1259,1.18,195.76,-35.1,Walking
66.72,0,1173,1110,271,137,0,0.1364,0.3077,1.1009,3.2,191.04,-41.26,Walking
66.74,0,920,978,417,249,52,0.2901,0.3022,0.8957,-0.39,167.23,-35.73,Walking
66.76,0,604,749,684,570,27,0.3461,0.2143,0.7646,-3.79,182.35,-34.87,Walking
66.78,18,339,492,1085,829,0,0.1592,0.4562,0.5014,-1.65,171.66,-48.66,Walking
66.8,0,197,283,1555,1299,0,0.1769,0.1966,0.4339,-19.48,152.34,-40.13,Walking
66.82,30,81,150,2046,1787,19,0.2287,0.1095,0.4272,-9.82,147.42,-40.67,Walking
66.84,52,18,64,2400,2366,0,0.139,-0.0414,0.4102,-15.36,126.16,-47.43,Walking
66.86,19,24,16,2582,2846,18,0.2054,-0.0512,0.3976,-22.5,133.84,-38.68,Walking
66.88,52,0,0,2543,3112,29,0.1442,-0.1505,0.5228,-27.71,122.88,-37.87,Walking
66.9,55,0,32,2342,3056,184,0.1617,-0.0636,0.4938,-20.05,79.37,-37.75,Walking
66.92,54,0,0,1884,2824,426,0.1213,-0.3006,0.4613,-34.21,68.09,-34.81,Walking
66.94,15,40,0,1445,2304,890,0.092,-0.2248,0.6616,-27.72,56.47,-28.91,Walking
66.96,0,29,0,907,1701,1513,0.1479,-0.4158,0.69,-34.42,28.68,-27.95,Walking
66.98,0,23,0,630,1187,2070,-0.0105,-0.377,0.9683,-31.56,29.84,-19.67,Walking
67.0,42,4,24,349,738,2301,0.0663,-0.4181,1.1129,-26.53,2.4,-23.65,Walking
67.02,22,29,0,195,437,2081,0.0499,-0.2145,1.1072,-47.45,-13.8,-13.55,Walking
67.04,0,0,0,55,182,1472,-0.0216,-0.3952,1.3725,-32.33,-51.08,-8.91,Walking
67.06,12,17,0,47,110,895,-0.2135,-0.5062,1.5455,-19.47,-71.02,-7.81,Walking
67.08,0,0,12,36,99,431,-0.0915,-0.627,1.4528,-29.81,-83.26,-4.22,Walking
67.1,25,0,25,0,17,225,-0.13,-0.721,1.5942,-28.79,-105.03,2.11,Walking
67.12,38,0,0,0,0,7,-0.1002,-0.4783,1.52,-17.18,-130.23,11.87,Walking
67.14,33,13,24,51,0,0,-0.0903,-0.4947,1.686,-16.7,-138.54,6.06,Walking
67.16,12,20,9,13,5,5,-0.0541,-0.5966,1.5793,-15.98,-141.17,18.05,Walking
67.18,43,10,31,0,0,16,-0.2364,-0.6229,1.5488,-17.84,-159.6,11.02,Walking
67.2,0,19,38,0,10,58,-0.2918,-0.5814,1.4421,-10.21,-162.36,31.02,Walking
67.22,0,35,44,0,0,25,-0.2162,-0.5098,1.4237,-16.37,-177.8,14.5,Walking
67.24,35,28,0,0,0,14,-0.1449,-0.5123,1.4548,-2.91,-170.85,28.59,Walking
67.26,0,11,4,0,22,5,-0.2274,-0.2481,1.0122,-0.69,-155.52,41.48,Walking
67.28,0,22,40,39,0,0,-0.2322,-0.3766,1.2066,3.99,-190.94,32.22,Walking
67.3,5,19,0,0,26,21,-0.3407,-0.3587,0.7742,-1.12,-170.95,38.22,Walking
67.32,0,0,0,0,20,7,-0.2569,-0.5171,0.6342,9.26,-154.63,37.67,Walking
67.34,7,0,0,45,3,45,-0.1872,-0.182,0.7144,10.5,-168.65,49.66,Walking
67.36,38,0,0,0,0,0,-0.2676,-0.2461,0.5218,25.5,-176.46,40.84,Walking
67.38,0,15,0,34,0,13,-0.2368,0.007,0.3303,20.83,-145.59,45.9,Walking
67.4,0,0,0,27,7,33,-0.1129,-0.1494,0.4363,23.31,-134.99,45.96,Walking
67.42,27,0,0,5,28,48,-0.2947,0.0605,0.3448,20.73,-118.19,47.82,Walking
67.44,38,19,0,53,39,0,-0.2225,0.1031,0.3681,23.08,-112.14,34.33,Walking
67.46,24,0,7,17,33,0,-0.0942,0.1531,0.4161,30.73,-105.76,28.71,Walking
67.48,33,13,0,0,0,39,0.0267,0.1486,0.6058,29.37,-79.43,33.78,Walking
67.5,18,24,3,0,45,0,-0.067,0.2507,0.6277,26.53,-59.01,17.61,Walking
67.52,0,0,0,58,28,28,-0.1507,0.2788,0.652,29.66,-37.02,33.32,Walking
67.54,3,25,8,30,18,0,-0.0711,0.3974,0.9849,28.84,-21.0,30.7,Walking
67.56,170,23,45,0,0,5,0.0378,0.2926,0.831,26.06,-8.29,20.33,Walking
67.58,448,0,0,0,31,0,-0.0291,0.4982,1.2499,28.4,3.03,2.44,Walking
67.6,899,16,0,0,0,8,0.0028,0.5739,1.3075,23.75,50.01,-1.47,Walking
67.62,1663,17,0,0,21,0,0.1678,0.5032,1.4063,30.68,64.54,7.34,Walking
67.64,2391,0,24,0,0,0,0.2105,0.6099,1.5886,21.87,71.26,-3.59,Walking
67.66,2891,42,24,0,11,0,0.0967,0.4249,1.5142,15.33,113.08,5.98,Walking
67.68,2746,134,75,0,16,9,0.2543,0.5228,1.7715,20.13,123.41,-5.99,Walking
67.7,2191,253,75,0,28,0,0.1819,0.537,1.6304,15.05,119.84,-11.85,Walking
67.72,1377,498,209,0,47,0,0.1896,0.5413,1.5731,13.52,140.12,-19.38,Walking
67.74,735,789,366,0,42,11,0.2848,0.5781,1.5973,15.9,144.29,-14.22,Walking
67.76,315,1047,556,0,57,37,0.2867,0.5872,1.488,12.83,154.43,-18.46,Walking
67.78,79,1294,851,20,0,0,0.2179,0.4201,1.4097,3.22,189.67,-32.21,Walking
67.8,0,1407,998,69,46,33,0.2367,0.4568,1.4271,11.96,177.55,-32.37,Walking
67.82,44,1299,1083,142,44,0,0.2281,0.4343,1.0831,1.91,183.51,-39.87,Walking
67.84,34,1072,1078,277,183,6,0.3147,0.327,0.9083,1.52,176.82,-40.85,Walking
67.86,6,745,882,508,402,22,0.2519,0.4675,0.7588,0.12,185.33,-36.15,Walking
67.88,0,502,635,862,640,0,0.2803,0.1898,0.7225,0.77,182.5,-41.1,Walking
67.9,0,266,425,1344,1053,0,0.2033,0.1373,0.5445,-8.05,158.77,-41.32,Walking
67.92,7,123,243,1778,1527,25,0.1882,0.0494,0.3792,-22.15,154.37,-42.56,Walking
67.94,0,78,102,2184,2067,0,0.2319,0.1743,0.3831,-19.69,150.87,-44.1,Walking
67.96,0,17,63,2513,2575,0,0.1812,0.0113,0.5261,-28.56,138.4,-30.48,Walking
67.98,0,8,9,2540,2955,42,0.1834,-0.0962,0.3543,-14.22,111.3,-39.09,Walking
68.0,0,9,3,2457,3055,95,0.0727,-0.0816,0.5684,-23.46,112.56,-39.65,Walking
68.02,0,0,9,2157,3048,274,0.1856,0.0009,0.3721,-23.59,85.8,-33.17,Walking
68.04,0,14,10,1670,2646,676,-0.0339,-0.127,0.5322,-24.15,71.94,-36.26,Walking
68.06,0,43,7,1192,2035,1160,0.0727,-0.1547,0.3962,-35.68,60.34,-27.21,Walking
68.08,8,0,0,791,1541,1827,-0.0808,-0.1887,0.6554,-32.47,38.06,-25.99,Walking
68.1,0,4,7,460,993,2203,-0.0421,-0.425,1.0276,-32.37,2.97,-22.88,Walking
68.12,0,31,13,262,562,2260,0.0762,-0.3817,1.1149,-34.81,-13.93,-15.39,Walking
68.14,47,10,11,129,293,1872,-0.051,-0.4205,1.2992,-40.92,-14.4,-14.38,Walking
68.16,16,2,19,34,194,1276,-0.0349,-0.5619,1.5448,-37.88,-39.81,-15.67,Walking
68.18,5,38,42,17,0,688,-0.0656,-0.4907,1.411,-27.9,-73.69,-17.57,Walking
68.2,0,43,2,0,71,298,-0.0878,-0.4629,1.5611,-15.12,-76.08,1.49,Walking
68.22,0,0,3,19,0,115,-0.1757,-0.6511,1.6235,-19.63,-97.5,5.23,Walking
68.24,0,0,0,0,0,0,-0.1762,-0.5086,1.568,-20.42,-130.03,11.35,Walking
68.26,0,27,0,66,0,0,-0.1192,-0.4863,1.802,-17.01,-135.79,17.92,Walking
68.28,2,0,5,26,0,0,-0.2113,-0.6395,1.715,-21.7,-154.44,10.05,Walking
68.3,14,8,0,0,0,0,-0.2683,-0.5508,1.4687,-18.18,-151.3,24.66,Walking
68.32,0,0,0,16,53,0,-0.21,-0.5581,1.4178,-19.76,-187.56,24.99,Walking
68.34,0,0,10,14,29,19,-0.2525,-0.4775,1.3371,-11.46,-180.99,31.66,Walking
68.36,24,0,0,0,0,54,-0.3167,-0.3152,1.3744,1.24,-173.14,31.24,Walking
68.38,0,18,0,0,7,11,-0.2195,-0.3064,1.1536,-2.06,-200.66,34.82,Walking
68.4,16,39,14,0,0,0,-0.329,-0.4243,0.8604,12.71,-173.67,40.42,Walking
68.42,0,19,0,61,23,38,-0.2162,-0.3853,0.7047,-0.42,-164.08,46.97,Walking
68.44,45,11,4,0,13,24,-0.2293,-0.1563,0.6043,2.64,-171.29,31.79,Walking
68.46,69,17,0,44,0,0,-0.2593,-0.1601,0.4001,18.38,-165.09,47.21,Walking
68.48,0,0,5,0,0,0,-0.2267,-0.1592,0.3497,13.73,-167.68,45.3,Walking
68.5,0,0,21,0,2,8,-0.2474,-0.0305,0.3764,22.11,-153.07,36.21,Walking
68.52,2,33,12,0,15,21,-0.1875,-0.0959,0.294,22.11,-140.55,43.65,Walking
68.54,0,0,9,17,0,11,-0.2307,0.1758,0.3327,30.75,-119.02,33.49,Walking
68.56,29,31,37,0,4,1,-0.0825,0.2999,0.4493,20.41,-90.72,35.74,Walking
68.58,7,21,22,0,9,1,-0.1115,0.0644,0.4306,22.55,-86.47,28.92,Walking
68.6,0,0,0,12,0,60,-0.1092,0.2457,0.6271,28.86,-75.32,30.71,Walking
68.62,0,0,0,23,26,38,-0.0208,0.3259,0.6651,17.34,-59.92,26.48,Walking
68.64,50,0,0,61,50,9,-0.0525,0.2519,0.7607,31.46,-35.29,20.86,Walking
68.66,0,29,0,0,0,9,0.0368,0.3035,1.0341,37.67,-12.09,23.53,Walking
68.68,218,0,11,0,28,34,0.0878,0.3599,1.1108,29.72,22.53,12.73,Walking
68.7,591,17,47,21,27,30,0.117,0.4534,1.1744,34.51,47.01,22.12,Walking
68.72,1211,0,0,0,0,14,0.1911,0.6194,1.2972,28.87,57.31,9.22,Walking
68.74,2008,24,0,0,30,38,0.1837,0.5478,1.4633,25.54,77.68,6.12,Walking
68.76,2642,47,29,0,0,0,0.0565,0.545,1.6164,21.99,88.15,-2.99,Walking
68.78,2878,85,28,17,28,0,0.1114,0.545,1.6017,23.8,100.3,-9.71,Walking
68.8,2558,190,64,2,0,12,0.19,0.4063,1.7476,24.12,116.16,-8.83,Walking
68.82,1820,375,123,69,22,0,0.1734,0.456,1.621,13.39,125.56,-11.04,Walking
68.84,1099,612,267,37,0,0,0.124,0.5637,1.7118,15.2,158.73,-14.43,Walking
68.86,531,930,428,7,6,0,0.2598,0.4632,1.5049,22.6,154.91,-18.08,Walking
68.88,173,1189,686,29,0,26,0.3454,0.584,1.5804,8.56,170.59,-24.12,Walking
68.9,81,1358,910,54,8,2,0.1853,0.5175,1.2717,4.6,176.38,-22.69,Walking
68.92,39,1369,1052,115,89,0,0.2966,0.4889,1.1464,14.82,184.96,-30.89,Walking
68.94,0,1249,1096,177,131,29,0.2763,0.3978,0.992,-3.8,167.29,-27.65,Walking
68.96,22,945,996,401,234,0,0.2352,0.3634,0.9141,-5.4,194.92,-36.68,Walking
68.98,42,625,769,745,470,26,0.305,0.329,0.8645,-9.5,173.1,-36.23,Walking
69.0,33,374,543,1055,756,0,0.2493,0.4708,0.5975,-17.38,167.31,-41.4,Walking
69.02,14,231,337,1573,1221,0,0.2598,0.2402,0.5701,-13.53,156.01,-43.66,Walking
69.04,0,97,168,1984,1801,0,0.2778,0.0936,0.4856,-11.68,161.82,-44.32,Walking
69.06,0,49,54,2322,2287,0,0.1563,0.0747,0.2588,-10.35,152.55,-40.13,Walking
69.08,8,11,49,2598,2804,20,0.1226,-0.0274,0.4336,-22.84,123.42,-37.97,Walking
69.1,4,0,2,2563,3038,62,0.1878,-0.138,0.2762,-24.9,90.94,-29.12,Walking
69.12,0,31,43,2350,3117,155,0.1011,-0.2053,0.5252,-20.94,100.99,-27.35,Walking
69.14,25,5,0,1920,2821,391,0.0783,-0.1114,0.5357,-25.85,83.56,-30.01,Walking
69.16,0,0,17,1470,2421,879,-0.0646,-0.1598,0.6262,-32.01,78.84,-29.08,Walking
69.18,13,15,16,1015,1841,1471,0.0324,-0.2758,0.7758,-29.43,35.69,-35.1,Walking
69.2,0,2,0,654,1258,2076,-0.0165,-0.2938,0.7449,-33.59,23.53,-18.21,Walking
69.22,29,5,24,328,771,2300,0.0993,-0.3119,1.0041,-32.7,-11.41,-22.09,Walking
69.24,0,0,2,205,456,2099,-0.0855,-0.5096,1.1841,-23.22,-22.58,-14.4,Walking
69.26,0,0,0,119,235,1586,-0.0138,-0.6538,1.4364,-26.81,-40.29,-11.36,Walking
69.28,0,0,0,5,161,1019,-0.1403,-0.5098,1.4497,-28.83,-65.34,-8.04,Walking
69.3,40,0,0,21,44,484,0.0149,-0.5427,1.466,-32.57,-63.51,-3.59,Walking
69.32,4,18,8,14,52,243,-0.061,-0.5612,1.6435,-26.98,-106.32,5.43,Walking
69.34,42,0,0,22,0,0,-0.1317,-0.498,1.7395,-25.63,-110.11,10.37,Walking
69.36,0,23,0,49,18,0,-0.2087,-0.618,1.7577,-21.62,-137.03,11.05,Walking
69.38,10,0,11,56,33,0,-0.193,-0.5632,1.6544,-15.04,-144.73,13.33,Walking
69.4,0,45,0,6,0,0,-0.2968,-0.587,1.6239,-16.35,-148.97,7.3,Walking
69.42,20,0,0,0,49,31,-0.2419,-0.5142,1.5031,-26.17,-157.29,19.82,Walking
69.44,4,5,1,1,0,1,-0.1554,-0.4677,1.3089,-9.56,-161.69,15.97,Walking
69.46,57,28,0,101,0,17,-0.2359,-0.3099,1.2836,-3.78,-182.94,25.74,Walking
69.48,78,0,17,0,13,0,-0.1733,-0.4126,1.1828,-8.8,-171.36,30.48,Walking
69.5,49,19,30,19,48,0,-0.3675,-0.3773,1.0831,1.39,-182.5,33.97,Walking
69.52,49,2,18,0,0,0,-0.2301,-0.3033,0.8257,-3.0,-180.6,35.51,Walking
69.54,0,2,0,25,0,9,-0.3658,-0.2339,0.769,10.04,-180.02,34.29,Walking
69.56,18,0,17,0,76,0,-0.1974,-0.2685,0.6005,7.41,-166.96,34.6,Walking
69.58,0,0,0,22,0,54,-0.2066,-0.1657,0.4612,8.28,-148.57,33.89,Walking
69.6,17,2,15,0,24,0,-0.2361,-0.0339,0.3266,21.9,-156.67,34.89,Walking
69.62,32,15,0,32,13,25,-0.3092,-0.0943,0.3051,8.04,-150.05,39.97,Walking
69.64,5,1,27,0,19,0,-0.2065,0.0369,0.6028,24.03,-127.7,32.97,Walking
69.66,22,9,4,21,11,35,-0.1313,-0.0427,0.2728,28.0,-123.91,35.39,Walking
69.68,31,0,0,0,0,33,-0.1254,0.0872,0.2438,22.27,-83.79,35.63,Walking
69.7,22,0,0,54,0,10,-0.0465,0.2437,0.59,28.97,-76.65,35.77,Walking
69.72,20,4,4,11,7,12,-0.0789,0.2481,0.6624,27.15,-32.09,23.29,Walking
69.74,61,6,9,0,9,7,-0.0932,0.3124,0.7429,29.16,-48.53,24.27,Walking
69.76,0,23,0,0,39,21,0.0712,0.2645,0.9018,27.84,-26.01,22.98,Walking
69.78,132,0,13,34,0,17,-0.0196,0.351,0.9378,30.81,6.75,23.12,Walking
69.8,396,50,0,0,6,0,0.0213,0.5746,1.279,32.43,24.82,13.91,Walking
69.82,895,5,0,0,0,0,-0.0077,0.454,1.2987,31.39,32.92,7.51,Walking
69.84,1562,7,0,16,9,0,0.0515,0.4889,1.4614,29.95,78.32,15.66,Walking
69.86,2291,9,0,19,4,0,-0.019,0.6319,1.3978,27.23,93.84,-7.56,Walking
69.88,2858,48,0,13,32,0,0.0621,0.5269,1.6728,21.72,85.35,-2.27,Walking
69.9,2796,145,47,0,0,10,0.1778,0.6046,1.6548,20.54,121.77,-6.66,Walking
69.92,2290,239,105,0,42,13,0.218,0.676,1.6626,21.26,111.99,-4.85,Walking
69.94,1481,494,195,0,0,0,0.0855,0.5195,1.7604,13.51,140.5,-19.23,Walking
69.96,829,706,351,12,13,17,0.2642,0.3198,1.4829,19.83,142.44,-21.93,Walking
69.98,380,1028,536,24,0,0,0.1672,0.4131,1.6445,9.0,157.72,-28.29,Walking
70.0,97,1268,820,0,0,41,0.2099,0.5244,1.2027,1.34,164.17,-21.48,Walking
70.02,30,1396,981,141,37,31,0.3151,0.3666,1.3159,6.43,170.4,-30.31,Walking
70.04,33,1368,1066,174,61,0,0.3238,0.483,1.1009,3.09,178.46,-28.22,Walking
70.06,16,1067,1057,250,135,0,0.1268,0.4663,1.0032,-0.07,199.11,-36.89,Walking
70.08,0,826,896,483,301,3,0.2901,0.4558,0.7985,-2.37,163.94,-38.79,Walking
70.1,13,572,669,821,575,0,0.2708,0.2053,0.6519,-0.16,150.53,-40.15,Walking
70.12,0,304,428,1229,930,0,0.2201,0.3012,0.6231,-8.8,163.56,-35.6,Walking
70.14,0,149,224,1774,1457,9,0.2755,0.2263,0.5126,-16.38,163.18,-50.02,Walking
70.16,0,40,135,2120,1964,22,0.2189,0.0714,0.3678,-19.28,143.56,-43.74,Walking
70.18,16,35,37,2452,2576,0,0.1392,-0.0127,0.3719,-10.95,127.13,-28.81,Walking
70.2,0,0,33,2642,2920,44,0.206,0.0141,0.4846,-16.07,126.19,-39.52,Walking
70.22,0,11,1,2467,3133,96,0.1221,-0.0872,0.3915,-26.05,96.71,-37.92,Walking
70.24,0,13,1,2190,3020,276,0.1194,-0.1044,0.5494,-28.14,115.38,-35.96,Walking
70.26,0,0,1,1749,2694,601,0.0239,-0.0984,0.502,-21.58,77.83,-29.95,Walking
70.28,19,29,20,1273,2098,1110,-0.0292,-0.2574,0.477,-35.88,40.78,-33.96,Walking
70.3,23,5,14,858,1589,1739,0.0146,-0.2126,0.7822,-35.67,14.67,-22.85,Walking
70.32,0,8,0,525,1041,2162,0.0179,-0.3524,0.897,-30.36,2.93,-26.15,Walking
70.34,0,7,0,235,614,2285,0.0192,-0.4848,1.1012,-34.89,-16.11,-18.76,Walking
70.36,4,11,0,136,346,1902,-0.126,-0.3529,1.2693,-26.14,-25.82,-7.82,Walking
70.38,21,0,0,39,175,1333,-0.0338,-0.3521,1.3927,-37.34,-48.64,-12.89,Walking
70.4,0,0,11,3,68,751,-0.0733,-0.4997,1.4473,-29.1,-44.6,-3.37,Walking
70.42,2,0,6,70,33,325,-0.0946,-0.6145,1.5799,-23.82,-68.06,9.65,Walking
70.44,8,0,0,27,0,97,-0.0617,-0.6408,1.6836,-29.63,-95.96,2.68,Walking
70.46,24,17,0,23,0,0,-0.2469,-0.5982,1.6092,-17.64,-153.95,3.72,Walking
70.48,57,16,33,0,0,0,-0.1118,-0.6305,1.6227,-14.87,-134.94,11.07,Walking
70.5,18,7,3,16,0,0,-0.229,-0.5557,1.4722,-14.12,-149.47,17.59,Walking
70.52,4,3,0,0,88,45,-0.2445,-0.5172,1.4963,1.38,-151.57,22.96,Walking
70.54,28,3,0,0,6,0,-0.2456,-0.4938,1.4613,-8.51,-161.62,18.58,Walking
70.56,0,0,0,0,0,14,-0.1762,-0.4621,1.2624,-7.94,-176.23,33.21,Walking
70.58,21,0,0,7,0,0,-0.2645,-0.2702,1.1704,-14.37,-169.64,23.99,Walking
70.6,0,0,0,0,15,8,-0.2793,-0.4838,1.0523,-8.84,-169.27,39.88,Walking
70.62,31,12,33,24,37,0,-0.2945,-0.194,0.9444,6.08,-161.56,40.93,Walking
70.64,46,0,0,0,0,44,-0.3007,-0.3421,0.9197,2.67,-168.27,41.6,Walking
70.66,0,19,14,0,15,2,-0.2026,-0.1978,0.6873,6.27,-178.03,43.46,Walking
70.68,0,17,0,21,41,20,-0.2796,-0.1529,0.5543,14.03,-164.06,38.17,Walking
70.7,23,11,44,0,28,12,-0.1166,-0.1952,0.2463,18.38,-156.89,43.51,Walking
70.72,22,0,1,0,39,0,-0.3758,-0.0445,0.3993,18.27,-151.61,36.39,Walking
70.74,0,0,25,3,0,65,-0.2474,-0.0025,0.3437,20.87,-129.98,42.19,Walking
70.76,18,0,15,66,13,46,-0.1453,-0.0547,0.3298,26.96,-111.71,43.44,Walking
70.78,0,0,30,0,0,0,-0.1301,0.1243,0.2636,16.54,-111.5,34.96,Walking
70.8,1,0,14,42,45,25,-0.0155,0.1073,0.4894,31.7,-80.53,31.46,Walking
70.82,21,13,0,16,0,60,-0.1953,0.0711,0.6863,24.7,-44.25,20.63,Walking
70.84,56,0,0,92,0,0,-0.1571,0.2789,0.7147,26.2,-37.17,29.38,Walking
70.86,13,3,0,19,27,35,-0.0996,0.1604,0.9457,26.36,-43.48,29.3,Walking
70.88,22,0,22,29,11,0,0.0349,0.2794,0.9585,27.26,-0.24,17.11,Walking
70.9,211,0,30,0,0,0,-0.0133,0.4047,0.9865,36.35,6.88,18.98,Walking
70.92,539,29,0,17,23,9,0.0732,0.3439,0.9342,28.55,38.28,9.98,Walking
70.94,1207,43,7,20,0,0,0.0682,0.4706,1.3567,23.83,47.18,13.97,Walking
70.96,1943,0,23,11,0,4,0.1468,0.4987,1.4468,21.89,66.62,-0.11,Walking
70.98,2635,27,0,0,58,0,0.1243,0.5698,1.6113,33.49,76.14,7.16,Walking
71.0,2857,76,11,8,20,0,0.159,0.5743,1.5826,25.77,127.65,-9.26,Walking
71.02,2590,185,50,0,0,4,0.2425,0.6332,1.6124,24.79,137.33,-7.64,Walking
71.04,1903,370,110,16,0,0,0.1111,0.6285,1.7751,16.36,160.48,-10.56,Walking
71.06,1213,617,225,12,0,0,0.187,0.5424,1.6912,3.28,161.99,-17.84,Walking
71.08,611,854,433,12,0,0,0.2467,0.5409,1.4459,25.66,160.05,-23.6,Walking
71.1,224,1150,627,8,0,2,0.2115,0.5108,1.4162,12.96,156.8,-22.61,Walking
71.12,78,1385,902,48,41,0,0.2547,0.4536,1.4243,14.79,183.91,-16.64,Walking
71.14,0,1379,1064,165,74,43,0.162,0.4942,1.1876,0.95,185.99,-25.6,Walking
71.16,31,1225,1085,216,93,0,0.2831,0.3235,1.0776,2.08,186.83,-28.78,Walking
71.18,36,996,999,369,172,7,0.2716,0.3204,0.8579,-8.84,178.69,-31.22,Walking
71.2,0,696,835,653,447,42,0.3573,0.3348,0.712,-4.85,167.66,-41.47,Walking
71.22,35,429,567,1026,759,0,0.2178,0.2448,0.592,-15.13,167.86,-37.88,Walking
71.24,0,213,343,1475,1174,23,0.2192,0.2354,0.5586,-5.2,165.93,-36.43,Walking
71.26,17,96,197,1942,1631,0,0.2267,0.1119,0.4114,-9.34,164.27,-40.62,Walking
71.28,39,68,80,2368,2243,0,0.282,0.076,0.5244,-18.24,121.39,-44.07,Walking
71.3,0,7,62,2632,2757,19,0.1889,0.009,0.3152,-21.15,129.42,-51.68,Walking
71.32,0,38,41,2631,2998,37,0.1385,-0.0341,0.3786,-20.46,116.03,-41.02,Walking
71.34,19,0,27,2354,3018,122,-0.0173,-0.1443,0.5136,-19.23,93.1,-22.3,Walking
71.36,7,0,0,2021,2829,364,0.1017,-0.2209,0.3804,-31.71,86.06,-31.17,Walking
71.38,5,44,7,1577,2451,776,0.0781,-0.1548,0.6511,-27.43,55.81,-21.9,Walking
71.4,19,46,1,1058,1888,1411,0.0805,-0.2819,0.7519,-28.56,29.7,-17.22,Walking
71.42,0,0,28,729,1351,1970,0.0383,-0.2139,0.7797,-25.34,16.33,-27.28,Walking
71.44,12,0,15,393,854,2307,0.0156,-0.4464,0.8014,-22.95,-2.48,-17.06,Walking
71.46,40,22,24,231,499,2208,0.0085,-0.4394,1.2726,-28.17,-15.16,-9.69,Walking
71.48,6,0,24,43,245,1678,-0.0704,-0.4805,1.2323,-32.16,-28.45,-17.69,Walking
71.5,70,0,14,19,118,1040,-0.0527,-0.4734,1.4999,-29.36,-46.44,-9.15,Walking
71.52,0,11,0,0,68,530,-0.0747,-0.3961,1.6424,-29.06,-57.71,-11.26,Walking
71.54,0,0,16,29,66,222,-0.1649,-0.5744,1.6069,-26.66,-101.73,1.68,Walking
71.56,0,19,19,0,0,0,-0.1955,-0.4756,1.577,-23.03,-119.78,2.16,Walking
71.58,0,18,0,20,65,19,-0.2278,-0.4867,1.6988,-18.56,-117.82,16.27,Walking
71.6,0,2,0,24,4,19,-0.1739,-0.5008,1.798,-22.39,-138.82,3.83,Walking
71.62,40,10,35,51,0,26,-0.1877,-0.4201,1.5902,-9.19,-132.93,23.06,Walking
71.64,10,0,24,14,0,0,-0.1881,-0.5707,1.5052,-12.22,-138.28,14.69,Walking
71.66,0,7,5,0,0,18,-0.3021,-0.552,1.458,-12.97,-159.97,22.34,Walking
71.68,9,5,42,0,0,0,-0.2439,-0.3785,1.2613,1.43,-169.41,30.38,Walking
71.7,0,4,0,0,0,0,-0.2775,-0.4909,1.1769,-5.55,-190.85,28.36,Walking
71.72,23,0,26,18,42,0,-0.1857,-0.2364,0.9078,0.57,-172.34,39.85,Walking
71.74,23,1,7,0,0,0,-0.2445,-0.4165,0.7439,-0.07,-178.14,39.93,Walking
71.76,0,9,2,0,28,16,-0.2355,-0.2944,0.5738,10.06,-169.13,29.84,Walking
71.78,0,0,6,68,0,18,-0.1241,-0.0603,0.5217,11.54,-143.56,51.42,Walking
71.8,27,0,0,0,30,0,-0.2174,-0.2002,0.36,11.43,-146.89,47.16,Walking
71.82,19,0,0,19,6,15,-0.2111,-0.0824,0.262,18.02,-144.59,47.91,Walking
71.84,0,0,24,12,20,12,-0.2254,-0.009,0.4041,18.54,-146.67,44.92,Walking
71.86,7,1,0,18,11,0,-0.231,0.126,0.2767,22.75,-124.78,41.7,Walking
71.88,10,11,11,50,0,0,-0.2842,0.0768,0.3969,25.6,-119.0,45.06,Walking
71.9,0,11,22,0,40,61,-0.1292,0.1493,0.3774,19.87,-99.54,27.81,Walking
71.92,1,0,21,66,0,8,-0.2236,0.2206,0.5476,22.6,-86.73,27.67,Walking
71.94,14,5,0,0,0,0,-0.0158,0.2314,0.5821,23.42,-69.59,31.98,Walking
71.96,0,13,0,19,16,0,-0.0463,0.3497,0.6738,32.78,-40.96,29.87,Walking
71.98,0,38,0,30,19,17,-0.0814,0.2771,0.8798,18.4,-31.6,23.26,Walking
72.0,210,0,0,38,0,0,-0.0345,0.3237,0.9882,28.5,-2.91,18.18,Walking
72.02,359,3,0,2,0,34,0.0461,0.4563,1.1297,23.94,26.51,19.03,Walking
72.04,794,0,16,0,16,0,0.0633,0.5042,1.2244,34.36,40.34,13.19,Walking
72.06,1487,11,0,0,9,8,0.1202,0.4835,1.3423,33.96,59.39,-2.49,Walking
72.08,2285,0,0,23,29,0,0.0448,0.6145,1.4227,28.8,73.54,10.83,Walking
72.1,2839,57,0,0,0,0,0.1942,0.5586,1.7289,32.26,105.44,0.24,Walking
72.12,2868,93,20,0,42,0,0.1514,0.5285,1.5376,24.83,126.84,-5.39,Walking
72.14,2387,230,64,18,0,15,0.1286,0.5466,1.5807,19.61,128.79,-10.46,Walking
72.16,1624,419,190,0,15,0,0.2357,0.5714,1.7865,17.74,142.68,-6.62,Walking
72.18,818,684,300,29,0,8,0.3042,0.5146,1.6125,20.18,146.23,-22.6,Walking
72.2,390,1001,499,21,7,26,0.4149,0.4318,1.6932,12.78,155.85,-25.01,Walking
72.22,127,1284,761,7,4,15,0.2808,0.4426,1.5079,0.94,165.92,-26.25,Walking
72.24,38,1405,959,43,2,8,0.1885,0.4632,1.2246,4.29,187.94,-26.79,Walking
72.26,0,1359,1112,67,10,6,0.2164,0.3792,1.0781,-1.05,166.65,-31.14,Walking
72.28,0,1136,1092,240,151,0,0.2633,0.3541,1.0216,1.56,176.74,-29.57,Walking
72.3,13,831,920,504,322,15,0.281,0.3416,0.9194,-1.59,181.56,-30.51,Walking
72.32,0,515,685,793,547,4,0.2461,0.2678,0.6401,-3.27,181.61,-42.66,Walking
72.34,8,311,463,1172,893,0,0.1897,0.3568,0.4791,-13.43,177.48,-40.4,Walking
72.36,14,130,238,1725,1412,0,0.2882,0.1277,0.2688,-15.42,146.92,-40.78,Walking
72.38,4,67,102,2223,1944,4,0.2103,0.0986,0.3562,-14.77,153.24,-41.8,Walking
72.4,0,34,76,2395,2468,0,0.2265,0.0296,0.3159,-13.53,161.31,-37.52,Walking
72.42,0,23,19,2574,2929,15,0.0982,-0.0602,0.3833,-16.21,110.72,-39.75,Walking
72.44,0,12,23,2534,3098,64,0.1662,-0.2387,0.2509,-25.73,105.42,-40.47,Walking
72.46,0,0,0,2214,2947,252,0.156,-0.062,0.3398,-32.84,85.22,-34.55,Walking
72.48,21,0,0,1805,2712,541,0.0723,-0.1035,0.4318,-30.79,68.83,-27.91,Walking
72.5,59,28,0,1258,2177,1077,0.1283,-0.3555,0.6454,-30.28,42.77,-26.12,Walking
72.52,48,22,7,918,1655,1637,0.0972,-0.2741,0.676,-27.54,13.91,-29.3,Walking
72.54,0,5,2,539,1123,2150,-0.0346,-0.1987,0.7903,-25.11,11.17,-22.95,Walking
72.56,31,0,0,292,648,2279,-0.054,-0.4111,0.9447,-21.55,0.29,-13.52,Walking
72.58,0,35,9,128,422,1984,-0.0362,-0.3058,1.1191,-21.35,-5.05,-19.72,Walking
72.6,0,14,4,64,205,1393,-0.0707,-0.3417,1.4896,-25.63,-48.65,-21.84,Walking
72.62,0,0,14,33,95,832,-0.0489,-0.4883,1.4402,-27.29,-45.05,-10.8,Walking
72.64,19,5,0,51,29,389,-0.0694,-0.7016,1.5597,-28.59,-88.06,-0.67,Walking
72.66,18,13,0,36,63,160,-0.1152,-0.5741,1.5565,-30.27,-97.26,-3.8,Walking
72.68,17,0,0,0,0,19,-0.0897,-0.6745,1.6727,-22.7,-101.74,1.95,Walking
72.7,8,7,14,68,26,0,-0.2432,-0.4993,1.5309,-18.38,-116.85,10.92,Walking
72.72,32,22,0,8,28,4,-0.2617,-0.5491,1.6786,-17.55,-159.37,12.78,Walking
72.74,23,0,2,8,74,0,-0.2211,-0.58,1.5909,-15.63,-173.53,10.65,Walking
72.76,3,7,2,0,0,21,-0.1536,-0.4722,1.542,-15.69,-169.83,21.58,Walking
72.78,50,10,5,0,32,0,-0.2529,-0.545,1.2786,-9.58,-193.17,36.58,Walking
72.8,27,44,0,51,34,18,-0.2537,-0.4028,1.439,-3.02,-182.74,28.75,Walking
72.82,15,0,20,0,20,0,-0.3425,-0.3447,1.0274,-5.67,-181.84,39.81,Walking
72.84,27,13,0,27,0,34,-0.2328,-0.3072,0.9754,3.27,-199.31,35.82,Walking
72.86,0,0,0,0,0,34,-0.2474,-0.4001,0.8572,4.19,-180.48,43.4,Walking
72.88,0,0,36,42,14,0,-0.2141,-0.2084,0.6487,6.1,-173.25,28.89,Walking
72.9,0,19,21,19,0,16,-0.2377,-0.3382,0.5615,5.02,-177.07,40.11,Walking
72.92,34,13,0,31,68,0,-0.161,-0.1186,0.4042,29.23,-150.77,42.37,Walking
72.94,30,2,0,50,0,21,-0.1857,-0.217,0.4743,7.35,-142.99,36.82,Walking
72.96,15,0,0,0,0,16,-0.3137,0.211,0.3522,11.44,-142.93,31.11,Walking
72.98,11,0,19,3,43,26,-0.1959,0.0976,0.3935,22.03,-116.92,40.01,Walking
73.0,0,0,10,21,22,0,-0.1474,0.1753,0.4329,20.64,-102.84,40.21,Walking
73.02,0,1,9,0,59,0,-0.1025,0.0801,0.5456,19.64,-81.73,28.22,Walking
73.04,0,0,4,16,0,0,-0.0602,0.173,0.4752,21.44,-85.25,34.9,Walking
73.06,0,0,5,16,0,6,-0.1294,0.3309,0.4519,19.48,-70.05,30.94,Walking
73.08,12,7,9,0,24,16,-0.042,0.2619,0.8493,26.87,-38.38,26.68,Walking
73.1,0,8,17,42,0,0,-0.0751,0.3057,0.904,34.35,6.43,23.41,Walking
73.12,256,17,47,0,15,0,-0.0192,0.4336,1.0285,27.19,26.39,18.22,Walking
73.14,490,0,20,13,10,19,0.0095,0.3906,1.166,37.23,30.96,9.32,Walking
73.16,1096,28,22,0,44,49,0.153,0.6387,1.3975,29.32,57.38,7.91,Walking
73.18,1856,37,20,43,0,0,0.0268,0.5887,1.3876,22.44,69.68,1.86,Walking
73.2,2546,0,15,0,0,10,0.067,0.5796,1.5853,29.66,86.01,9.92,Walking
73.22,2878,93,14,56,2,0,0.2307,0.5618,1.6774,29.19,109.98,-13.96,Walking
73.24,2712,143,41,0,7,0,0.1004,0.5214,1.5746,18.13,120.85,-5.58,Walking
73.26,2028,356,101,0,30,0,0.1528,0.6322,1.6607,9.45,116.92,-16.49,Walking
73.28,1271,580,226,0,0,24,0.2057,0.5535,1.7871,22.93,125.05,-15.47,Walking
73.3,623,842,385,17,0,7,0.3528,0.6136,1.6365,19.41,156.22,-22.08,Walking
73.32,224,1130,636,27,0,9,0.2452,0.5642,1.5226,13.71,162.59,-29.42,Walking
73.34,86,1319,840,74,0,1,0.3114,0.5345,1.2089,-1.33,176.43,-29.07,Walking
73.36,27,1380,1052,101,43,0,0.3107,0.3586,1.0341,9.69,179.78,-36.34,Walking
73.38,0,1306,1101,157,97,16,0.2706,0.5238,0.9992,2.5,172.55,-30.38,Walking
73.4,0,999,1004,329,181,32,0.335,0.3485,1.0056,-5.72,193.48,-42.0,Walking
73.42,20,696,807,615,410,0,0.2253,0.301,0.785,3.12,179.77,-36.45,Walking
73.44,16,454,591,931,718,0,0.2061,0.192,0.6495,-15.49,177.98,-34.1,Walking
73.46,6,229,382,1442,1108,0,0.2357,0.2027,0.4743,-19.06,171.36,-35.64,Walking
73.48,0,109,184,1866,1644,35,0.3318,0.1551,0.3589,-8.92,153.34,-44.56,Walking
73.5,0,44,127,2311,2172,18,0.1588,0.1703,0.4685,-13.9,139.63,-46.09,Walking
73.52,25,31,4,2519,2670,5,0.2317,-0.1202,0.4581,-16.49,145.18,-36.51,Walking
73.54,5,13,15,2613,2996,61,0.0922,-0.1053,0.3731,-21.88,118.53,-35.09,Walking
73.56,0,8,0,2403,3133,72,0.2103,-0.1087,0.3932,-12.93,92.8,-38.66,Walking
73.58,0,0,19,1999,2851,349,0.1402,-0.2311,0.5247,-32.89,76.56,-31.64,Walking
73.6,41,0,0,1596,2527,727,-0.0515,-0.1982,0.4395,-27.52,71.69,-28.78,Walking
73.62,44,24,0,1138,1975,1336,0.1019,-0.218,0.6369,-29.83,57.53,-22.51,Walking
73.64,0,39,0,721,1380,1869,0.0014,-0.3932,0.7551,-24.42,19.98,-21.13,Walking
73.66,28,12,26,456,952,2286,0.032,-0.5291,0.9073,-30.9,-7.4,-10.34,Walking
73.68,43,21,0,199,527,2208,-0.1216,-0.4355,1.2118,-23.99,-8.12,-14.73,Walking
73.7,0,0,23,28,247,1743,0.0586,-0.4327,1.1775,-29.54,-47.15,-25.87,Walking
73.72,15,20,0,61,180,1205,-0.0329,-0.4479,1.4131,-26.36,-48.42,-14.87,Walking
73.74,4,24,0,14,88,606,-0.1255,-0.5216,1.4391,-31.17,-65.05,-7.53,Walking
73.76,66,4,14,0,7,246,-0.0522,-0.6146,1.6515,-34.85,-103.53,5.62,Walking
73.78,0,10,41,0,0,0,-0.1468,-0.6132,1.7538,-29.4,-112.6,7.25,Walking
73.8,11,38,34,42,0,0,-0.0511,-0.4989,1.7578,-17.09,-131.85,3.15,Walking
73.82,16,15,11,21,41,37,-0.2802,-0.6184,1.6709,-24.15,-138.18,2.81,Walking
73.84,0,0,12,28,0,0,-0.1092,-0.7193,1.6698,-21.82,-137.68,19.11,Walking
73.86,47,18,29,45,45,35,-0.2216,-0.4777,1.5035,-13.62,-170.11,27.5,Walking
73.88,0,0,27,13,0,0,-0.1569,-0.4722,1.448,-10.75,-152.32,26.95,Walking
73.9,0,11,0,21,63,7,-0.2999,-0.4813,1.3224,-11.38,-170.61,20.36,Walking
73.92,12,0,10,24,6,38,-0.2486,-0.2895,1.2671,-10.38,-181.96,25.32,Walking
73.94,0,41,33,32,8,0,-0.2537,-0.31,0.8965,-1.05,-170.8,32.65,Walking
73.96,39,0,37,29,0,0,-0.2514,-0.4345,0.7197,-0.19,-167.81,34.96,Walking
73.98,56,12,0,0,25,0,-0.1859,-0.323,0.7852,7.49,-177.03,42.19,Walking
74.0,6,0,0,24,48,31,-0.2984,-0.2497,0.551,15.04,-152.52,46.02,Walking
74.02,0,0,37,0,0,0,-0.0977,-0.2772,0.5676,16.04,-158.78,37.53,Walking
74.04,4,0,0,38,0,8,-0.1199,-0.0327,0.3931,14.35,-155.67,41.55,Walking
74.06,1,35,4,0,0,0,-0.2339,-0.1945,0.2372,18.71,-153.9,29.72,Walking
74.08,64,17,0,10,3,0,-0.1322,0.0315,0.2656,17.62,-144.6,45.04,Walking
74.1,0,0,23,43,19,28,-0.125,-0.1418,0.2604,26.74,-120.13,44.08,Walking
74.12,31,20,0,38,0,42,-0.1354,0.1858,0.4257,23.2,-96.91,43.23,Walking
74.14,53,0,0,8,0,30,-0.1044,0.0673,0.571,24.85,-81.55,32.34,Walking
74.16,10,15,23,28,0,0,-0.1353,0.2952,0.616,29.34,-59.21,28.01,Walking
74.18,0,33,6,29,20,0,0.0141,0.2766,0.6746,26.28,-39.79,25.51,Walking
74.2,7,5,0,74,27,0,-0.0857,0.3576,0.8383,41.5,-22.84,17.15,Walking
74.22,44,0,14,17,0,33,-0.0256,0.3306,0.8437,37.93,0.74,28.69,Walking
74.24,308,0,0,9,20,35,0.14,0.4328,1.067,24.8,29.83,15.82,Walking
74.26,776,0,0,0,16,11,-0.0589,0.449,1.4255,28.48,42.43,8.74,Walking
74.28,1380,0,0,62,0,0,-0.0046,0.5545,1.448,33.71,69.31,4.99,Walking
74.3,2213,43,23,8,0,0,0.0727,0.4039,1.3738,30.26,88.54,1.44,Walking
74.32,2758,58,21,46,0,0,0.2144,0.4844,1.5615,24.79,92.54,-1.79,Walking
74.34,2844,57,18,12,2,3,0.2367,0.5487,1.6521,29.75,99.72,-7.5,Walking
74.36,2400,195,68,37,0,0,0.1748,0.4823,1.8319,25.79,137.93,-7.89,Walking
74.38,1671,389,165,39,0,9,0.1984,0.5199,1.6061,14.49,146.51,-15.89,Walking
74.4,925,689,309,24,10,0,0.2529,0.3724,1.4258,13.46,154.19,-25.87,Walking
74.42,436,967,525,0,38,0,0.1893,0.5549,1.5928,16.78,150.31,-25.52,Walking
74.44,210,1236,768,34,38,0,0.2127,0.4221,1.3342,10.74,169.5,-25.51,Walking
74.46,0,1389,979,41,16,0,0.247,0.435,1.2496,11.28,177.05,-36.14,Walking
74.48,0,1367,1093,146,50,0,0.245,0.1973,1.1702,1.8,178.97,-24.77,Walking
74.5,0,1144,1061,284,130,0,0.189,0.4078,1.0087,-1.18,181.73,-28.04,Walking
74.52,0,881,907,431,265,0,0.2406,0.4625,1.0016,1.2,194.31,-36.33,Walking
74.54,0,596,705,779,557,0,0.1852,0.318,0.7581,-9.2,176.35,-37.75,Walking
74.56,0,352,513,1150,912,27,0.1499,0.3159,0.5967,-15.11,174.33,-35.89,Walking
74.58,0,179,301,1635,1338,0,0.1801,0.3091,0.6576,-18.31,171.45,-33.05,Walking
74.6,35,86,124,2080,1900,0,0.0886,0.1031,0.24,-20.32,113.01,-45.76,Walking
74.62,21,36,77,2470,2462,14,0.1593,0.123,0.3421,-17.78,149.39,-37.97,Walking
74.64,7,21,19,2649,2866,63,0.0869,-0.0751,0.4225,-21.42,126.99,-25.62,Walking
74.66,0,0,15,2501,3103,37,0.1862,-0.155,0.3532,-24.55,98.09,-37.76,Walking
74.68,0,4,24,2276,3007,161,0.1146,-0.1312,0.38,-13.42,97.85,-33.22,Walking
74.7,0,0,0,1871,2731,474,0.0646,-0.2648,0.3964,-24.99,82.87,-42.24,Walking
74.72,0,20,0,1351,2238,1011,0.0962,-0.2904,0.4466,-26.76,53.81,-34.55,Walking
74.74,94,9,3,946,1619,1577,0.0828,-0.3649,0.6543,-29.64,37.43,-22.62,Walking
74.76,9,10,0,558,1088,2077,0.0606,-0.3462,0.8639,-32.18,22.26,-9.05,Walking
74.78,34,0,0,317,725,2337,0.0786,-0.4729,0.972,-30.88,18.69,-20.45,Walking
74.8,54,0,0,152,411,2022,-0.1213,-0.383,1.2793,-19.54,-43.43,-15.37,Walking
74.82,10,0,0,132,270,1464,-0.0724,-0.5162,1.2983,-29.29,-42.11,-16.64,Walking
74.84,19,12,26,55,130,835,-0.1065,-0.3188,1.4586,-21.72,-64.35,-10.59,Walking
74.86,61,0,0,0,46,468,-0.117,-0.541,1.5347,-17.4,-81.72,-10.15,Walking
74.88,8,14,6,3,20,123,-0.0201,-0.4927,1.7053,-28.28,-108.79,3.48,Walking
74.9,30,21,11,0,13,6,-0.1671,-0.5026,1.633,-20.67,-93.76,1.41,Walking
74.92,23,14,50,33,0,0,-0.2239,-0.4463,1.5758,-27.73,-131.5,14.35,Walking
74.94,48,0,49,2,0,0,-0.2066,-0.533,1.792,-27.04,-148.59,14.01,Walking
74.96,22,18,10,43,0,23,-0.1674,-0.6081,1.5067,-9.27,-147.41,16.41,Walking
74.98,0,1,0,0,60,0,-0.2834,-0.5493,1.2671,-16.92,-176.0,21.4,Walking
75.0,38,19,0,50,16,0,-0.2154,-0.5301,1.376,-5.18,-195.37,25.44,Walking
75.02,24,0,28,16,4,20,-0.2274,-0.3881,1.163,-9.26,-178.35,23.12,Walking
75.04,0,0,12,16,0,0,-0.2257,-0.4243,1.0084,-4.7,-164.55,33.81,Walking
75.06,0,0,2,0,0,25,-0.2155,-0.3513,0.9661,4.24,-168.56,37.0,Walking
75.08,0,0,15,0,13,12,-0.2921,-0.3149,0.8876,4.85,-156.79,33.03,Walking
75.1,3,0,10,0,0,0,-0.2663,-0.1757,0.5989,-0.19,-187.18,39.99,Walking
75.12,12,24,0,0,18,0,-0.2746,-0.3253,0.6187,15.49,-171.25,47.04,Walking
75.14,0,0,38,21,0,4,-0.2094,-0.1005,0.4563,14.95,-186.55,48.13,Walking
75.16,42,1,32,0,0,0,-0.0718,-0.2124,0.473,14.26,-144.51,37.29,Walking
75.18,0,24,0,19,62,0,-0.1931,-0.0867,0.2563,15.24,-126.06,31.94,Walking
75.2,11,0,7,0,0,31,-0.1964,0.0827,0.2822,25.03,-129.35,43.17,Walking
75.22,9,35,11,0,0,15,-0.2306,0.0424,0.3665,24.36,-118.19,30.92,Walking
75.24,28,5,4,0,29,5,-0.11,0.1154,0.4027,31.29,-74.31,37.22,Walking
75.26,39,0,19,0,31,0,-0.1037,0.2485,0.445,25.83,-75.67,31.12,Walking
75.28,41,0,0,23,0,0,-0.1316,0.3032,0.5198,36.74,-55.49,30.14,Walking
75.3,0,2,17,0,0,10,0.055,0.291,0.7875,35.02,-35.18,30.66,Walking
75.32,8,2,26,0,0,0,-0.0806,0.4255,0.8082,22.71,-18.44,21.87,Walking
75.34,160,10,0,0,0,9,0.0397,0.4716,1.0296,27.71,11.96,20.68,Walking
75.36,492,0,0,0,0,2,-0.0617,0.489,1.09,31.53,39.35,15.46,Walking
75.38,1055,0,0,0,0,64,0.0232,0.5046,1.2685,23.53,42.6,4.02,Walking
75.4,1769,10,28,23,0,28,0.1206,0.7194,1.5218,31.4,61.71,-0.67,Walking
75.42,2542,38,68,0,0,32,0.1834,0.4279,1.6049,27.67,82.52,-6.55,Walking
75.44,2918,55,25,0,23,0,0.2812,0.491,1.5561,30.35,105.44,-8.43,Walking
75.46,2706,161,55,0,0,10,0.0733,0.4829,1.54,22.8,113.73,-16.33,Walking
75.48,2102,281,103,0,2,23,0.1894,0.5521,1.7064,15.22,141.56,-20.39,Walking
75.5,1326,536,208,0,0,15,0.1596,0.6444,1.7238,23.76,150.71,-21.26,Walking
75.52,679,783,399,0,0,0,0.1432,0.5408,1.3774,5.28,160.93,-26.13,Walking
75.54,331,1125,583,46,35,39,0.2691,0.4436,1.5343,4.65,168.07,-17.71,Walking
75.56,100,1330,863,40,0,55,0.2391,0.309,1.3175,8.92,182.14,-20.58,Walking
75.58,35,1422,1059,122,59,20,0.3698,0.4489,1.2196,-0.24,155.3,-32.44,Walking
75.6,0,1280,1124,171,135,0,0.21,0.4561,1.1448,4.81,179.29,-33.49,Walking
75.62,11,1057,1032,352,192,9,0.3047,0.3519,1.0386,1.4,186.33,-35.53,Walking
75.64,0,775,833,589,370,0,0.2905,0.3941,0.7821,-0.39,185.68,-28.27,Walking
75.66,18,496,589,888,628,16,0.2597,0.2568,0.6229,-13.58,178.0,-23.29,Walking
75.68,5,280,404,1388,1100,0,0.2039,0.2561,0.6434,-13.31,161.75,-36.35,Walking
75.7,33,133,226,1826,1580,0,0.3393,0.1851,0.4557,-14.61,165.99,-26.8,Walking
75.72,0,69,113,2222,2137,18,0.1811,0.1323,0.5075,-10.55,155.91,-41.12,Walking
75.74,0,58,35,2495,2666,64,0.1707,-0.0411,0.4642,-16.69,118.87,-39.7,Walking
75.76,0,17,46,2600,3004,37,0.1831,-0.0095,0.341,-23.63,129.56,-42.96,Walking
75.78,0,0,19,2436,3120,134,0.1026,-0.1235,0.4415,-13.47,100.68,-37.9,Walking
75.8,30,0,0,2113,2958,326,0.1031,-0.2634,0.4766,-29.6,98.06,-29.16,Walking
75.82,0,9,0,1673,2496,699,0.1613,-0.2034,0.6357,-25.51,67.85,-32.33,Walking
75.84,22,0,0,1171,1963,1260,0.1626,-0.1768,0.5643,-30.49,45.2,-22.29,Walking
75.86,0,0,21,749,1459,1887,0.1563,-0.2804,0.7905,-35.57,27.01,-23.44,Walking
75.88,71,2,6,389,945,2316,0.0069,-0.4389,0.8393,-33.15,20.73,-17.44,Walking
75.9,14,19,38,228,553,2239,-0.1298,-0.3172,0.9267,-17.48,0.61,-20.13,Walking
75.92,0,0,0,126,308,1815,-0.011,-0.347,1.1958,-33.05,-26.52,-14.19,Walking
75.94,0,13,0,104,154,1180,-0.1641,-0.3804,1.3124,-34.95,-51.94,-4.78,Walking
75.96,0,0,17,28,57,639,-0.1622,-0.4737,1.5145,-33.41,-67.71,-7.96,Walking
75.98,0,0,0,0,65,241,-0.2729,-0.6439,1.6458,-22.86,-91.7,-8.15,Walking
76.0,0,0,0,0,0,79,-0.1247,-0.4039,1.6592,-31.52,-112.14,15.66,Walking
76.02,0,0,65,29,15,0,-0.1009,-0.648,1.6992,-22.45,-113.74,18.19,Walking
76.04,15,6,39,22,0,41,-0.2299,-0.4824,1.7216,-11.36,-128.11,15.24,Walking
76.06,2,15,0,95,31,0,-0.2123,-0.5042,1.6792,-17.9,-145.36,12.2,Walking
76.08,12,45,0,4,21,11,-0.3258,-0.4454,1.6418,-20.25,-153.3,23.35,Walking
76.1,0,1,17,75,12,38,-0.2471,-0.4477,1.4844,-9.85,-163.77,26.13,Walking
76.12,30,28,2,0,17,0,-0.2435,-0.5105,1.3374,-4.68,-176.86,36.06,Walking
76.14,43,0,15,0,0,47,-0.2845,-0.383,1.2587,-6.42,-191.61,23.46,Walking
76.16,0,29,53,0,0,0,-0.27,-0.4024,0.9919,-8.8,-170.39,35.61,Walking
76.18,0,0,0,0,27,0,-0.2309,-0.3313,0.8541,3.13,-186.7,39.1,Walking
76.2,28,16,0,6,0,8,-0.4006,-0.3344,0.7738,2.04,-182.97,41.22,Walking
76.22,0,0,48,0,41,14,-0.2281,-0.3647,0.7146,9.96,-166.49,38.22,Walking
76.24,18,0,30,26,57,9,-0.1818,-0.1915,0.5395,17.07,-174.21,40.39,Walking
76.26,18,36,0,0,27,0,-0.2506,-0.0926,0.5933,13.37,-155.4,42.51,Walking
76.28,57,0,19,0,24,14,-0.1755,-0.1097,0.4419,22.46,-161.46,41.87,Walking
76.3,0,4,0,1,23,0,-0.1729,-0.0435,0.3106,17.52,-142.94,33.47,Walking
76.32,0,0,0,20,27,0,-0.108,0.0877,0.2681,20.28,-118.1,34.68,Walking
76.34,0,6,14,17,18,5,-0.186,0.0751,0.334,20.18,-104.31,33.17,Walking
76.36,31,0,64,0,59,17,-0.2718,0.1298,0.6322,23.11,-63.23,44.01,Walking
76.38,1,0,0,24,20,2,-0.1458,0.11,0.617,23.98,-51.41,32.11,Walking
76.4,48,0,57,11,0,0,-0.0099,0.2171,0.7541,32.11,-53.11,26.38,Walking
76.42,23,0,8,0,0,0,0.0217,0.3462,0.8215,30.79,-27.66,30.94,Walking
76.44,21,0,46,29,0,14,-0.0727,0.4436,0.975,33.12,-16.36,11.37,Walking
76.46,317,0,0,0,0,10,-0.0734,0.5875,1.1181,27.79,23.02,21.31,Walking
76.48,643,4,2,0,17,0,0.0674,0.5725,1.1749,26.31,44.64,5.25,Walking
76.5,1269,0,0,28,28,3,0.0926,0.4802,1.3508,35.24,63.98,11.79,Walking
76.52,2103,30,22,52,0,0,0.1188,0.5474,1.4031,23.66,71.46,2.65,Walking
76.54,2752,21,0,0,0,0,0.1642,0.5073,1.5276,32.13,102.63,3.11,Walking
76.56,2869,127,57,0,19,0,0.1073,0.5921,1.6115,23.76,111.19,-6.94,Walking
76.58,2518,207,104,0,0,0,0.1424,0.4671,1.8111,28.49,116.37,-11.04,Walking
76.6,1769,382,152,31,0,16,0.2344,0.6352,1.5072,11.99,143.17,-3.31,Walking
76.62,1005,611,285,0,0,0,0.2449,0.6401,1.4941,14.98,165.14,-10.81,Walking
76.64,454,936,458,23,0,3,0.2583,0.4564,1.5359,7.29,158.61,-27.39,Walking
76.66,165,1202,736,19,57,10,0.2369,0.4687,1.3574,8.32,170.29,-19.57,Walking
76.68,93,1370,903,45,49,0,0.1639,0.4668,1.3196,2.42,177.18,-34.37,Walking
76.7,0,1359,1075,102,89,8,0.1846,0.5322,1.1972,4.36,182.04,-36.07,Walking
76.72,0,1208,1076,252,112,0,0.3046,0.3433,1.1314,5.44,180.66,-31.4,Walking
76.74,0,909,976,419,268,35,0.2594,0.3921,0.9572,-6.92,162.45,-34.24,Walking
76.76,0,633,721,736,492,0,0.3695,0.1675,0.7864,-0.26,190.66,-41.25,Walking
76.78,0,372,539,1108,781,25,0.2398,0.2317,0.6225,-9.47,185.68,-40.59,Walking
76.8,0,192,262,1589,1308,5,0.2221,0.273,0.4737,-11.67,156.12,-36.24,Walking
76.82,0,90,152,2112,1862,9,0.094,0.0757,0.3901,-11.64,155.0,-48.83,Walking
76.84,0,29,52,2373,2384,0,0.155,-0.0058,0.3745,-16.12,140.7,-46.71,Walking
76.86,0,27,22,2590,2788,28,0.0755,-0.0339,0.3997,-18.18,129.77,-33.75,Walking
76.88,16,0,6,2540,3092,83,0.2212,-0.0207,0.3097,-17.77,106.65,-39.28,Walking
76.9,0,16,0,2351,3131,143,0.1483,-0.0788,0.3583,-19.56,127.66,-36.15,Walking
76.92,4,0,0,1895,2809,423,0.0631,-0.1638,0.5849,-30.71,68.65,-35.77,Walking
76.94,0,0,0,1459,2273,949,0.0744,-0.1953,0.641,-31.38,72.98,-28.85,Walking
76.96,11,18,14,910,1730,1540,0.0483,-0.2828,0.6766,-23.2,53.06,-31.32,Walking
76.98,0,21,14,641,1228,2045,-0.022,-0.2235,0.9635,-31.88,6.44,-26.24,Walking
77.0,0,0,22,379,733,2301,-0.0294,-0.5616,1.0488,-34.98,5.1,-15.24,Walking
77.02,9,0,0,213,471,2037,-0.0536,-0.5735,1.1509,-30.34,-25.58,-23.29,Walking
77.04,0,0,0,118,228,1531,-0.1398,-0.4532,1.3953,-28.5,-34.48,-14.39,Walking
77.06,0,11,0,16,142,901,-0.1308,-0.533,1.5517,-35.29,-63.09,-7.28,Walking
77.08,48,14,0,0,87,469,-0.0368,-0.6469,1.5269,-24.72,-83.97,-0.18,Walking
77.1,10,22,0,0,0,191,-0.158,-0.3833,1.4911,-24.16,-107.92,2.66,Walking
77.12,0,7,17,0,36,10,-0.0997,-0.6556,1.6505,-22.8,-117.28,7.41,Walking
77.14,4,14,18,52,12,0,-0.1362,-0.4167,1.6272,-16.56,-131.32,17.16,Walking
77.16,0,1,0,43,0,40,-0.1563,-0.4414,1.5065,-26.95,-132.81,16.23,Walking
77.18,0,0,0,0,73,30,-0.2537,-0.6302,1.5246,-22.04,-162.39,15.76,Walking
77.2,41,0,0,0,0,0,-0.2857,-0.5953,1.5987,-8.0,-148.74,28.3,Walking
77.22,25,34,0,0,0,0,-0.2488,-0.3794,1.2997,-13.91,-158.03,17.35,Walking
77.24,9,11,7,20,0,26,-0.1662,-0.5078,1.3491,-8.8,-174.26,37.73,Walking
77.26,41,11,0,28,20,31,-0.2108,-0.3616,1.2389,-7.33,-161.71,33.2,Walking
77.28,18,0,3,29,27,16,-0.213,-0.3971,0.9684,-0.41,-187.75,30.07,Walking
77.3,10,7,1,0,27,0,-0.2365,-0.2756,0.6803,2.44,-183.08,34.87,Walking
77.32,13,0,6,0,23,0,-0.2885,-0.2616,0.6609,-0.28,-186.26,37.22,Walking
77.34,36,36,2,45,5,20,-0.1213,-0.2216,0.4805,17.8,-165.6,41.0,Walking
77.36,29,0,0,3,0,4,-0.1113,-0.2495,0.4081,21.04,-173.01,42.62,Walking
77.38,34,43,0,19,50,0,-0.1198,-0.1183,0.3444,13.24,-146.04,33.16,Walking
77.4,32,0,24,7,33,26,-0.2979,-0.0584,0.3042,19.41,-131.26,40.47,Walking
77.42,0,12,0,0,0,0,-0.183,0.0842,0.2388,23.07,-130.99,32.97,Walking
77.44,25,41,11,34,0,0,-0.1655,-0.0145,0.3737,27.23,-113.59,40.7,Walking
77.46,0,9,10,37,20,0,-0.1502,0.2109,0.509,20.01,-80.95,37.43,Walking
77.48,11,0,24,3,42,3,-0.1725,0.1907,0.5166,27.29,-59.38,26.52,Walking
77.5,42,0,0,3,31,0,-0.1601,0.2342,0.7387,23.01,-72.7,37.65,Walking
77.52,0,44,0,26,17,0,-0.0353,0.2648,0.8541,29.65,-42.45,18.94,Walking
77.54,21,31,0,46,2,0,-0.0441,0.3999,0.9163,30.98,-25.99,15.53,Walking
77.56,158,0,0,0,10,0,-0.0022,0.4223,1.0815,30.97,6.86,16.97,Walking
77.58,457,4,0,0,0,0,-0.1009,0.4949,1.1301,36.67,15.89,23.73,Walking
77.6,987,39,45,7,0,23,0.0338,0.4237,1.2198,22.0,47.34,9.35,Walking
77.62,1733,29,8,2,0,11,0.1892,0.4584,1.5946,32.08,75.36,5.42,Walking
77.64,2451,54,0,0,34,27,-0.0267,0.4926,1.4628,30.27,72.2,2.53,Walking
77.66,2811,55,4,0,0,0,0.152,0.4583,1.6341,25.11,107.17,3.63,Walking
77.68,2799,136,28,20,34,10,0.2765,0.5883,1.6095,21.11,127.94,-12.04,Walking
77.7,2198,259,93,42,0,42,0.0897,0.5792,1.5636,21.09,133.07,-14.08,Walking
77.72,1407,492,182,32,0,13,0.2589,0.665,1.5419,17.15,139.77,-6.14,Walking
77.74,716,756,398,8,5,0,0.1389,0.5517,1.4479,10.21,146.93,-22.72,Walking
77.76,287,1082,571,0,53,0,0.1188,0.485,1.5251,10.31,145.66,-21.36,Walking
77.78,117,1323,794,48,43,34,0.1826,0.4196,1.4578,5.73,173.93,-22.79,Walking
77.8,0,1418,994,56,30,8,0.2947,0.6109,1.291,2.58,174.15,-24.24,Walking
77.82,33,1330,1084,141,84,38,0.1875,0.3808,1.2024,0.64,188.55,-24.69,Walking
77.84,20,1112,1074,341,181,17,0.3674,0.2401,0.9801,5.98,173.01,-36.53,Walking
77.86,0,790,909,628,338,6,0.3092,0.3603,0.878,-1.57,169.06,-35.31,Walking
77.88,29,518,626,894,657,0,0.317,0.2702,0.5699,-12.71,182.35,-46.03,Walking
77.9,0,279,400,1350,1047,18,0.2985,0.179,0.5901,-18.71,167.39,-33.79,Walking
77.92,28,112,243,1772,1521,44,0.2592,0.1525,0.4748,-13.41,157.01,-44.95,Walking
77.94,3,94,129,2184,2092,6,0.2404,0.1941,0.1438,-19.34,139.51,-41.43,Walking
77.96,15,40,44,2527,2615,20,0.238,0.0776,0.295,-23.11,136.98,-30.17,Walking
77.98,37,0,46,2565,2940,36,0.1713,-0.0537,0.4522,-19.22,115.5,-37.34,Walking
78.0,6,27,0,2458,3085,105,0.1021,-0.1747,0.4346,-29.85,109.52,-38.36,Walking
78.02,4,0,24,2154,3004,311,0.0679,-0.1807,0.4629,-27.87,101.7,-32.7,Walking
78.04,0,0,0,1666,2635,624,-0.0358,-0.3002,0.6344,-38.7,66.39,-29.32,Walking
78.06,28,19,0,1232,2036,1176,0.1174,-0.2769,0.46,-23.34,48.67,-22.36,Walking
78.08,12,0,14,847,1482,1815,-0.0902,-0.3573,0.6031,-19.14,45.91,-18.5,Walking
78.1,14,0,7,473,988,2242,0.0648,-0.5237,0.874,-26.64,33.58,-25.6,Walking
78.12,16,17,9,297,631,2262,-0.0252,-0.2563,1.1815,-28.19,-9.94,-14.42,Walking
78.14,0,27,6,169,346,1811,0.1029,-0.5047,1.1606,-26.4,-11.56,-20.15,Walking
78.16,41,0,0,15,205,1258,-0.0091,-0.6017,1.3992,-29.36,-61.12,-14.04,Walking
78.18,17,0,27,35,1,717,-0.1344,-0.2601,1.4263,-26.55,-70.2,0.27,Walking
78.2,1,0,23,14,60,305,-0.1414,-0.4954,1.6714,-29.4,-95.75,-1.89,Walking
78.22,0,0,0,14,15,80,-0.1901,-0.493,1.6933,-30.81,-104.78,-0.03,Walking
78.24,0,0,0,0,56,10,-0.1816,-0.5189,1.8071,-25.98,-108.25,2.53,Walking
78.26,18,0,15,0,31,28,-0.1717,-0.6206,1.6957,-14.29,-123.92,13.01,Walking
78.28,24,0,0,43,11,17,-0.2786,-0.4295,1.469,-13.1,-144.56,19.89,Walking
78.3,6,12,18,0,35,4,-0.1851,-0.6792,1.5764,-8.91,-168.1,22.91,Walking
78.32,0,8,0,0,0,0,-0.2775,-0.5952,1.4017,-7.25,-157.34,22.49,Walking
78.34,26,17,4,0,0,0,-0.1639,-0.3539,1.3045,-8.4,-189.41,32.03,Walking
78.36,0,50,12,37,51,0,-0.1863,-0.5107,1.3243,-2.83,-183.2,33.74,Walking
78.38,0,10,24,33,0,0,-0.1815,-0.4593,1.1565,-8.77,-178.29,28.93,Walking
78.4,0,30,4,0,46,0,-0.1781,-0.3399,0.9319,3.77,-179.39,50.74,Walking
78.42,0,0,19,0,81,17,-0.2258,-0.3037,0.7277,12.26,-184.34,37.07,Walking
78.44,35,17,0,39,5,0,-0.238,-0.2358,0.6715,9.9,-187.64,42.26,Walking
78.46,17,0,0,64,0,0,-0.2098,-0.198,0.5547,6.35,-177.63,43.1,Walking
78.48,27,0,13,0,0,0,-0.3583,-0.1393,0.3834,15.06,-168.07,39.01,Walking
78.5,22,17,0,24,24,0,-0.3088,-0.2743,0.2993,16.04,-155.45,35.06,Walking
78.52,12,12,14,0,24,42,-0.2317,-0.1084,0.2392,24.81,-117.34,43.12,Walking
78.54,7,0,0,18,39,0,-0.2142,0.0213,0.2669,20.2,-103.87,39.86,Walking
78.56,48,4,34,0,7,18,-0.1068,0.0713,0.3991,19.52,-121.56,33.32,Walking
78.58,0,26,20,0,20,0,-0.0905,0.1113,0.5173,23.02,-93.78,33.21,Walking
78.6,25,0,28,2,24,0,-0.1408,0.4022,0.5294,31.33,-75.58,29.06,Walking
78.62,0,0,4,21,0,0,-0.0705,0.3366,0.5731,30.59,-59.22,28.8,Walking
78.64,49,0,0,0,15,0,-0.0365,0.2808,0.8532,23.48,-30.68,20.79,Walking
78.66,22,1,8,67,7,0,0.0134,0.2449,0.9172,25.14,-4.33,19.74,Walking
78.68,293,0,16,15,0,0,-0.0352,0.4213,1.0562,24.21,-1.56,21.99,Walking
78.7,647,1,0,0,35,20,0.106,0.4799,1.1536,35.52,37.25,13.26,Walking
78.72,1222,0,11,2,20,35,-0.0237,0.4809,1.4198,32.36,50.68,11.57,Walking
78.74,2094,3,22,0,5,0,0.1216,0.4924,1.4412,28.2,80.7,2.68,Walking
78.76,2655,25,28,4,0,38,0.0917,0.5191,1.6398,28.19,64.43,1.13,Walking
78.78,2938,89,5,49,5,0,0.2283,0.5394,1.5788,23.08,99.23,-3.27,Walking
78.8,2573,184,28,0,0,0,0.1255,0.6689,1.5683,25.39,130.28,-7.28,Walking
78.82,1829,349,153,33,0,36,0.2954,0.6054,1.6711,22.66,136.31,-7.74,Walking
78.84,1095,566,257,25,0,7,0.2428,0.5775,1.527,9.39,161.41,-21.76,Walking
78.86,522,923,465,21,43,0,0.3055,0.557,1.6198,26.93,155.99,-17.45,Walking
78.88,164,1201,694,53,0,14,0.1611,0.5359,1.4621,17.46,161.25,-24.37,Walking
78.9,58,1392,948,37,22,0,0.3097,0.22,1.2693,4.63,162.98,-32.9,Walking
78.92,6,1377,1055,146,34,0,0.2625,0.5162,1.1565,5.53,175.89,-30.09,Walking
78.94,0,1202,1107,197,99,0,0.2179,0.3368,0.9936,-5.65,196.28,-34.02,Walking
78.96,0,948,956,375,189,0,0.2939,0.3243,0.7852,-14.81,179.85,-41.36,Walking
78.98,0,672,773,690,420,0,0.2233,0.0993,0.7055,1.73,174.7,-38.41,Walking
79.0,0,418,557,1112,775,0,0.2893,0.3071,0.5518,-17.79,167.97,-44.66,Walking
79.02,0,190,326,1579,1234,8,0.331,-0.0215,0.6162,-7.59,158.73,-37.92,Walking
79.04,8,105,187,1980,1708,9,0.2983,0.1707,0.3514,-7.52,155.67,-40.86,Walking
79.06,3,28,92,2348,2303,19,0.3646,0.0775,0.4328,-29.33,162.37,-40.4,Walking
79.08,24,10,61,2532,2729,44,0.133,0.0921,0.5744,-24.51,133.41,-36.7,Walking
79.1,0,0,4,2557,3002,49,0.1886,0.0583,0.3087,-25.29,125.28,-36.27,Walking
79.12,0,0,7,2322,3061,151,0.1203,-0.1366,0.3678,-26.83,103.01,-33.26,Walking
79.14,20,0,0,1924,2825,462,0.0955,-0.1117,0.6186,-39.09,97.41,-28.91,Walking
79.16,0,0,23,1463,2350,889,0.0803,-0.1953,0.5198,-29.46,75.81,-33.28,Walking
79.18,0,0,0,987,1880,1453,0.1049,-0.167,0.5345,-26.25,31.6,-26.81,Walking
79.2,0,7,7,642,1281,1997,-0.0209,-0.3544,0.9426,-33.69,18.61,-25.9,Walking
79.22,9,19,0,356,832,2285,-0.0177,-0.3009,1.0225,-25.82,3.76,-20.52,Walking
79.24,0,0,0,190,440,2078,0.0032,-0.451,1.1453,-36.88,-26.48,-9.17,Walking
79.26,0,24,0,74,255,1537,-0.0984,-0.4858,1.2836,-21.06,-37.56,-7.75,Walking
79.28,0,0,0,46,200,1006,-0.0959,-0.4819,1.5194,-31.66,-66.67,-6.52,Walking
79.3,17,9,4,29,41,449,-0.1147,-0.4098,1.3008,-26.6,-72.04,-4.05,Walking
79.32,0,3,2,0,59,207,-0.2016,-0.6614,1.4879,-30.31,-79.86,-8.52,Walking
79.34,0,2,25,0,8,0,-0.1616,-0.6265,1.5147,-24.51,-106.18,6.39,Walking
79.36,30,13,0,3,2,0,-0.1707,-0.5192,1.6721,-22.71,-125.36,12.36,Walking
79.38,0,6,36,0,27,0,-0.1397,-0.5641,1.7994,-12.7,-146.8,16.31,Walking
79.4,25,15,1,0,41,6,-0.2431,-0.581,1.5997,-16.43,-160.8,19.69,Walking
79.42,0,20,27,48,0,0,-0.2123,-0.5122,1.5003,-26.09,-172.76,27.62,Walking
79.44,2,10,15,20,0,0,-0.2089,-0.5495,1.6466,-19.41,-178.71,25.48,Walking
79.46,0,17,0,0,0,25,-0.2097,-0.4985,1.3137,-2.68,-171.96,29.52,Walking
79.48,0,39,15,0,0,0,-0.2834,-0.4625,1.1395,-1.94,-170.54,26.25,Walking
79.5,2,0,9,0,90,24,-0.1562,-0.4666,1.1389,-3.77,-182.58,36.68,Walking
79.52,9,0,23,14,31,0,-0.2742,-0.3856,0.8431,4.99,-180.33,31.07,Walking
79.54,0,0,10,0,34,0,-0.1035,-0.2691,0.7126,9.76,-164.76,38.39,Walking
79.56,0,21,31,0,0,0,-0.3126,-0.1237,0.6568,10.43,-169.84,39.48,Walking
79.58,47,0,0,31,6,11,-0.2419,-0.1863,0.4092,22.23,-157.18,40.17,Walking
79.6,0,0,20,0,20,0,-0.1926,-0.2045,0.3902,11.83,-165.9,34.35,Walking
79.62,12,0,14,17,0,26,-0.3543,-0.1374,0.3099,33.17,-142.74,29.19,Walking
79.64,8,27,20,7,6,32,-0.1229,0.1186,0.2252,24.7,-131.81,42.82,Walking
79.66,8,0,3,56,15,57,-0.1537,0.0978,0.3496,21.95,-123.48,40.25,Walking
79.68,1,18,30,0,6,5,-0.1106,0.2422,0.4972,30.07,-88.06,37.89,Walking
79.7,0,36,7,0,0,1,-0.2019,0.1791,0.5186,20.68,-58.25,28.55,Walking
79.72,63,16,27,40,25,34,-0.1256,0.2318,0.7131,29.33,-57.75,25.16,Walking
79.74,42,30,0,0,0,16,-0.0701,0.4557,0.5673,28.92,-37.41,19.89,Walking
79.76,6,0,7,0,0,34,0.093,0.1803,1.0376,30.84,-9.56,20.37,Walking
79.78,187,0,25,1,51,19,0.0581,0.4046,0.9652,34.25,21.43,18.23,Walking
79.8,358,0,0,6,0,0,0.0685,0.4628,1.1851,21.84,24.78,14.3,Walking
79.82,894,13,16,26,0,13,0.0429,0.6274,1.1716,34.37,11.52,10.49,Walking
79.84,1536,57,0,5,0,26,0.1215,0.626,1.5802,32.54,52.47,9.09,Walking
79.86,2344,22,0,50,0,6,0.0312,0.545,1.4678,26.47,69.5,-0.81,Walking
79.88,2860,35,0,0,0,0,0.1617,0.6088,1.384,25.25,112.44,-4.54,Walking
79.9,2768,157,0,65,22,42,0.0923,0.3429,1.7774,23.4,125.0,-9.48,Walking
79.92,2307,264,82,0,0,0,0.1347,0.4091,1.7875,14.92,129.12,-6.82,Walking
79.94,1524,460,214,33,24,0,0.1404,0.4781,1.6914,18.8,140.76,-16.41,Walking
79.96,835,747,351,26,0,0,0.1109,0.5736,1.3978,11.45,153.39,-18.82,Walking
79.98,345,1036,579,0,0,25,0.1241,0.5026,1.3806,11.58,158.92,-18.76,Walking
80.0,125,1285,818,0,0,0,0.2381,0.4891,1.3817,16.2,182.49,-26.77,Walking
80.02,7,1398,1022,78,12,0,0.2136,0.5289,1.2645,12.47,161.51,-24.37,Walking
80.04,0,1323,1060,138,64,0,0.342,0.3734,1.1611,7.31,181.85,-35.87,Walking
80.06,17,1135,1033,284,172,1,0.2818,0.5418,0.7518,7.68,163.68,-39.05,Walking
80.08,0,836,883,515,306,29,0.3233,0.2217,0.7475,4.85,177.43,-35.66,Walking
80.1,0,530,709,822,575,43,0.2737,0.4068,0.5674,-7.54,176.35,-45.19,Walking
80.12,28,337,417,1279,959,25,0.1709,0.2288,0.7703,-7.06,171.87,-39.47,Walking
80.14,0,142,268,1745,1494,0,0.1518,0.1531,0.5485,-9.35,157.94,-35.07,Walking
80.16,24,37,100,2175,2028,0,0.2291,0.1319,0.3113,-13.4,168.37,-40.94,Walking
80.18,0,46,63,2481,2630,5,0.1993,0.064,0.2384,-27.21,142.88,-45.86,Walking
80.2,0,12,33,2606,2907,0,0.1168,0.056,0.2129,-22.03,127.2,-36.77,Walking
80.22,24,0,0,2498,3098,105,0.1463,-0.1244,0.4222,-24.78,111.54,-36.72,Walking
80.24,18,0,28,2171,3002,227,0.1607,-0.0337,0.4863,-29.99,75.61,-25.84,Walking
80.26,36,19,13,1757,2636,605,0.0368,-0.1173,0.5244,-28.16,64.36,-26.27,Walking
80.28,17,10,0,1299,2103,1097,0.1264,-0.3306,0.7452,-38.14,50.66,-39.3,Walking
80.3,7,0,0,819,1623,1676,-0.0668,-0.2431,0.8073,-33.61,51.01,-28.73,Walking
80.32,9,0,0,489,994,2216,0.0659,-0.3486,0.7959,-26.94,21.48,-36.44,Walking
80.34,50,25,0,267,640,2265,-0.0032,-0.221,1.2094,-31.37,3.01,-25.81,Walking
80.36,0,0,5,109,340,1896,0.0778,-0.5251,1.0977,-21.33,-20.6,-19.23,Walking
80.38,0,0,9,13,143,1308,-0.0326,-0.4822,1.3663,-30.54,-45.82,-13.36,Walking
80.4,0,0,0,15,110,778,-0.1537,-0.6124,1.4431,-26.08,-64.38,-7.06,Walking
80.42,0,0,0,14,20,320,-0.0068,-0.699,1.5821,-31.61,-76.67,2.6,Walking
80.44,24,8,0,40,0,189,-0.1112,-0.6612,1.5777,-21.06,-106.96,0.06,Walking
80.46,40,0,9,0,0,0,-0.1775,-0.3963,1.4871,-22.12,-101.4,8.99,Walking
80.48,68,0,0,0,27,12,-0.1297,-0.5681,1.5748,-12.52,-138.25,10.44,Walking
80.5,0,0,14,5,42,26,-0.1838,-0.6377,1.7867,-16.76,-128.76,10.86,Walking
80.52,75,38,29,25,20,3,-0.2385,-0.492,1.582,-14.33,-143.1,17.35,Walking
80.54,10,18,0,0,48,0,-0.25,-0.4944,1.4407,-12.02,-171.35,15.77,Walking
80.56,38,0,9,7,29,0,-0.2636,-0.4207,1.218,-7.0,-165.9,19.62,Walking
80.58,3,19,1,0,0,21,-0.1507,-0.2525,1.2558,-0.55,-161.67,24.98,Walking
80.6,17,0,0,33,3,28,-0.24,-0.2384,1.1823,-3.45,-160.02,32.2,Walking
80.62,42,10,4,0,0,23,-0.2646,-0.3264,1.0532,-0.66,-192.33,48.73,Walking
80.64,12,12,18,0,0,0,-0.2785,-0.3338,0.777,0.59,-185.54,45.65,Walking
80.66,46,0,0,23,0,6,-0.2393,-0.275,0.552,13.73,-176.59,42.94,Walking
80.68,0,3,0,39,5,0,-0.3049,-0.1254,0.4768,14.04,-163.61,44.5,Walking
80.7,0,4,0,0,20,6,-0.1681,-0.2455,0.5106,12.65,-160.29,39.25,Walking
80.72,0,0,26,39,1,0,-0.2944,-0.1689,0.3769,18.38,-171.07,36.48,Walking
80.74,0,0,27,32,0,36,-0.2058,0.0375,0.5586,16.07,-131.57,35.59,Walking
80.76,40,37,34,18,23,5,-0.1734,0.0006,0.2584,14.2,-111.96,26.53,Walking
80.78,22,0,0,0,23,0,-0.1917,0.0275,0.3773,19.35,-105.92,41.16,Walking
80.8,70,11,0,0,7,0,-0.1169,0.1058,0.2875,19.13,-99.26,41.01,Walking
80.82,17,4,12,24,19,0,-0.0099,0.1664,0.5615,23.4,-75.11,37.92,Walking
80.84,29,40,0,9,11,20,-0.1161,0.3054,0.6342,26.54,-47.9,32.7,Walking
80.86,5,39,8,10,23,0,-0.0408,0.2964,0.843,36.09,-21.21,28.45,Walking
80.88,0,10,8,37,4,16,-0.1039,0.2995,0.7597,31.37,-7.59,26.65,Walking
80.9,228,0,0,45,0,0,0.1246,0.2611,1.183,28.39,5.09,22.71,Walking
80.92,597,0,0,15,14,0,0.0389,0.5974,1.2972,31.59,29.16,13.6,Walking
80.94,1174,0,0,94,9,41,0.0976,0.3616,1.4084,30.19,66.96,14.59,Walking
80.96,1955,0,20,10,29,0,0.1248,0.4751,1.3757,25.56,58.42,3.92,Walking
80.98,2597,16,34,0,0,0,0.1306,0.5336,1.5023,23.43,70.69,2.4,Walking
81.0,2918,104,38,0,25,0,0.0805,0.5543,1.5354,18.41,105.8,9.14,Walking
81.02,2657,202,64,0,0,21,0.1685,0.47,1.531,27.95,130.9,-7.65,Walking
81.04,1938,356,128,8,30,7,0.1844,0.5661,1.6379,17.91,140.52,-14.28,Walking
81.06,1136,589,247,10,48,0,0.1996,0.5047,1.4305,8.11,149.28,-22.13,Walking
81.08,528,937,453,0,27,0,0.2438,0.4645,1.5076,6.66,156.67,-15.86,Walking
81.1,246,1169,638,32,3,0,0.2724,0.6176,1.4716,24.6,168.15,-29.88,Walking
81.12,83,1345,858,39,0,0,0.2785,0.4731,1.3309,11.12,184.51,-23.59,Walking
81.14,10,1397,1042,60,31,10,0.2725,0.35,1.292,8.92,177.03,-21.39,Walking
81.16,57,1248,1137,182,91,29,0.2145,0.2607,0.9965,-2.41,176.77,-36.06,Walking
81.18,0,986,1001,387,229,5,0.3441,0.3882,0.9907,-6.77,177.18,-38.31,Walking
81.2,0,692,786,682,398,22,0.2817,0.2844,0.6567,0.81,173.31,-37.4,Walking
81.22,0,394,545,1007,669,0,0.2438,0.2215,0.6958,-6.71,174.68,-41.38,Walking
81.24,0,236,320,1468,1158,0,0.1712,0.1995,0.4379,-16.01,163.1,-31.9,Walking
81.26,7,113,183,2014,1713,24,0.2285,0.2701,0.3907,-16.2,147.82,-35.34,Walking
81.28,0,41,94,2372,2287,0,0.2771,-0.0235,0.1261,-19.88,138.08,-37.76,Walking
81.3,19,23,53,2530,2753,38,0.1236,0.1055,0.3156,-19.42,140.11,-31.88,Walking
81.32,0,0,0,2595,3058,12,0.1886,-0.0636,0.2376,-21.05,130.89,-35.43,Walking
81.34,0,20,12,2337,3092,138,0.2016,-0.2097,0.5644,-29.8,101.81,-42.38,Walking
81.36,3,0,0,1997,2845,389,0.0263,-0.2482,0.3941,-22.99,64.62,-36.53,Walking
81.38,11,47,23,1524,2418,814,0.1713,-0.0955,0.4148,-26.9,63.57,-38.84,Walking
81.4,2,0,0,1082,1829,1442,0.0412,-0.2949,0.7106,-29.99,49.36,-23.08,Walking
81.42,6,8,0,686,1390,1998,-0.0172,-0.3879,0.7131,-25.53,24.5,-22.29,Walking
81.44,0,34,24,340,827,2264,0.0276,-0.4458,0.9566,-27.04,13.75,-18.55,Walking
81.46,17,0,0,227,529,2148,-0.0466,-0.3345,1.1231,-33.23,-17.61,-19.3,Walking
81.48,43,18,0,104,261,1650,-0.0551,-0.5089,1.061,-29.09,-32.15,-18.44,Walking
81.5,0,19,7,50,137,1064,-0.0418,-0.4264,1.349,-30.61,-66.25,-0.22,Walking
81.52,1,0,7,77,52,542,-0.0834,-0.4285,1.6693,-29.09,-67.87,-6.03,Walking
81.54,0,0,23,2,20,232,-0.0148,-0.5018,1.6525,-26.16,-76.34,-0.2,Walking
81.56,0,0,0,0,0,2,-0.09,-0.5496,1.562,-18.4,-123.08,16.84,Walking
81.58,0,55,0,0,53,0,-0.0978,-0.4488,1.4815,-17.85,-131.05,4.31,Walking
81.6,0,0,5,0,7,0,-0.1282,-0.5656,1.5148,-20.0,-137.82,23.83,Walking
81.62,0,0,54,0,3,0,-0.2269,-0.554,1.5495,-6.46,-166.0,24.5,Walking
81.64,24,0,42,24,7,1,-0.2263,-0.37,1.6033,-18.41,-137.2,18.48,Walking
81.66,35,0,26,0,9,0,-0.2268,-0.4569,1.4858,-8.89,-169.14,29.49,Walking
81.68,12,0,0,0,0,0,-0.2385,-0.5687,1.1874,-6.32,-186.13,21.24,Walking
81.7,2,0,1,0,10,22,-0.2022,-0.5464,1.1203,8.03,-173.1,28.21,Walking
81.72,0,21,0,0,59,0,-0.3009,-0.317,1.0759,1.45,-159.7,48.41,Walking
81.74,36,0,0,88,0,11,-0.3456,-0.3298,0.867,13.77,-177.08,34.91,Walking
81.76,0,17,0,0,9,24,-0.1796,-0.4454,0.7216,4.24,-174.45,32.97,Walking
81.78,0,0,5,18,0,8,-0.2868,-0.2103,0.6242,17.91,-179.06,49.03,Walking
81.8,68,10,0,10,0,0,-0.2418,-0.1733,0.5781,11.64,-141.57,38.07,Walking
81.82,39,0,0,0,30,12,-0.2821,-0.1288,0.2188,14.26,-151.11,34.91,Walking
81.84,7,22,50,0,32,2,-0.1642,-0.1373,0.4105,17.38,-140.48,26.04,Walking
81.86,13,7,16,0,21,39,-0.1314,0.0085,0.2939,11.8,-142.96,47.42,Walking
81.88,0,25,26,0,15,14,-0.1648,0.0927,0.3682,28.05,-110.59,44.95,Walking
81.9,60,8,20,10,60,0,-0.1277,0.1312,0.315,23.24,-94.68,34.89,Walking
81.92,0,31,5,11,0,0,-0.0473,0.194,0.4699,38.31,-72.77,23.43,Walking
81.94,15,16,0,26,0,21,-0.1458,0.2397,0.7587,20.83,-66.58,38.71,Walking
81.96,24,20,21,58,56,13,-0.1433,0.2228,0.5016,27.6,-34.47,15.04,Walking
81.98,0,50,0,0,0,5,-0.1157,0.2,0.9353,26.34,-28.48,20.51,Walking
82.0,113,0,10,0,0,0,-0.004,0.4294,0.857,28.27,-0.84,23.54,Walking
82.02,310,19,0,6,0,8,0.1229,0.5872,0.9869,26.88,23.19,14.07,Walking
82.04,854,19,0,0,3,0,0.1526,0.6187,1.3934,31.98,39.63,8.8,Walking
82.06,1470,0,12,0,46,14,0.0595,0.6114,1.3337,33.93,61.12,13.27,Walking
82.08,2317,0,0,0,12,3,0.0178,0.5212,1.5684,29.59,88.27,-1.16,Walking
82.1,2825,26,52,6,0,16,0.1085,0.6095,1.7379,19.1,111.77,-1.05,Walking
82.12,2854,115,15,0,2,21,0.2319,0.507,1.7342,29.82,117.35,-7.58,Walking
82.14,2326,264,65,0,3,3,0.0834,0.428,1.6776,23.61,125.89,-6.94,Walking
82.16,1565,465,200,22,0,0,0.2798,0.4644,1.5814,16.89,149.46,-22.94,Walking
82.18,869,664,344,0,15,0,0.1826,0.5031,1.4392,18.44,169.98,-23.26,Walking
82.2,382,1031,538,0,20,33,0.1443,0.496,1.4102,11.55,169.45,-26.52,Walking
82.22,139,1247,797,12,0,34,0.2592,0.514,1.4253,8.36,179.85,-36.92,Walking
82.24,26,1388,1030,90,32,52,0.2197,0.3267,1.2555,6.48,189.03,-27.12,Walking
82.26,0,1339,1075,170,58,12,0.3126,0.4024,1.1111,2.68,182.18,-30.55,Walking
82.28,0,1153,1063,327,87,28,0.3331,0.493,0.7961,5.78,183.21,-34.96,Walking
82.3,17,854,909,469,263,0,0.244,0.1753,0.8881,-2.21,170.97,-37.67,Walking
82.32,32,570,720,832,529,0,0.2866,0.3211,0.7223,-6.68,194.65,-41.39,Walking
82.34,0,284,429,1237,874,0,0.0962,0.1816,0.4613,-13.52,170.29,-41.66,Walking
82.36,35,129,257,1696,1365,29,0.2226,0.3116,0.5189,-8.98,173.51,-44.56,Walking
82.38,0,95,130,2078,1996,9,0.1857,0.1411,0.4276,-21.5,139.37,-39.56,Walking
82.4,46,21,88,2439,2521,0,0.2004,0.1362,0.4364,-22.41,141.24,-37.76,Walking
82.42,0,0,21,2523,2899,24,0.0532,-0.1733,0.3027,-18.83,109.64,-39.83,Walking
82.44,68,0,34,2556,3086,70,0.1876,0.0725,0.2027,-24.75,123.19,-39.94,Walking
82.46,0,0,0,2211,2973,222,0.1199,-0.1685,0.3943,-24.37,80.59,-39.57,Walking
82.48,5,9,0,1778,2758,546,0.0382,-0.2157,0.6282,-27.27,88.91,-27.93,Walking
82.5,58,8,12,1313,2269,1094,0.1811,-0.1253,0.6689,-21.06,61.61,-29.23,Walking
82.52,0,0,0,864,1652,1684,-0.0388,-0.3303,0.7514,-23.47,58.38,-30.34,Walking
82.54,0,0,0,558,1169,2196,0.0401,-0.3277,0.8794,-19.91,38.92,-17.54,Walking
82.56,0,0,0,287,690,2295,-0.026,-0.3372,0.9328,-26.26,3.61,-19.16,Walking
82.58,42,0,7,119,327,1973,-0.0475,-0.2437,1.2139,-31.5,-32.99,-15.79,Walking
82.6,0,27,0,99,190,1379,-0.083,-0.3894,1.3374,-32.05,-27.27,-12.8,Walking
82.62,13,14,0,51,130,842,-0.1952,-0.4946,1.4255,-19.21,-76.26,-10.5,Walking
82.64,0,0,0,16,52,368,-0.1053,-0.5699,1.4546,-24.74,-79.97,-1.31,Walking
82.66,0,42,5,27,8,143,-0.1445,-0.512,1.487,-23.26,-120.07,-6.23,Walking
82.68,0,8,4,27,55,0,-0.0121,-0.5279,1.5998,-22.41,-101.35,3.45,Walking
82.7,49,5,0,0,0,0,-0.2732,-0.6307,1.7604,-19.78,-134.43,17.12,Walking
82.72,3,0,14,16,0,54,-0.2472,-0.4859,1.5457,-14.99,-147.83,16.32,Walking
82.74,18,5,0,20,0,0,-0.1542,-0.4906,1.5714,-25.0,-166.66,17.88,Walking
82.76,0,24,0,57,16,2,-0.2204,-0.5618,1.5559,-7.77,-172.34,26.71,Walking
82.78,0,0,0,0,39,1,-0.2816,-0.3895,1.2246,-8.57,-181.18,25.82,Walking
82.8,37,0,0,0,0,21,-0.2473,-0.6124,1.084,-6.9,-172.19,30.81,Walking
82.82,10,0,31,16,0,0,-0.2796,-0.3949,1.07,-2.99,-166.12,32.41,Walking
82.84,31,0,3,0,0,33,-0.1708,-0.3443,1.0205,-1.61,-185.54,36.99,Walking
82.86,0,4,11,0,0,10,-0.4242,-0.3623,0.8215,4.99,-193.99,33.79,Walking
82.88,0,0,8,0,124,0,-0.1696,-0.3515,0.6637,3.87,-166.99,44.65,Walking
82.9,20,12,0,0,68,0,-0.2405,-0.1181,0.5861,9.11,-165.21,32.92,Walking
82.92,7,0,0,0,7,17,-0.3441,-0.2979,0.6131,23.4,-157.46,31.83,Walking
82.94,70,0,0,0,0,0,-0.162,-0.0898,0.3337,16.01,-134.97,34.12,Walking
82.96,42,11,13,32,0,36,-0.2246,-0.0967,0.3134,15.53,-136.35,38.0,Walking
82.98,0,0,22,9,0,13,-0.2646,-0.0765,0.2735,26.48,-137.08,33.44,Walking
83.0,0,6,12,30,0,0,-0.1577,-0.0286,0.334,25.8,-96.67,42.06,Walking
83.02,21,0,0,21,55,28,-0.2028,0.1951,0.5227,26.46,-90.07,35.56,Walking
83.04,5,0,19,0,47,0,-0.0923,0.1813,0.4284,31.14,-84.78,33.34,Walking
83.06,20,12,5,0,69,46,-0.0579,0.2594,0.6557,31.6,-54.82,41.32,Walking
83.08,0,8,19,2,10,5,-0.039,0.3287,0.8065,28.16,-24.84,34.89,Walking
83.1,16,0,0,24,19,23,0.1156,0.4201,0.8956,27.18,-7.41,15.3,Walking
83.12,209,5,0,0,36,41,0.1242,0.3216,1.021,34.82,6.75,14.1,Walking
83.14,550,29,5,10,10,4,0.0894,0.4354,1.1868,26.8,36.07,14.5,Walking
83.16,1102,0,0,2,4,5,-0.0195,0.4512,1.2011,34.15,36.63,8.81,Walking
83.18,1809,7,0,24,0,3,0.1992,0.4573,1.4767,24.69,58.79,2.62,Walking
83.2,2591,28,9,0,0,24,0.0834,0.4555,1.4939,28.41,87.0,12.67,Walking
83.22,2929,81,36,10,21,0,0.171,0.4684,1.7308,16.9,107.07,3.19,Walking
83.24,2660,155,7,16,0,0,0.1368,0.6042,1.5667,14.29,125.61,-11.04,Walking
83.26,1996,313,111,32,0,0,0.2008,0.5685,1.5961,26.43,135.07,-11.6,Walking
83.28,1197,571,209,0,30,6,0.294,0.5208,1.7134,8.55,150.7,-23.93,Walking
83.3,596,850,407,6,0,14,0.2244,0.5243,1.4241,8.05,152.93,-23.13,Walking
83.32,232,1113,612,55,16,0,0.2049,0.6133,1.3455,6.98,153.65,-25.11,Walking
83.34,96,1311,888,15,0,0,0.2183,0.5914,1.1622,8.92,176.39,-35.4,Walking
83.36,15,1396,1006,72,0,0,0.3482,0.511,1.251,-0.81,175.89,-32.9,Walking
83.38,31,1283,1104,165,74,0,0.3459,0.3604,1.0194,4.39,177.03,-29.35,Walking
83.4,31,1024,1034,354,193,14,0.1569,0.2579,0.8611,-8.47,168.8,-23.0,Walking
83.42,13,740,792,663,460,13,0.2421,0.2902,0.5414,2.69,166.66,-36.35,Walking
83.44,24,435,574,993,697,0,0.2828,0.1574,0.6031,-16.91,169.71,-43.55,Walking
83.46,0,271,382,1423,1104,14,0.2435,0.1465,0.6319,-14.62,161.8,-34.45,Walking
83.48,18,161,201,1920,1633,28,0.1788,0.223,0.6559,-13.82,154.99,-38.25,Walking
83.5,43,36,126,2336,2190,0,0.1515,0.0527,0.4354,-25.29,152.16,-38.86,Walking
83.52,62,10,37,2576,2696,0,0.1552,-0.0071,0.3408,-21.89,132.14,-31.1,Walking
83.54,22,25,33,2579,2977,5,0.1529,0.0159,0.3139,-21.99,116.73,-37.43,Walking
83.56,12,0,8,2397,3119,145,0.1644,-0.2017,0.4213,-24.75,97.55,-38.71,Walking
83.58,0,8,0,2004,2922,356,0.1344,-0.1709,0.6001,-30.84,78.8,-31.39,Walking
83.6,11,4,29,1625,2515,773,0.0651,-0.2626,0.5678,-26.87,70.26,-30.41,Walking
83.62,17,27,0,1137,1885,1329,0.0496,-0.2583,0.6443,-23.19,37.68,-21.88,Walking
83.64,35,11,7,707,1397,1955,0.0266,-0.3516,0.8426,-27.77,27.92,-27.79,Walking
83.66,0,0,29,415,909,2260,-0.045,-0.3693,0.925,-32.23,8.09,-23.51,Walking
83.68,0,5,0,232,515,2179,-0.0284,-0.3715,1.0542,-33.84,-11.99,-4.34,Walking
83.7,0,0,6,146,305,1705,-0.125,-0.4139,1.2965,-30.8,-33.19,-4.58,Walking
83.72,5,0,0,99,125,1117,0.0207,-0.5063,1.3053,-27.48,-66.6,-9.35,Walking
83.74,17,0,0,12,109,612,-0.2561,-0.5288,1.6776,-37.71,-69.41,-4.19,Walking
83.76,3,40,0,10,14,239,-0.1114,-0.6071,1.7425,-29.17,-87.43,2.15,Walking
83.78,31,8,0,0,21,19,-0.1869,-0.4008,1.6471,-24.09,-116.58,4.49,Walking
83.8,0,10,0,0,0,22,-0.2154,-0.5065,1.5951,-23.02,-125.77,12.36,Walking
83.82,1,4,25,29,0,3,-0.2814,-0.4612,1.5175,-25.07,-120.67,14.43,Walking
83.84,0,16,0,45,46,4,-0.244,-0.5074,1.6043,-16.14,-155.46,25.12,Walking
83.86,7,0,0,0,0,32,-0.2128,-0.392,1.6039,-19.36,-149.25,21.7,Walking
83.88,0,26,0,58,0,0,-0.1663,-0.4062,1.516,-8.15,-161.47,26.72,Walking
83.9,15,0,3,0,0,0,-0.3691,-0.3976,1.3846,-2.26,-179.19,30.83,Walking
83.92,5,0,6,52,4,4,-0.2452,-0.429,1.1213,6.78,-180.54,33.63,Walking
83.94,20,0,12,16,0,23,-0.1982,-0.3968,1.0421,-3.78,-191.22,36.59,Walking
83.96,33,0,27,0,0,16,-0.2348,-0.3608,0.9263,0.68,-166.43,35.37,Walking
83.98,20,37,4,0,0,38,-0.2248,-0.3286,0.7086,-1.11,-172.42,41.45,Walking
84.0,60,26,0,56,14,48,-0.2238,-0.2912,0.6256,6.09,-153.62,34.52,Walking
84.02,0,26,6,90,2,0,-0.2407,-0.1229,0.4825,-2.39,-145.52,47.28,Walking
84.04,0,7,0,16,50,30,-0.1935,-0.173,0.3547,19.45,-139.73,42.91,Walking
84.06,0,3,54,16,0,0,-0.3327,-0.0675,0.3403,15.36,-150.41,37.62,Walking
84.08,0,29,7,30,2,4,-0.1654,-0.0252,0.4251,18.23,-145.23,39.42,Walking
84.1,0,0,0,23,32,1,-0.2752,0.0779,0.2276,24.66,-125.78,40.85,Walking
84.12,7,18,0,0,0,16,-0.1165,0.0751,0.4797,27.18,-82.98,31.13,Walking
84.14,23,4,45,0,0,0,-0.099,0.2906,0.4617,27.38,-81.37,39.24,Walking
84.16,26,0,0,21,14,28,-0.0783,0.1381,0.5796,34.48,-77.05,34.8,Walking
84.18,76,33,12,18,0,7,-0.1351,0.4415,0.6562,21.73,-40.2,33.78,Walking
84.2,62,0,0,52,8,0,0.0394,0.4424,0.949,31.4,-26.05,15.72,Walking
84.22,8,23,0,24,0,22,0.0653,0.3595,1.2101,21.2,10.18,20.23,Walking
84.24,318,0,21,2,0,4,-0.0186,0.2809,1.0418,28.37,18.48,16.01,Walking
84.26,751,0,5,0,7,0,0.0734,0.3883,1.2994,29.4,52.51,16.24,Walking
84.28,1405,13,9,0,20,0,0.0844,0.5191,1.3448,27.21,59.62,18.12,Walking
84.3,2195,20,0,0,0,16,0.084,0.3866,1.6638,33.65,68.64,3.14,Walking
84.32,2770,12,19,0,36,25,0.1083,0.6303,1.7207,25.58,96.38,-1.79,Walking
84.34,2871,88,63,30,0,47,0.1564,0.4846,1.6975,18.17,107.67,-7.73,Walking
84.36,2401,229,96,4,51,14,0.1716,0.4855,1.8177,16.9,111.95,-9.42,Walking
84.38,1648,446,190,23,0,6,0.1252,0.4407,1.7294,25.28,141.99,-17.23,Walking
84.4,949,697,314,31,7,28,0.1552,0.5395,1.6855,15.61,142.93,-18.39,Walking
84.42,407,1003,505,0,11,56,0.3236,0.5661,1.7259,7.85,172.03,-37.44,Walking
84.44,145,1245,730,63,0,0,0.2518,0.5876,1.5301,7.15,178.24,-31.03,Walking
84.46,114,1361,970,75,1,0,0.2157,0.368,1.525,11.39,186.12,-25.17,Walking
84.48,30,1365,1062,97,113,23,0.2365,0.4335,1.187,4.48,169.43,-33.98,Walking
84.5,0,1148,1075,249,138,0,0.2859,0.493,0.9909,-7.82,184.75,-33.89,Walking
84.52,6,907,943,442,302,41,0.294,0.3379,0.8859,-0.43,203.38,-35.8,Walking
84.54,0,602,708,776,464,35,0.267,0.2177,0.7388,-1.53,177.68,-38.33,Walking
84.56,0,350,483,1216,878,0,0.2166,0.1276,0.6631,-15.88,166.78,-41.93,Walking
84.58,27,199,280,1629,1351,41,0.2713,0.1784,0.3973,-14.02,162.13,-38.1,Walking
84.6,0,63,162,2147,1916,0,0.165,0.0401,0.5164,-18.44,165.36,-37.66,Walking
84.62,0,38,79,2448,2409,0,0.1635,0.0707,0.242,-24.41,131.03,-27.47,Walking
84.64,44,0,40,2551,2878,55,0.088,0.0257,0.4943,-26.23,123.54,-34.15,Walking
84.66,0,0,1,2514,3098,57,0.1714,-0.0431,0.4652,-25.75,100.86,-46.19,Walking
84.68,0,0,18,2254,2989,185,0.1379,-0.0573,0.4183,-35.45,86.92,-30.76,Walking
84.7,0,0,10,1854,2743,503,0.083,-0.2345,0.409,-34.5,61.83,-29.45,Walking
84.72,45,0,0,1329,2270,946,0.0785,-0.1229,0.5047,-31.35,56.32,-31.96,Walking
84.74,0,0,0,889,1644,1594,0.0063,-0.1877,0.8005,-29.16,31.76,-34.41,Walking
84.76,14,0,0,631,1171,2131,0.0677,-0.3187,0.7791,-29.56,17.67,-17.36,Walking
84.78,0,0,4,316,711,2306,-0.024,-0.3573,1.1611,-29.6,12.26,-20.39,Walking
84.8,0,7,0,237,413,2020,-0.0889,-0.4123,1.0968,-30.63,-21.97,-11.67,Walking
84.82,0,60,41,87,256,1494,-0.0236,-0.3684,1.3222,-20.41,-45.45,-7.69,Walking
84.84,27,15,0,58,127,940,-0.0675,-0.4457,1.5786,-24.88,-72.18,-2.91,Walking
84.86,0,0,0,42,55,417,-0.1233,-0.5039,1.4219,-20.57,-73.31,-4.17,Walking
84.88,0,9,9,92,0,206,-0.1762,-0.4147,1.4996,-33.9,-96.64,0.86,Walking
84.9,0,5,11,17,13,0,-0.1531,-0.6613,1.6261,-17.5,-95.38,1.22,Walking
84.92,0,15,5,0,31,48,-0.2256,-0.5271,1.7551,-14.68,-131.14,17.81,Walking
84.94,0,0,0,26,61,28,-0.2385,-0.5141,1.5649,-17.17,-153.68,17.63,Walking
84.96,0,0,0,13,3,30,-0.1987,-0.4973,1.6245,-22.93,-142.26,19.99,Walking
84.98,0,8,1,0,18,20,-0.1756,-0.3546,1.5017,-3.87,-169.84,29.53,Walking
85.0,29,20,26,0,0,2,-0.3097,-0.596,1.4145,-13.93,-180.98,26.89,Walking
85.02,0,44,17,0,25,32,-0.2118,-0.4463,1.3206,-0.7,-190.68,27.52,Walking
85.04,68,0,0,0,42,15,-0.1626,-0.5272,1.1104,6.21,-176.33,35.97,Walking
85.06,0,10,12,0,17,9,-0.2041,-0.2942,0.9472,1.92,-176.98,30.95,Walking
85.08,11,0,5,0,6,0,-0.2201,-0.3103,1.0233,12.75,-181.23,39.42,Walking
85.1,0,13,2,50,0,0,-0.2294,-0.3668,0.7457,10.45,-181.75,38.92,Walking
85.12,17,20,1,0,0,0,-0.232,-0.1395,0.5364,14.04,-182.76,39.72,Walking
85.14,0,0,11,12,0,18,-0.1926,-0.0622,0.5557,17.92,-157.07,31.07,Walking
85.16,0,17,0,0,11,0,-0.1821,-0.0974,0.3107,13.25,-159.32,39.77,Walking
85.18,0,6,0,72,0,0,-0.163,-0.051,0.2502,18.55,-162.25,42.93,Walking
85.2,17,33,0,0,40,24,-0.1633,-0.0107,0.1334,20.45,-129.09,44.67,Walking
85.22,64,7,2,0,0,0,-0.0881,0.1705,0.3769,21.36,-112.6,33.81,Walking
85.24,0,17,0,0,26,11,-0.1479,0.2172,0.3773,31.14,-103.36,37.49,Walking
85.26,0,7,0,5,0,4,-0.0828,0.1028,0.5734,28.07,-86.87,33.66,Walking
85.28,5,0,0,15,22,0,-0.1107,0.3209,0.7927,35.87,-55.57,31.94,Walking
85.3,5,28,3,0,0,0,0.0264,0.4278,0.7468,26.91,-31.11,20.94,Walking
85.32,1,0,0,0,40,2,-0.0038,0.2763,0.8326,27.16,-11.52,32.25,Walking
85.34,187,0,4,0,2,0,-0.0501,0.3694,0.977,35.85,15.89,18.5,Walking
85.36,492,0,1,0,12,2,0.0959,0.4083,1.3325,34.81,25.46,4.46,Walking
85.38,999,1,30,31,0,0,0.152,0.5609,1.2349,31.28,38.18,15.26,Walking
85.4,1747,45,0,0,16,0,0.0767,0.4169,1.3696,29.17,66.59,2.47,Walking
85.42,2448,33,8,0,0,0,0.2326,0.5591,1.4857,23.17,90.15,-3.09,Walking
85.44,2915,41,0,0,0,0,0.1014,0.5212,1.5868,30.21,120.89,4.67,Walking
85.46,2762,130,17,16,38,0,0.2758,0.5556,1.7614,24.73,127.75,-1.23,Walking
85.48,2047,295,102,0,0,0,0.2519,0.5715,1.7487,19.89,126.56,-10.96,Walking
85.5,1362,559,212,0,0,27,0.1007,0.4839,1.5279,17.45,129.16,-15.35,Walking
85.52,671,819,382,0,18,8,0.2222,0.5301,1.5724,9.75,165.17,-20.26,Walking
85.54,346,1107,634,13,0,0,0.2489,0.3663,1.4551,9.42,168.02,-11.64,Walking
85.56,134,1291,862,31,90,0,0.325,0.6295,1.2965,10.99,163.46,-28.04,Walking
85.58,15,1361,975,41,35,0,0.1546,0.5938,1.202,6.78,187.17,-27.0,Walking
85.6,0,1268,1117,129,131,35,0.2393,0.3054,1.0837,10.13,187.51,-35.45,Walking
85.62,0,1066,1027,305,219,36,0.367,0.3846,0.7172,-1.3,193.23,-37.78,Walking
85.64,0,790,869,538,404,6,0.3455,0.3442,0.8799,-5.28,180.15,-44.73,Walking
85.66,18,466,598,948,624,11,0.2742,0.2927,0.678,-11.66,163.36,-43.18,Walking
85.68,25,269,377,1374,1006,0,0.215,0.3624,0.6285,-14.2,179.1,-39.18,Walking
85.7,0,130,214,1858,1594,0,0.2785,0.1677,0.4085,-16.05,171.58,-44.17,Walking
85.72,4,48,77,2324,2135,33,0.317,0.1859,0.3793,-19.06,151.48,-39.21,Walking
85.74,0,44,32,2548,2650,0,0.1962,-0.0396,0.3758,-16.45,126.96,-39.85,Walking
85.76,34,0,13,2619,3009,39,0.1181,0.004,0.3013,-18.18,101.09,-46.43,Walking
85.78,0,7,0,2419,3051,177,0.107,-0.1606,0.3708,-29.3,95.27,-36.16,Walking
85.8,0,0,0,2080,2958,288,0.1363,-0.3202,0.6321,-29.48,70.33,-25.95,Walking
85.82,55,0,0,1594,2545,730,-0.01,-0.3351,0.4873,-26.17,67.58,-29.28,Walking
85.84,0,47,0,1176,2001,1265,0.0617,-0.3079,0.7288,-30.24,48.46,-32.65,Walking
85.86,19,0,0,793,1395,1939,0.0763,-0.4081,0.695,-30.06,35.77,-17.12,Walking
85.88,41,4,15,497,930,2245,-0.0713,-0.4705,1.1151,-25.69,3.05,-16.57,Walking
85.9,54,16,0,232,621,2217,-0.0177,-0.4204,1.1496,-31.15,-17.36,-19.54,Walking
85.92,11,28,2,144,316,1827,-0.095,-0.6057,1.4749,-32.12,-31.74,-13.09,Walking
85.94,5,4,4,70,129,1207,0.0148,-0.5123,1.3798,-37.36,-47.02,-7.31,Walking
85.96,0,0,0,21,100,594,-0.0798,-0.4484,1.5312,-28.27,-61.21,4.59,Walking
85.98,5,7,0,50,50,263,-0.1201,-0.6512,1.5505,-32.03,-89.81,-0.44,Walking
86.0,27,19,0,24,19,0,-0.0471,-0.592,1.6146,-24.51,-113.3,-1.68,Walking
86.02,16,0,0,8,0,20,-0.1415,-0.4097,1.5848,-21.83,-100.86,4.97,Walking
86.04,30,0,37,0,12,15,-0.1887,-0.5724,1.8219,-21.83,-119.36,16.71,Walking
86.06,45,19,32,54,10,2,-0.249,-0.6956,1.4833,-21.06,-139.7,21.78,Walking
86.08,0,17,0,0,34,0,-0.3008,-0.5064,1.6198,-16.61,-152.05,25.12,Walking
86.1,0,13,14,0,98,23,-0.1616,-0.6376,1.5028,-18.24,-166.74,14.07,Walking
86.12,24,0,47,18,43,0,-0.2653,-0.4062,1.1402,-4.7,-182.02,29.3,Walking
86.14,32,24,17,0,0,8,-0.3084,-0.4431,1.3389,-7.11,-183.33,37.77,Walking
86.16,30,12,16,28,0,0,-0.3283,-0.4831,1.3121,-2.17,-186.8,38.1,Walking
86.18,37,0,10,28,0,51,-0.355,-0.3959,0.9558,-1.18,-175.26,35.72,Walking
86.2,23,0,3,17,52,22,-0.1718,-0.311,0.9172,10.66,-192.56,33.22,Walking
86.22,9,0,0,0,12,0,-0.2392,-0.1969,0.7453,14.5,-176.17,42.84,Walking
86.24,0,0,0,64,0,0,-0.2732,-0.2797,0.5325,12.0,-163.35,44.53,Walking
86.26,0,0,0,47,11,0,-0.279,-0.1586,0.4942,12.92,-157.26,30.52,Walking
86.28,14,0,0,6,0,2,-0.1425,-0.2308,0.3805,26.42,-150.49,39.84,Walking
86.3,71,24,0,0,14,13,-0.2488,0.0565,0.257,22.92,-139.7,44.3,Walking
86.32,56,28,4,73,74,0,-0.0906,0.1085,0.2487,29.44,-126.27,35.27,Walking
86.34,18,27,19,3,16,0,-0.1496,0.1276,0.378,16.2,-107.32,42.06,Walking
86.36,32,9,5,38,0,0,-0.1302,0.1936,0.3392,21.23,-70.7,28.33,Walking
86.38,1,2,21,0,48,0,-0.0272,0.2544,0.6301,22.46,-77.58,37.14,Walking
86.4,19,17,0,0,0,23,-0.1294,0.2688,0.8247,32.3,-46.11,21.61,Walking
86.42,0,0,0,0,18,0,-0.0559,0.2918,0.8066,33.3,-24.12,27.42,Walking
86.44,35,0,0,8,10,12,-0.0337,0.3926,1.0392,37.83,1.39,20.44,Walking
86.46,273,0,33,8,0,0,-0.0044,0.352,1.2095,25.99,6.01,23.45,Walking
86.48,707,0,9,0,0,11,0.0279,0.4531,1.1555,34.35,39.94,17.37,Walking
86.5,1278,6,0,0,56,0,0.1383,0.5378,1.306,22.42,65.43,7.71,Walking
86.52,2115,34,5,5,0,10,0.1323,0.4679,1.4354,22.98,40.7,6.09,Walking
86.54,2737,67,24,0,6,0,0.0374,0.6822,1.523,32.65,102.87,0.04,Walking
86.56,2900,102,2,19,0,25,0.2247,0.6237,1.6291,22.91,93.47,-10.67,Walking
86.58,2451,210,62,39,21,0,0.1114,0.5885,1.5837,27.75,140.48,-15.4,Walking
86.6,1787,395,166,5,0,6,0.1935,0.6584,1.5906,17.15,141.1,-15.09,Walking
86.62,1039,640,259,0,7,5,0.0821,0.5249,1.5593,19.95,153.67,-22.36,Walking
86.64,477,934,484,46,0,4,0.2045,0.4999,1.4677,0.95,167.58,-27.94,Walking
86.66,201,1211,671,11,0,0,0.3211,0.6458,1.3916,13.36,161.9,-24.61,Walking
86.68,37,1404,963,0,12,0,0.2924,0.5172,1.3755,8.3,183.89,-32.09,Walking
86.7,46,1372,1116,76,56,17,0.1685,0.4041,1.1222,7.38,176.86,-29.58,Walking
86.72,0,1192,1086,286,148,0,0.1526,0.4008,0.9454,-2.01,168.85,-38.21,Walking
86.74,0,874,952,397,186,33,0.2592,0.3996,0.9301,-9.43,163.05,-37.57,Walking
86.76,0,598,749,720,518,24,0.2811,0.2914,0.6017,-12.42,160.48,-39.31,Walking
86.78,18,405,511,1120,809,0,0.2498,0.1931,0.7391,-7.39,169.81,-39.6,Walking
86.8,0,202,316,1568,1275,0,0.2898,0.2818,0.5252,-12.36,189.59,-44.89,Walking
86.82,0,72,173,2041,1781,0,0.1669,0.277,0.427,-14.94,148.59,-44.69,Walking
86.84,0,24,59,2401,2361,0,0.2197,0.1101,0.3772,-23.6,145.14,-40.98,Walking
86.86,0,12,22,2538,2834,49,0.1682,-0.0319,0.3033,-21.18,115.19,-40.65,Walking
86.88,8,0,31,2497,3068,68,0.1705,-0.0272,0.2132,-20.12,111.46,-33.49,Walking
86.9,12,0,4,2337,3090,131,0.1274,-0.0261,0.363,-31.71,101.99,-32.49,Walking
86.92,36,0,0,1935,2783,439,0.1507,-0.0971,0.3935,-25.85,80.65,-23.52,Walking
86.94,0,2,17,1457,2245,918,0.0754,-0.3714,0.702,-33.04,70.25,-29.45,Walking
86.96,0,42,22,1011,1734,1554,0.0553,-0.1893,0.7113,-34.8,20.63,-29.84,Walking
86.98,12,0,0,587,1216,2066,0.119,-0.2517,0.9013,-27.04,24.69,-23.0,Walking
87.0,0,0,0,315,753,2293,-0.0513,-0.4058,0.8929,-25.77,4.49,-21.94,Walking
87.02,31,0,0,190,396,2050,-0.0001,-0.4784,1.0405,-24.64,-12.4,-17.85,Walking
87.04,0,33,6,64,238,1508,-0.0511,-0.4069,1.4045,-19.27,-22.33,-10.88,Walking
87.06,14,28,0,10,98,966,-0.1043,-0.4906,1.4721,-34.01,-59.41,-0.08,Walking
87.08,49,0,0,95,87,442,-0.2015,-0.4825,1.5394,-31.95,-67.21,0.73,Walking
87.1,7,0,4,13,46,155,-0.158,-0.7216,1.4805,-28.29,-95.04,-1.5,Walking
87.12,28,25,10,0,12,14,-0.2269,-0.3751,1.7642,-22.16,-106.45,-3.52,Walking
87.14,30,17,34,23,0,30,-0.0632,-0.5738,1.6032,-24.42,-117.4,11.62,Walking
87.16,8,0,4,0,21,73,-0.1706,-0.622,1.5716,-20.3,-143.7,15.63,Walking
87.18,16,25,0,12,0,51,-0.1478,-0.7139,1.5364,-15.62,-156.63,21.4,Walking
87.2,0,5,17,0,8,0,-0.2342,-0.5004,1.5087,-3.84,-158.62,16.68,Walking
87.22,0,8,23,14,0,55,-0.1999,-0.5902,1.4721,-7.18,-178.25,20.27,Walking
87.24,58,0,10,11,2,0,-0.2501,-0.4061,1.1856,-8.25,-179.61,29.06,Walking
87.26,69,14,30,0,0,59,-0.3146,-0.4495,1.101,-2.54,-189.55,28.49,Walking
87.28,5,20,0,48,10,0,-0.2323,-0.4096,0.8772,-5.68,-187.16,44.36,Walking
87.3,48,30,0,0,18,0,-0.1722,-0.2185,0.7933,1.27,-174.76,41.94,Walking
87.32,21,3,21,61,18,32,-0.2487,-0.3809,0.7986,8.07,-191.67,35.12,Walking
87.34,15,0,0,0,0,19,-0.1687,-0.2456,0.4393,10.18,-165.33,41.06,Walking
87.36,52,0,2,0,0,25,-0.283,-0.1834,0.5653,12.2,-130.63,44.02,Walking
87.38,0,13,11,4,0,0,-0.1261,-0.0908,0.1586,18.0,-152.85,45.1,Walking
87.4,10,0,4,78,8,32,-0.0899,-0.0093,0.4589,22.03,-136.77,39.07,Walking
87.42,31,0,32,1,0,0,-0.1519,-0.0326,0.4106,22.92,-111.84,44.36,Walking
87.44,0,0,0,8,0,8,-0.0753,0.2192,0.4769,24.65,-108.22,38.84,Walking
87.46,42,0,29,29,0,2,-0.1258,0.1325,0.4901,29.09,-100.53,38.99,Walking
87.48,0,0,0,55,0,8,-0.0417,0.1753,0.3113,28.68,-83.23,41.11,Walking
87.5,41,0,0,58,1,0,0.007,0.1501,0.752,28.71,-55.2,30.59,Walking
87.52,0,50,18,7,0,0,-0.0015,0.0486,0.9415,23.36,-28.24,33.92,Walking
87.54,36,15,0,3,80,0,-0.0831,0.452,0.7583,29.83,-14.29,12.58,Walking
87.56,195,0,0,37,0,28,-0.1283,0.3973,1.0793,32.64,3.35,21.53,Walking
87.58,439,0,0,0,20,0,0.0655,0.5579,1.006,36.19,25.82,14.35,Walking
87.6,978,19,6,0,0,0,0.0336,0.46,1.3557,36.7,46.17,14.36,Walking
87.62,1637,18,0,27,0,0,0.0809,0.5268,1.3074,24.51,61.61,3.97,Walking
87.64,2376,14,3,0,6,0,0.1124,0.5632,1.52,27.44,63.79,-4.14,Walking
87.66,2859,65,0,0,8,0,0.1114,0.6622,1.6482,23.26,106.55,-3.59,Walking
87.68,2754,155,47,0,0,0,0.3015,0.5669,1.6213,20.67,110.96,-2.48,Walking
87.7,2201,272,86,33,14,0,0.2123,0.6083,1.6365,25.86,142.04,-14.12,Walking
87.72,1424,498,158,0,55,0,0.0579,0.4669,1.7538,16.32,157.1,-24.7,Walking
87.74,735,769,356,62,0,0,0.1588,0.6069,1.624,16.99,159.26,-23.39,Walking
87.76,356,1074,567,0,0,38,0.255,0.5634,1.3994,15.29,165.42,-21.95,Walking
87.78,128,1309,833,23,19,0,0.2812,0.4984,1.3296,4.67,177.09,-27.77,Walking
87.8,84,1376,1012,106,32,0,0.2505,0.4835,1.3253,11.51,183.06,-30.45,Walking
87.82,0,1335,1115,142,102,35,0.2463,0.3873,1.0196,2.14,169.39,-28.0,Walking
87.84,0,1065,1029,282,129,12,0.237,0.2045,0.887,1.31,166.97,-35.33,Walking
87.86,0,753,866,536,327,15,0.22,0.2711,0.7662,-9.87,171.56,-40.2,Walking
87.88,0,487,625,937,569,0,0.3021,0.4061,0.7227,-14.16,183.86,-42.43,Walking
87.9,0,270,421,1313,1014,42,0.3308,0.2327,0.4129,-6.66,158.16,-37.15,Walking
87.92,0,121,250,1797,1546,0,0.1759,0.1332,0.4002,-20.61,170.66,-42.86,Walking
87.94,0,78,132,2193,2028,28,0.2461,0.0591,0.3407,-12.71,163.95,-41.55,Walking
87.96,0,44,32,2503,2613,17,0.1233,-0.104,0.3219,-17.73,145.9,-54.53,Walking
87.98,0,11,35,2602,2945,4,0.1668,-0.0958,0.3061,-22.28,116.84,-34.33,Walking
88.0,87,0,24,1,0,10,-0.0694,1.3154,1.3806,76.72,-27.83,52.28,Running
88.02,313,21,16,69,54,0,0.1967,1.0985,1.6185,89.66,76.34,60.23,Running
88.04,2125,33,36,0,83,33,0.3407,1.28,1.9713,72.34,127.03,48.47,Running
88.06,3651,238,76,0,32,39,0.3543,1.4499,2.7025,71.51,162.63,33.74,Running
88.08,1977,1110,414,30,23,7,0.5483,1.026,2.8139,53.46,241.85,-13.91,Running
88.1,354,2096,1222,124,26,0,0.4777,1.3078,2.9929,38.78,286.8,-36.29,Running
88.12,28,1541,1785,889,365,77,0.519,0.9575,2.4385,37.86,324.52,6.47,Running
88.14,0,590,1148,2551,1369,0,0.6513,1.0854,2.511,24.61,364.93,-49.58,Running
88.16,46,94,380,3804,3157,20,0.8074,1.2211,2.1729,24.95,386.25,-51.93,Running
88.18,44,9,90,3014,4032,81,0.4438,0.7738,1.5479,17.25,349.37,-46.47,Running
88.2,0,0,16,1349,2809,682,0.5681,0.5791,0.626,-11.5,384.79,-86.37,Running
88.22,37,42,0,388,1139,2460,0.6371,0.6247,-0.2448,-38.65,352.44,-84.19,Running
88.24,0,0,1,0,253,3360,0.6099,-0.2178,-0.3545,-30.22,348.33,-54.84,Running
88.26,0,0,19,5,75,1805,0.64,-0.0005,-0.5984,-45.65,303.7,-67.06,Running
88.28,0,1,23,0,41,408,0.413,-0.3747,-0.91,-59.14,271.22,-104.57,Running
88.3,15,0,24,0,59,0,0.4986,-0.6101,-0.6522,-90.6,198.66,-94.92,Running
88.32,0,0,0,46,54,9,0.3291,-0.7489,-0.1731,-63.62,157.49,-99.04,Running
88.34,25,0,57,22,21,73,0.2173,-0.775,0.3726,-88.01,75.46,-79.04,Running
88.36,28,0,55,0,20,0,0.2509,-1.0564,0.7377,-61.67,30.6,-69.53,Running
88.38,103,55,0,0,0,19,-0.0402,-1.2072,1.142,-75.32,-42.25,-40.89,Running
88.4,16,25,0,0,30,6,-0.2905,-1.1558,1.9996,-83.88,-71.06,-49.39,Running
88.42,0,15,14,10,0,39,-0.2631,-1.2246,2.4054,-66.93,-121.15,-32.74,Running
88.44,104,0,0,7,50,19,-0.4313,-1.3873,2.9199,-63.38,-192.89,-12.14,Running
88.46,80,0,0,45,1,0,-0.4126,-1.5761,2.607,-78.08,-274.96,-5.8,Running
88.48,0,2,29,20,29,0,-0.5266,-1.3276,2.4699,-36.17,-286.06,39.3,Running
88.5,41,46,20,0,0,26,-0.5862,-1.05,2.6105,-23.87,-331.3,34.57,Running
88.52,61,6,0,30,37,0,-0.3957,-1.048,2.0375,-10.64,-362.21,52.39,Running
88.54,27,3,6,15,0,0,-0.5527,-0.803,1.6687,21.16,-339.84,48.87,Running
88.56,79,56,0,10,48,0,-0.6172,-0.7015,0.4771,27.0,-358.67,46.93,Running
88.58,16,0,22,42,0,68,-0.7028,-0.6378,0.3979,14.19,-378.24,94.65,Running
88.6,14,27,0,0,28,0,-0.8033,-0.1145,-0.3658,30.97,-383.9,94.02,Running
88.62,44,10,0,80,15,24,-0.5646,0.5583,-0.5151,24.83,-314.25,87.87,Running
88.64,37,29,4,19,6,0,-0.4749,0.2969,-0.82,52.67,-288.61,92.24,Running
88.66,40,13,51,40,0,13,-0.1898,0.3932,-0.89,64.87,-242.31,92.59,Running
88.68,0,0,0,61,10,21,-0.5098,0.8425,-0.9398,38.75,-175.77,69.74,Running
88.7,82,33,20,1,0,0,-0.2426,0.9749,-0.1148,77.86,-114.48,88.48,Running
88.72,46,0,0,0,0,26,-0.034,1.0866,0.3234,71.75,-64.97,89.09,Running
88.74,46,36,0,0,0,0,0.1957,1.0709,1.0114,91.74,7.18,69.76,Running
88.76,348,15,35,39,79,0,0.2423,1.1717,1.6566,52.22,50.11,36.77,Running
88.78,1946,20,8,67,0,0,0.2981,1.3684,1.6144,86.27,131.93,21.68,Running
88.8,3607,249,35,0,91,29,0.1549,1.5315,2.3152,55.94,154.64,21.21,Running
88.82,2010,1150,377,0,6,92,0.455,1.2389,2.9244,50.87,223.96,-2.84,Running
88.84,355,2069,1264,217,21,0,0.4784,1.3718,2.7445,65.63,295.65,2.88,Running
88.86,0,1652,1834,890,374,0,0.6757,1.1939,2.3768,51.37,340.63,16.21,Running
88.88,70,643,1155,2513,1249,0,0.5807,0.879,1.8734,23.51,357.54,-10.53,Running
88.9,0,102,351,3726,3186,33,0.7127,0.914,1.7365,18.51,412.14,-26.93,Running
88.92,38,0,0,3053,4069,119,0.7636,0.8493,0.8915,-6.7,376.24,-42.53,Running
88.94,52,25,6,1468,2827,606,0.5723,0.474,0.5872,-17.61,394.1,-68.97,Running
88.96,37,0,0,429,1085,2399,0.6266,0.3063,-0.0121,-28.14,368.87,-94.03,Running
88.98,0,0,0,83,322,3338,0.5749,-0.1918,-0.8595,-50.12,334.01,-91.82,Running
89.0,0,0,44,51,0,1936,0.3932,-0.2168,-1.0523,-65.18,317.46,-82.49,Running
89.02,11,0,21,3,0,500,0.4154,-0.5876,-1.1877,-56.36,253.94,-68.47,Running
89.04,0,33,13,0,0,0,0.1962,-0.6435,-0.4907,-65.02,223.41,-74.42,Running
89.06,0,6,27,0,52,0,0.3633,-0.8473,-0.2992,-60.86,145.7,-90.88,Running
89.08,28,0,8,2,46,0,0.1725,-1.0328,0.192,-69.26,115.79,-80.96,Running
89.1,0,3,36,16,0,0,-0.0256,-1.2583,0.375,-58.81,8.08,-49.55,Running
89.12,15,10,0,0,0,67,-0.0482,-1.0561,1.1952,-75.75,-27.0,-77.97,Running
89.14,76,41,0,0,2,0,-0.2515,-1.2067,1.9023,-84.74,-97.02,-39.18,Running
89.16,25,24,46,28,1,22,-0.3347,-1.3557,2.161,-68.55,-183.46,-47.31,Running
89.18,72,0,0,34,0,45,-0.5251,-1.2414,2.7822,-69.17,-190.63,-29.36,Running
89.2,32,10,0,0,62,0,-0.3557,-1.0647,2.6123,-60.71,-249.18,5.88,Running
89.22,118,27,0,0,27,34,-0.5202,-0.9154,2.9345,-39.18,-362.94,12.21,Running
89.24,38,0,0,0,80,30,-0.7026,-1.2858,2.7004,-40.45,-350.57,-8.72,Running
89.26,0,0,20,0,61,46,-0.6593,-0.913,1.6865,-38.19,-338.91,-0.39,Running
89.28,57,63,0,0,0,0,-0.5757,-0.978,1.9371,-17.01,-395.09,62.09,Running
89.3,50,0,28,85,0,24,-0.7097,-0.4581,0.6993,-0.62,-385.49,56.43,Running
89.32,0,7,0,56,0,0,-0.7661,-0.6009,0.029,22.8,-357.98,70.77,Running
89.34,12,62,1,3,42,13,-0.5208,-0.2564,-0.5206,20.57,-387.57,80.44,Running
89.36,35,0,20,0,0,0,-0.7367,0.059,-0.9475,37.68,-363.27,90.97,Running
89.38,34,0,9,0,0,0,-0.273,-0.0158,-1.0715,43.14,-282.04,74.54,Running
89.4,0,0,0,36,44,0,-0.5627,0.2554,-1.3672,89.55,-263.09,89.11,Running
89.42,0,0,12,0,0,20,-0.2507,0.7597,-0.5385,82.03,-113.07,53.9,Running
89.44,0,17,0,28,47,0,-0.0553,0.8002,-0.4115,72.4,-158.18,96.83,Running
89.46,20,41,9,40,29,0,-0.147,1.1524,0.329,64.42,-86.62,49.35,Running
89.48,0,13,0,27,2,27,-0.0108,1.1444,1.5398,73.35,40.49,43.72,Running
89.5,344,31,56,57,14,42,0.2393,1.157,1.6092,84.45,38.05,65.35,Running
89.52,1838,14,36,69,0,0,0.1406,1.2737,1.9627,75.86,101.41,54.13,Running
89.54,3604,240,32,0,0,0,0.317,1.3737,2.5001,67.72,175.28,23.23,Running
89.56,2024,1097,406,0,0,22,0.5159,1.1558,2.5982,47.89,210.78,-4.99,Running
89.58,348,2046,1195,233,69,11,0.266,0.9941,3.0868,40.4,316.71,5.62,Running
89.6,30,1697,1785,903,287,0,0.3692,1.256,2.6809,62.26,326.57,-42.93,Running
89.62,0,665,1217,2456,1263,32,0.5702,0.5968,1.9069,34.32,349.2,-55.07,Running
89.64,67,141,383,3780,3082,0,0.2587,1.0342,1.62,2.33,433.66,-54.55,Running
89.66,6,14,43,3174,4038,52,0.726,0.547,1.3379,9.77,392.6,-64.1,Running
89.68,0,4,38,1480,2922,639,0.4548,0.6143,0.5619,-10.14,381.48,-81.82,Running
89.7,44,0,47,375,1181,2275,0.6537,0.4828,0.3723,-35.53,347.44,-63.3,Running
89.72,20,0,0,8,268,3371,0.6586,0.2343,-0.1265,-36.93,351.58,-108.76,Running
89.74,0,32,5,0,0,1996,0.4269,-0.3393,-0.7556,-54.26,317.05,-76.98,Running
89.76,89,31,50,0,25,503,0.3084,-0.5307,-1.0615,-36.52,256.4,-45.83,Running
89.78,43,0,0,104,0,0,0.2538,-0.4298,-0.807,-72.18,208.33,-105.52,Running
89.8,0,6,7,21,0,0,0.1755,-0.7032,-0.4482,-62.88,147.1,-71.82,Running
89.82,14,0,31,0,16,0,0.2841,-0.9622,-0.2118,-77.15,86.54,-85.97,Running
89.84,50,49,2,47,30,0,0.1431,-0.8475,0.9307,-75.9,53.27,-73.3,Running
89.86,57,0,24,0,15,0,-0.1459,-1.2999,1.461,-77.12,-0.73,-81.38,Running
89.88,0,70,21,27,82,0,-0.0214,-1.6639,1.522,-74.16,-89.55,-34.03,Running
89.9,54,109,0,0,0,0,-0.1367,-1.0943,2.0127,-88.64,-164.93,-17.58,Running
89.92,43,0,5,73,0,0,-0.2682,-1.3463,2.8323,-57.9,-231.17,-15.34,Running
89.94,67,25,28,17,107,0,-0.3536,-0.6766,2.9525,-54.81,-274.23,-11.83,Running
89.96,0,1,22,62,0,0,-0.4807,-1.3314,2.8394,-60.99,-286.55,3.11,Running
89.98,6,0,30,0,0,23,-0.5275,-1.4096,2.7119,-20.88,-313.14,19.15,Running
90.0,25,54,10,0,0,0,-0.7192,-0.9236,1.92,-8.04,-375.72,49.67,Running
90.02,0,0,0,44,0,56,-0.6224,-0.9918,1.3636,4.71,-390.26,38.25,Running
90.04,0,35,0,11,2,0,-0.7301,-0.9092,0.9783,7.25,-377.58,62.77,Running
90.06,31,18,12,0,25,0,-0.4568,-0.722,0.2933,34.05,-361.64,69.38,Running
90.08,40,0,37,50,0,13,-0.5091,-0.2553,-0.5813,41.66,-342.4,112.82,Running
90.1,29,44,39,101,0,3,-0.483,-0.2178,-0.9966,38.09,-318.16,96.6,Running
90.12,75,17,0,0,0,1,-0.3549,0.4174,-1.2028,59.16,-289.27,101.78,Running
90.14,41,23,0,12,40,0,-0.3027,0.4376,-0.6227,48.19,-260.42,93.29,Running
90.16,9,0,0,0,45,0,-0.3874,0.6871,-0.6887,82.51,-180.14,69.8,Running
90.18,16,0,46,95,0,0,-0.2473,1.1953,-0.1241,73.65,-121.81,79.7,Running
90.2,13,26,33,0,0,19,-0.1738,1.0331,0.3083,84.45,-79.87,50.89,Running
90.22,18,0,0,16,0,0,-0.0167,1.2117,1.3247,62.49,-25.24,81.75,Running
90.24,344,0,0,0,54,0,0.0443,0.9827,1.5342,44.16,81.58,48.95,Running
90.26,1845,0,19,0,0,57,0.2899,1.2699,2.3653,67.11,127.47,17.94,Running
90.28,3683,213,0,0,0,46,0.1794,1.6599,2.4393,85.73,143.01,14.48,Running
90.3,2143,1090,340,20,112,19,0.4637,1.2653,2.8275,50.19,221.31,24.87,Running
90.32,438,2010,1147,102,79,0,0.5821,1.457,3.1966,64.59,302.67,-13.14,Running
90.34,86,1704,1795,845,314,0,0.6374,1.1782,2.4771,40.35,302.55,-10.05,Running
90.36,38,605,1217,2344,1223,49,0.4138,1.3988,2.2836,48.81,362.08,-8.21,Running
90.38,48,67,365,3789,3020,0,0.8024,0.6634,1.5485,29.26,375.89,-39.31,Running
90.4,0,7,27,3179,4095,60,0.45,0.6593,1.0854,14.39,373.48,-61.17,Running
90.42,6,0,8,1513,2998,647,0.4174,0.1982,0.7387,-36.21,384.18,-90.51,Running
90.44,64,43,5,409,1163,2226,0.7764,0.5125,0.2649,-20.3,344.44,-66.44,Running
90.46,10,43,19,35,308,3373,0.7793,0.3389,-0.3416,-39.35,335.41,-96.47,Running
90.48,11,0,0,0,8,2103,0.3341,-0.2228,-0.9905,-33.22,283.28,-84.29,Running
90.5,0,0,8,5,0,511,0.4663,-0.1895,-0.8561,-74.08,232.33,-109.28,Running
90.52,34,9,0,0,68,8,0.2433,-0.3651,-0.5832,-66.65,223.31,-103.9,Running
90.54,39,9,0,0,41,0,0.3204,-0.856,-0.1074,-74.98,156.84,-97.22,Running
90.56,109,2,25,28,91,22,0.2231,-0.8845,0.0775,-66.45,115.9,-88.47,Running
90.58,0,5,2,0,26,17,-0.09,-1.2381,0.6185,-49.77,28.74,-76.66,Running
90.6,0,72,0,103,70,0,0.0607,-1.3673,1.7642,-67.85,-14.07,-65.49,Running
90.62,0,0,0,4,51,0,-0.1869,-1.2195,1.8751,-80.12,-125.74,-53.27,Running
90.64,0,33,0,0,0,13,-0.3374,-1.3607,2.4842,-68.05,-201.88,-21.95,Running
90.66,12,18,0,0,92,0,-0.4263,-1.4896,2.8732,-72.53,-217.1,-39.15,Running
90.68,1,0,0,40,0,0,-0.5411,-1.3229,2.6207,-42.4,-277.22,-20.91,Running
90.7,0,0,0,101,0,0,-0.7887,-1.3988,2.8254,-44.53,-327.27,7.26,Running
90.72,15,0,12,0,0,8,-0.5018,-0.9399,2.7532,-46.2,-308.53,17.16,Running
90.74,86,27,11,0,0,0,-0.45,-1.2214,1.6007,-14.05,-342.99,11.67,Running
90.76,0,0,16,15,2,0,-0.408,-0.9605,1.9061,-15.09,-426.11,53.74,Running
90.78,0,0,15,0,7,68,-0.7778,-0.6415,0.8369,5.73,-366.59,60.92,Running
90.8,72,1,0,0,0,0,-0.7856,-0.5046,0.3814,13.77,-410.31,99.34,Running
90.82,8,17,21,0,34,0,-0.7183,0.2031,-0.0418,18.02,-379.81,88.88,Running
90.84,46,6,20,0,0,42,-0.6681,0.2093,-0.6697,58.39,-373.16,85.69,Running
90.86,0,33,1,65,0,31,-0.4703,0.3864,-0.6165,57.62,-279.76,87.64,Running
90.88,30,36,35,0,0,0,-0.4753,0.6056,-0.6001,57.04,-247.96,83.47,Running
90.9,0,15,17,48,15,0,-0.2587,0.5165,-0.4066,87.48,-181.93,84.23,Running
90.92,0,0,0,0,4,0,-0.1347,0.5795,-0.3632,68.12,-102.62,106.89,Running
90.94,0,0,0,0,75,0,-0.0624,1.1437,0.1575,72.12,-46.46,66.67,Running
90.96,0,153,0,62,22,0,-0.0783,1.1738,0.9288,69.54,-12.15,72.51,Running
90.98,279,9,21,0,49,0,0.1205,1.5654,0.819,75.8,41.28,48.7,Running
91.0,1788,45,0,0,44,18,0.3785,1.3496,1.9021,65.35,89.31,35.21,Running
91.02,3620,215,45,0,21,12,0.2466,1.6077,2.5282,61.08,148.39,16.07,Running
91.04,2330,1069,309,0,0,0,0.4325,1.5534,2.9071,66.19,242.13,0.66,Running
91.06,459,1974,1102,176,28,52,0.3498,0.9238,2.8969,38.5,289.15,-7.35,Running
91.08,10,1699,1799,762,286,74,0.7127,1.3652,2.1122,40.65,323.37,1.75,Running
91.1,84,674,1241,2351,1226,27,0.6921,1.2745,2.3719,22.23,369.02,-45.09,Running
91.12,115,83,394,3749,2996,23,0.8499,0.9369,1.8864,6.1,369.57,-45.28,Running
91.14,9,17,64,3292,3960,49,0.4088,0.8281,1.0082,-5.4,384.77,-82.56,Running
91.16,0,39,11,1689,3043,480,0.662,0.6295,0.5931,-14.53,387.27,-81.03,Running
91.18,61,0,24,333,1355,2124,0.7122,0.2193,-0.0923,-14.71,367.93,-80.38,Running
91.2,0,0,0,22,287,3496,0.6802,0.1427,-0.285,-7.12,349.7,-69.2,Running
91.22,39,49,9,0,69,2231,0.5528,-0.2524,-0.5045,-37.17,320.98,-86.68,Running
91.24,29,58,24,0,0,544,0.49,-0.0153,-0.7453,-39.8,281.47,-83.71,Running
91.26,0,59,27,0,0,0,0.3893,-0.3171,-0.5597,-53.58,242.01,-112.59,Running
91.28,26,0,0,65,27,0,0.4006,-0.4642,-0.1987,-80.42,152.77,-72.09,Running
91.3,0,18,0,0,9,0,0.4295,-0.9243,0.3073,-81.23,115.47,-69.46,Running
91.32,28,0,47,0,2,50,0.1003,-1.1109,0.478,-59.98,-3.69,-62.5,Running
91.34,0,53,21,14,54,94,-0.1708,-1.2139,1.2959,-76.72,-37.1,-50.82,Running
91.36,37,30,0,6,22,0,-0.1274,-1.6204,1.4444,-70.71,-75.59,-47.29,Running
91.38,0,0,0,0,0,0,-0.3956,-1.1677,2.1219,-63.32,-144.59,-26.86,Running
91.4,43,10,0,0,0,20,-0.2922,-1.4637,3.0216,-56.03,-198.62,-25.8,Running
91.42,13,0,0,0,0,16,-0.6595,-1.3892,3.0923,-72.24,-302.68,17.15,Running
91.44,77,19,19,0,0,0,-0.4279,-1.2742,3.2102,-69.95,-284.63,13.58,Running
91.46,11,5,41,0,40,10,-0.6089,-1.2389,2.8126,-22.6,-334.24,10.24,Running
91.48,0,0,24,129,25,3,-0.4845,-0.5451,2.1601,-20.01,-364.04,39.46,Running
91.5,31,7,0,38,0,0,-0.7622,-0.5947,1.3068,-16.96,-378.29,50.06,Running
91.52,0,25,3,0,32,22,-0.7335,-0.6107,0.8381,-9.13,-404.63,62.85,Running
91.54,0,0,25,61,0,0,-0.5542,-0.701,0.188,15.8,-385.52,70.54,Running
91.56,46,0,28,0,30,8,-0.7175,-0.0775,-0.1893,19.88,-373.22,76.14,Running
91.58,48,0,0,20,0,0,-0.8176,-0.0923,-0.5641,54.89,-339.07,85.61,Running
91.6,0,18,26,0,96,0,-0.5053,0.162,-0.4999,54.18,-321.59,67.65,Running
91.62,46,0,41,0,0,0,-0.4198,0.48,-0.8973,63.29,-232.31,79.15,Running
91.64,0,9,38,0,44,40,-0.3031,0.447,-0.8728,70.56,-212.17,76.38,Running
91.66,0,5,27,0,0,17,-0.3311,0.8212,-0.1324,63.84,-118.87,88.21,Running
91.68,19,0,89,0,26,0,-0.1648,1.1061,0.5668,78.95,-88.87,69.82,Running
91.7,97,6,26,0,60,4,-0.1305,0.8018,1.0991,86.88,15.43,54.92,Running
91.72,339,0,27,7,0,31,0.0608,1.402,1.6086,86.64,13.59,70.69,Running
91.74,1725,32,37,11,20,0,0.1446,1.1881,1.9346,86.45,100.14,50.04,Running
91.76,3553,215,38,92,0,48,0.3105,0.9668,2.6843,51.52,184.51,47.72,Running
91.78,2372,997,322,50,0,0,0.2659,1.3443,2.4885,46.31,254.38,17.29,Running
91.8,530,1973,1066,123,79,0,0.4362,1.2646,2.936,41.47,255.54,-14.49,Running
91.82,89,1806,1794,809,379,0,0.593,0.9247,2.8178,31.51,303.32,6.6,Running
91.84,9,700,1314,2256,1196,0,0.6801,0.8807,2.1307,35.87,341.8,-20.76,Running
91.86,6,126,443,3704,2946,5,0.7453,0.8849,1.8967,19.77,361.91,-31.76,Running
91.88,61,51,36,3313,4095,114,0.6408,0.8812,1.3842,2.52,350.52,-58.34,Running
91.9,0,0,24,1652,3136,474,0.726,0.5278,0.9979,-1.79,400.71,-96.77,Running
91.92,0,0,0,456,1344,2003,0.6691,0.4965,0.0157,-34.69,373.31,-79.02,Running
91.94,28,0,1,70,349,3454,0.6489,-0.0086,-0.6757,-28.96,342.81,-62.32,Running
91.96,38,0,50,120,50,2280,0.5744,-0.1356,-0.448,-48.65,338.14,-96.48,Running
91.98,0,15,0,10,2,611,0.593,-0.3787,-0.8602,-66.16,280.71,-76.11,Running
92.0,64,2,0,44,0,0,0.5045,-0.3111,-0.6239,-61.69,212.62,-83.24,Running
92.02,0,0,41,0,0,0,0.4196,-0.5948,0.1864,-56.18,147.87,-63.94,Running
92.04,39,1,0,37,59,17,0.1115,-0.8771,-0.0484,-82.37,70.68,-70.08,Running
92.06,5,51,9,23,2,0,0.0412,-1.0777,0.2165,-79.25,78.49,-72.92,Running
92.08,4,3,0,19,0,52,-0.019,-1.3451,0.8782,-80.63,-28.81,-50.11,Running
92.1,0,29,0,23,0,42,-0.125,-1.0998,1.2784,-61.24,-56.99,-50.53,Running
92.12,31,22,48,0,0,0,-0.2452,-1.5775,2.4704,-63.62,-152.52,-61.61,Running
92.14,0,27,22,29,0,19,-0.3034,-1.345,2.5857,-71.39,-192.49,-5.76,Running
92.16,76,0,5,76,0,0,-0.3278,-1.2783,2.9273,-50.02,-247.41,-42.83,Running
92.18,0,18,0,0,0,0,-0.3254,-1.2435,2.5394,-54.94,-292.1,25.3,Running
92.2,37,17,34,63,62,42,-0.483,-1.1788,2.4488,-21.7,-334.16,7.87,Running
92.22,82,0,9,31,0,11,-0.5784,-0.9466,1.8744,-9.47,-373.73,54.02,Running
92.24,0,7,0,0,0,5,-0.6194,-0.7876,1.8085,-9.63,-392.84,29.42,Running
92.26,0,0,10,27,0,0,-0.7492,-0.6817,1.171,1.99,-378.79,72.28,Running
92.28,50,0,3,0,114,0,-0.6497,-0.1818,0.6619,3.93,-397.82,60.81,Running
92.3,50,9,30,26,36,65,-0.5835,-0.4975,0.002,33.14,-312.89,85.45,Running
92.32,0,23,1,109,0,49,-0.5933,-0.3137,-0.8016,32.54,-331.94,89.73,Running
92.34,33,0,0,36,2,0,-0.5693,0.2098,-0.3246,73.2,-311.76,69.27,Running
92.36,0,40,3,81,0,91,-0.4073,0.3992,-0.9873,80.69,-259.54,105.75,Running
92.38,72,43,0,5,4,57,-0.4522,0.9552,-0.4829,86.06,-208.7,85.21,Running
92.4,59,0,27,9,0,0,-0.1543,0.8734,-0.2268,61.51,-142.33,83.77,Running
92.42,0,2,16,10,0,98,-0.098,1.1767,0.2558,64.63,-83.18,104.65,Running
92.44,0,39,0,0,0,2,0.1451,1.2743,0.3892,96.43,-15.35,33.32,Running
92.46,194,14,38,5,7,0,-0.1791,1.0382,1.3914,80.13,82.01,56.13,Running
92.48,1555,31,0,0,6,0,0.0896,1.3751,1.8658,63.96,118.2,4.18,Running
92.5,3526,202,52,24,88,0,0.2724,1.2675,2.3882,60.32,156.07,30.18,Running
92.52,2479,918,253,0,50,0,0.3169,1.0028,2.6527,53.38,259.27,6.37,Running
92.54,557,1965,1051,129,0,0,0.57,1.5456,2.5044,34.14,285.69,22.01,Running
92.56,20,1827,1810,700,168,0,0.548,1.4156,2.8238,40.3,317.99,-15.29,Running
92.58,0,745,1303,2165,1077,0,0.6945,1.3318,2.3484,32.15,338.94,-53.46,Running
92.6,0,123,487,3632,2752,0,0.7349,0.8006,1.7892,9.98,355.2,-66.57,Running
92.62,18,11,120,3386,4045,74,0.6942,1.0471,1.4335,9.89,400.44,-67.61,Running
92.64,0,0,0,1746,3178,476,0.726,0.3537,0.2999,-16.57,374.72,-65.87,Running
92.66,0,50,42,538,1369,1943,0.5881,0.2052,0.171,-19.89,350.87,-82.89,Running
92.68,130,6,9,103,305,3408,0.7404,0.3315,-0.2856,-33.32,313.82,-88.41,Running
92.7,36,52,0,5,51,2286,0.6059,-0.1033,-0.4588,-34.01,323.35,-78.55,Running
92.72,0,0,45,4,0,598,0.3869,-0.6364,-0.6523,-45.56,260.67,-92.36,Running
92.74,0,0,0,0,32,85,0.4657,-0.7601,-0.9973,-61.84,219.52,-93.77,Running
92.76,9,0,0,6,88,0,0.1445,-0.8595,-0.3632,-62.19,162.9,-105.48,Running
92.78,0,0,50,0,17,36,0.2062,-1.0923,0.0527,-76.91,125.93,-59.72,Running
92.8,0,0,0,0,7,40,0.1607,-0.9871,0.8607,-57.94,24.94,-69.49,Running
92.82,0,10,0,0,13,0,0.11,-1.2495,0.958,-78.11,-32.34,-63.97,Running
92.84,20,0,14,76,56,25,-0.0823,-1.0437,1.9694,-68.06,-59.46,-55.12,Running
92.86,0,54,32,0,0,0,-0.2697,-1.4145,1.988,-91.29,-118.14,-44.37,Running
92.88,0,0,13,0,41,40,-0.116,-1.1778,2.3975,-69.32,-213.2,-18.74,Running
92.9,42,5,0,0,85,36,-0.3438,-1.4612,2.5786,-71.15,-249.25,-7.95,Running
92.92,0,15,0,9,0,0,-0.581,-1.5181,3.0793,-60.09,-267.93,17.82,Running
92.94,0,0,0,0,0,0,-0.8155,-1.2594,2.6162,-53.74,-337.95,23.26,Running
92.96,98,3,0,0,23,0,-0.6495,-1.1703,2.4857,-13.4,-368.61,44.57,Running
92.98,46,10,0,41,26,0,-0.405,-0.8664,1.51,-14.06,-383.3,27.58,Running
93.0,0,15,0,0,47,0,-0.7642,-0.6727,0.6554,15.34,-407.0,53.82,Running
93.02,0,0,29,108,0,0,-0.5404,-0.4054,0.496,10.46,-360.41,83.83,Running
93.04,0,0,0,0,99,0,-0.5524,-0.2195,-0.0203,23.35,-334.63,69.13,Running
93.06,0,4,44,0,0,31,-0.4515,-0.391,-0.3761,47.71,-326.75,88.76,Running
93.08,0,41,50,66,0,0,-0.6766,0.0033,-0.5066,62.3,-286.61,99.72,Running
93.1,63,63,0,0,49,0,-0.4157,0.4084,-1.1531,74.82,-282.2,85.13,Running
93.12,0,0,22,0,8,0,-0.339,0.4267,-0.6887,78.92,-185.08,63.19,Running
93.14,0,0,0,0,0,55,-0.0612,0.665,-0.3985,46.91,-150.93,96.56,Running
93.16,67,0,29,52,43,26,-0.1563,0.9626,-0.0081,77.6,-53.0,87.94,Running
93.18,80,1,0,0,26,33,-0.0939,1.0571,0.9968,98.83,-19.71,56.1,Running
93.2,234,12,0,90,96,48,0.0498,1.3487,1.6554,71.03,37.68,26.86,Running
93.22,1556,34,0,0,28,23,0.3319,1.4211,1.9096,75.99,134.52,45.39,Running
93.24,3592,190,19,0,26,23,0.2732,1.3561,2.4451,80.39,165.38,15.16,Running
93.26,2569,927,300,0,0,17,0.3995,1.4852,2.6988,54.11,196.1,30.59,Running
93.28,462,1946,1001,40,43,0,0.5483,1.3636,2.9985,69.69,270.2,-14.27,Running
93.3,26,1878,1771,654,179,54,0.5624,1.2551,3.0613,36.12,299.64,-23.54,Running
93.32,1,770,1358,2120,989,18,0.5362,0.7234,2.4062,33.83,327.35,-51.81,Running
93.34,0,146,476,3553,2707,0,0.6774,0.9345,1.9818,9.71,372.68,-60.25,Running
93.36,80,0,43,3492,3999,100,0.5505,0.614,1.4627,13.4,375.44,-51.36,Running
93.38,6,0,0,1800,3193,411,0.534,0.8082,0.5984,-10.52,399.74,-82.83,Running
93.4,64,18,12,470,1414,1841,0.6673,0.3852,0.3292,-29.22,346.05,-71.16,Running
93.42,29,34,0,33,372,3392,0.5459,0.3648,-0.3709,-50.43,353.91,-75.13,Running
93.44,0,0,30,2,0,2341,0.8069,0.1389,-0.7612,-24.42,325.86,-80.41,Running
93.46,10,0,5,35,80,614,0.3011,-0.2231,-1.0575,-54.21,289.25,-105.94,Running
93.48,18,20,0,0,0,34,0.075,-0.3277,-0.7745,-49.76,243.99,-91.38,Running
93.5,0,53,17,0,0,34,0.4497,-0.518,-0.4377,-68.59,143.22,-128.36,Running
93.52,33,22,0,30,40,0,0.2781,-1.1849,-0.211,-85.26,120.44,-84.69,Running
93.54,40,0,2,50,0,90,-0.2349,-1.323,0.4998,-81.35,45.2,-71.76,Running
93.56,56,8,37,0,0,0,-0.1036,-1.0488,1.1137,-50.01,-53.4,-55.2,Running
93.58,69,0,1,30,0,0,-0.2677,-1.1438,1.9528,-85.27,-61.98,-33.98,Running
93.6,0,34,0,0,0,0,-0.1708,-1.2939,1.9562,-57.64,-137.42,-34.64,Running
93.62,0,34,0,26,49,0,-0.3875,-1.3728,2.5746,-67.67,-176.75,6.07,Running
93.64,0,54,9,0,0,14,-0.3541,-1.0084,2.7831,-75.24,-257.09,-1.68,Running
93.66,0,17,0,0,28,76,-0.6452,-0.85,3.0229,-46.08,-320.2,7.44,Running
93.68,30,0,0,0,0,5,-0.51,-1.6043,2.6144,-28.87,-362.82,41.18,Running
93.7,35,0,62,0,1,0,-0.7247,-1.0588,2.168,-27.32,-390.46,29.46,Running
93.72,0,42,0,16,51,30,-0.5965,-0.7911,1.4903,-1.65,-366.56,57.74,Running
93.74,21,15,0,53,23,106,-0.8389,-0.7353,0.8325,-8.83,-344.59,73.47,Running
93.76,26,36,40,24,24,0,-0.6145,-0.3883,0.3825,12.62,-329.5,58.9,Running
93.78,9,0,0,0,45,0,-0.601,-0.3329,-0.2039,13.3,-339.95,95.29,Running
93.8,0,0,25,60,6,0,-0.2629,0.1631,-0.9072,42.26,-323.24,72.46,Running
93.82,16,0,1,0,17,0,-0.4814,0.3369,-0.8047,41.53,-255.18,72.02,Running
93.84,45,23,0,0,44,0,-0.488,0.2311,-0.791,70.61,-289.44,96.93,Running
93.86,29,52,13,65,22,19,-0.4558,0.5857,-0.3915,53.52,-249.23,92.9,Running
93.88,0,56,27,89,6,73,-0.1538,0.8341,-0.5217,75.5,-127.2,70.6,Running
93.9,0,43,56,0,0,0,-0.2853,0.9848,0.0308,83.37,-54.94,67.95,Running
93.92,36,0,31,31,0,0,-0.1472,0.9746,0.1917,86.67,0.62,60.89,Running
93.94,198,0,33,0,0,0,0.3346,0.9781,1.2706,77.79,37.34,56.03,Running
93.96,1443,5,0,0,33,42,0.2357,1.3145,2.1263,99.24,91.91,48.62,Running
93.98,3457,127,12,0,0,67,0.3492,1.1646,2.3959,68.5,150.98,37.31,Running
94.0,2600,843,218,0,15,35,0.3124,1.5234,2.7813,63.28,179.36,9.96,Running
94.02,624,1916,966,74,0,0,0.3895,1.0728,2.9806,57.05,266.99,-3.02,Running
94.04,18,1826,1788,665,197,38,0.5591,0.9145,2.7963,52.05,303.8,-10.18,Running
94.06,43,774,1425,2141,1008,26,0.5145,1.1864,2.1154,44.41,326.49,-35.86,Running
94.08,5,106,543,3577,2661,58,0.5715,1.0519,2.0345,27.61,353.0,-52.93,Running
94.1,0,56,74,3570,4051,0,0.7483,0.8016,1.3522,23.08,378.88,-69.86,Running
94.12,0,0,48,1834,3317,394,0.4691,0.4632,0.8111,-14.54,364.52,-36.2,Running
94.14,15,18,0,588,1486,1833,0.5364,0.3258,0.2788,-21.73,357.79,-87.84,Running
94.16,51,0,0,72,415,3352,0.6564,0.2245,-0.4573,-38.14,349.82,-96.74,Running
94.18,51,77,0,54,90,2470,0.6388,0.0514,-0.718,-58.38,287.86,-74.15,Running
94.2,52,8,0,0,89,683,0.586,0.056,-0.8747,-42.0,320.95,-91.72,Running
94.22,0,4,11,44,26,58,0.327,-0.1003,-0.7927,-45.61,210.19,-106.11,Running
94.24,68,0,12,36,0,0,0.3163,-0.5218,-1.034,-74.53,151.94,-91.46,Running
94.26,43,0,0,35,78,1,0.2235,-0.6874,-0.0896,-62.01,110.34,-89.04,Running
94.28,0,35,62,93,24,0,0.02,-1.0288,0.0961,-84.84,39.07,-64.43,Running
94.3,68,74,21,0,0,32,-0.1827,-0.9606,1.1451,-96.97,-13.7,-49.89,Running
94.32,13,0,0,0,25,0,-0.0548,-1.2836,1.6593,-83.69,-66.39,-61.91,Running
94.34,32,8,0,22,43,0,-0.2,-1.2873,2.4962,-57.65,-135.46,-45.02,Running
94.36,0,0,29,87,0,19,-0.2972,-1.4643,2.7356,-66.51,-222.86,-38.32,Running
94.38,2,0,20,0,0,64,-0.4041,-1.5745,3.0757,-44.55,-268.32,-6.88,Running
94.4,48,37,36,1,29,23,-0.6211,-1.1353,3.3181,-21.6,-280.06,8.13,Running
94.42,5,0,39,100,0,16,-0.5051,-1.0798,2.3959,-34.01,-365.5,33.12,Running
94.44,2,14,3,12,0,25,-0.5223,-1.3246,2.4574,9.34,-369.36,45.59,Running
94.46,0,0,38,7,12,21,-0.8624,-0.8713,1.4052,-20.76,-291.7,82.74,Running
94.48,2,0,0,36,13,0,-0.7088,-0.5287,0.8461,-9.8,-374.32,81.19,Running
94.5,19,0,5,75,37,0,-0.6463,0.0741,0.5321,1.46,-377.63,61.25,Running
94.52,96,33,0,11,21,0,-0.6802,-0.123,-0.0241,25.77,-343.94,94.56,Running
94.54,49,0,0,0,54,66,-0.44,-0.0216,-0.3087,39.05,-319.29,109.26,Running
94.56,0,0,40,0,31,0,-0.6394,0.3001,-1.1433,36.04,-303.3,112.29,Running
94.58,0,16,30,0,58,24,-0.2728,0.6183,-0.8626,52.27,-255.68,101.07,Running
94.6,0,0,44,0,21,16,-0.4368,0.353,-0.2384,87.18,-172.92,102.36,Running
94.62,53,31,0,4,121,0,-0.023,0.5603,-0.3937,71.55,-138.09,113.07,Running
94.64,67,0,0,0,0,0,0.0375,1.3523,0.1213,100.6,-76.38,57.72,Running
94.66,0,0,33,21,19,84,0.1317,1.1474,0.4424,57.37,-33.03,74.03,Running
94.68,192,0,0,0,0,0,0.0845,1.174,1.3992,72.21,42.35,43.97,Running
94.7,1354,1,27,0,0,70,0.0876,1.0927,2.0835,63.85,79.44,59.29,Running
94.72,3448,105,63,82,0,0,0.181,1.5551,2.6124,63.9,175.22,25.54,Running
94.74,2699,803,298,9,0,0,0.4146,1.363,3.1423,80.97,202.17,34.85,Running
94.76,651,1937,973,28,51,0,0.4832,1.2718,2.8171,53.63,285.41,-10.35,Running
94.78,52,1921,1797,568,141,0,0.5556,1.3655,2.7514,15.82,318.39,-1.09,Running
94.8,57,858,1416,1942,956,77,0.442,0.9792,2.0788,39.76,307.14,-37.58,Running
94.82,2,188,494,3486,2475,0,0.7412,0.5862,1.911,15.09,370.55,-16.53,Running
94.84,0,0,79,3473,4089,33,0.6149,0.8515,1.4163,12.88,356.73,-72.86,Running
94.86,0,20,0,1893,3385,326,0.6504,0.7705,0.7162,-11.16,401.05,-74.55,Running
94.88,53,61,50,527,1529,1792,0.5834,0.4519,-0.0779,-1.43,365.6,-73.74,Running
94.9,26,6,9,130,421,3305,0.5652,0.0466,-0.4223,-34.05,375.59,-85.34,Running
94.92,9,14,23,0,101,2531,0.5798,-0.1129,-0.761,-34.46,313.5,-92.59,Running
94.94,14,0,8,0,0,686,0.3772,-0.054,-1.0,-58.62,265.63,-94.81,Running
94.96,72,57,0,0,21,85,0.3467,-0.3331,-0.767,-69.76,227.57,-94.88,Running
94.98,0,4,19,25,54,15,0.3352,-0.8138,-0.7949,-86.56,146.64,-83.85,Running
95.0,9,58,14,68,0,0,-0.1165,-0.6428,-0.0728,-62.6,146.77,-89.86,Running
95.02,21,0,20,28,0,10,0.0237,-0.9933,0.4929,-84.79,55.47,-65.49,Running
95.04,0,0,31,126,1,34,-0.0279,-1.2535,1.4944,-83.09,-29.2,-48.91,Running
95.06,23,17,25,16,0,65,-0.1057,-1.4309,1.589,-80.7,-52.69,-37.89,Running
95.08,0,46,17,8,0,8,-0.2595,-1.1454,2.1131,-77.25,-143.84,-20.74,Running
95.1,0,0,0,0,0,40,-0.4161,-1.1901,2.5187,-69.52,-162.4,-20.27,Running
95.12,19,0,0,0,18,31,-0.2877,-1.379,3.0453,-49.0,-220.84,-11.44,Running
95.14,0,0,42,25,125,75,-0.5351,-1.0212,2.6962,-46.64,-273.9,40.97,Running
95.16,0,0,0,27,10,53,-0.442,-1.08,2.6205,-45.67,-359.54,32.49,Running
95.18,0,30,26,0,0,0,-0.4925,-1.0318,2.1071,-6.95,-352.6,24.88,Running
95.2,0,36,8,25,29,0,-0.7531,-0.6844,1.0324,1.56,-366.81,61.27,Running
95.22,0,13,0,9,0,12,-0.672,-0.7526,1.1852,-0.68,-343.81,58.54,Running
95.24,0,5,0,0,0,0,-0.6679,-0.6765,0.2108,22.12,-375.8,61.74,Running
95.26,0,0,0,54,16,0,-0.6831,-0.3482,0.2362,11.99,-375.52,65.96,Running
95.28,64,66,1,0,0,0,-0.7395,-0.0932,-0.5655,40.12,-322.1,69.41,Running
95.3,39,0,0,0,33,0,-0.4476,0.0691,-0.7048,39.74,-271.09,79.66,Running
95.32,0,0,3,0,14,0,-0.5734,0.5655,-1.0315,67.85,-237.32,95.83,Running
95.34,0,18,2,6,13,35,-0.3742,0.83,-0.615,74.18,-168.72,86.34,Running
95.36,7,18,37,83,41,0,-0.2221,0.8264,-0.482,64.64,-163.62,47.91,Running
95.38,0,29,14,0,0,0,-0.0597,0.8373,0.1189,65.11,-116.36,126.34,Running
95.4,37,5,20,0,0,0,-0.0097,1.2922,0.8558,96.77,-10.93,86.76,Running
95.42,196,0,38,0,0,0,0.1407,1.0396,1.6131,75.49,26.44,36.03,Running
95.44,1298,0,0,23,105,21,0.3774,1.0157,2.4538,78.28,68.35,16.91,Running
95.46,3459,138,46,0,15,0,0.3054,1.396,2.4022,78.77,188.76,35.77,Running
95.48,2722,795,190,18,0,0,0.6263,0.9345,2.6748,60.49,226.73,41.42,Running
95.5,700,1865,909,143,22,13,0.7585,1.4998,3.0684,56.4,256.83,-9.22,Running
95.52,67,1967,1705,606,160,0,0.4127,1.6767,3.2404,37.24,351.27,6.49,Running
95.54,80,860,1500,1949,848,4,0.7427,1.3844,2.5121,29.71,332.54,-39.17,Running
95.56,33,195,525,3422,2516,14,0.5887,1.0506,1.6372,-0.61,334.74,-68.82,Running
95.58,7,29,99,3637,3985,49,0.7538,0.5924,1.485,13.25,383.67,-60.63,Running
95.6,32,16,0,1968,3375,323,0.8305,0.5895,0.494,5.7,398.13,-52.68,Running
95.62,0,66,24,656,1685,1681,0.5754,0.2793,0.0616,6.86,426.28,-74.53,Running
95.64,0,34,44,81,378,3340,0.6301,0.1875,-0.4407,-24.17,357.24,-77.08,Running
95.66,0,47,0,40,27,2551,0.5319,-0.3743,-0.7309,-31.46,321.97,-66.6,Running
95.68,39,40,0,28,0,800,0.4069,-0.3873,-0.4671,-21.11,294.86,-66.46,Running
95.7,0,0,0,123,24,57,0.5117,-0.8555,-0.9284,-59.13,219.9,-61.17,Running
95.72,28,34,17,0,63,0,0.5455,-0.732,-0.4621,-82.67,179.51,-49.2,Running
95.74,34,12,0,16,61,20,0.1978,-0.998,-0.1214,-76.45,136.89,-64.21,Running
95.76,0,0,0,0,0,46,-0.0163,-1.5072,0.2948,-77.49,48.41,-57.51,Running
95.78,0,0,0,0,0,0,-0.0187,-0.892,1.3052,-74.22,-0.52,-104.86,Running
95.8,0,54,11,0,55,32,-0.256,-1.2366,1.6979,-91.45,-108.24,-75.93,Running
95.82,55,25,31,9,45,0,-0.2359,-1.5071,2.2156,-72.83,-148.57,-38.44,Running
95.84,12,1,8,59,51,62,-0.5584,-1.5481,2.7031,-66.73,-174.52,-27.39,Running
95.86,0,16,0,0,0,51,-0.3627,-1.4626,2.8735,-59.04,-238.06,-12.7,Running
95.88,0,7,46,0,31,0,-0.4656,-1.5896,2.5746,-46.57,-286.35,18.65,Running
95.9,50,0,0,35,25,30,-0.5463,-1.2136,3.0261,-37.76,-308.49,28.44,Running
95.92,66,2,0,83,0,13,-0.6731,-0.8332,2.0547,-29.42,-289.33,70.7,Running
95.94,0,6,30,49,0,0,-0.6329,-1.1154,2.1017,7.53,-358.9,41.58,Running
95.96,53,45,0,0,0,0,-0.708,-0.4791,1.1382,-17.36,-391.52,69.46,Running
95.98,0,8,34,0,0,0,-0.7358,-0.5274,0.7479,9.57,-413.85,70.71,Running
96.0,51,37,20,0,20,17,-0.6452,-0.3336,-0.1266,31.5,-372.67,70.76,Running
96.02,0,46,0,0,75,39,-0.4583,0.0989,-0.4449,50.4,-353.28,105.66,Running
96.04,27,5,0,130,0,0,-0.6774,0.5425,-0.7699,61.72,-312.22,77.0,Running
96.06,0,11,0,0,0,0,-0.4591,0.2588,-0.9516,76.82,-280.82,108.48,Running
96.08,0,23,0,61,72,78,-0.2787,0.784,-0.8453,63.58,-223.93,92.16,Running
96.1,90,0,0,85,0,79,-0.2323,0.6906,-0.4781,76.23,-160.32,89.91,Running
96.12,0,25,29,0,15,0,-0.25,1.2914,0.4179,67.89,-51.59,84.6,Running
96.14,0,12,0,0,0,2,-0.0614,1.3346,0.7341,68.39,-51.23,39.66,Running
96.16,174,0,0,0,38,56,0.2333,1.2575,1.5924,76.13,5.9,37.66,Running
96.18,1227,48,0,0,15,44,0.2731,1.1434,1.8681,73.41,131.26,54.84,Running
96.2,3297,131,37,0,0,0,0.2177,1.6712,2.3527,87.91,137.66,24.68,Running
96.22,2741,762,214,9,0,0,0.4202,1.2164,2.6064,70.56,240.84,6.65,Running
96.24,716,1812,866,103,17,14,0.5469,1.243,2.9588,56.22,274.82,17.81,Running
96.26,76,1941,1718,490,232,38,0.5791,1.0786,2.7517,27.43,301.07,-18.25,Running
96.28,0,959,1551,1871,846,0,0.5956,1.1003,2.8677,20.31,365.9,-18.09,Running
96.3,10,208,632,3353,2450,0,0.5884,0.8676,2.0268,0.49,378.82,-67.43,Running
96.32,0,0,95,3531,3960,32,0.6632,0.5178,1.429,-3.74,373.61,-61.63,Running
96.34,0,22,0,2069,3469,311,0.5012,0.6746,0.9943,-3.88,379.37,-53.96,Running
96.36,7,0,6,714,1721,1582,0.6928,0.6045,0.2567,-23.62,365.88,-64.01,Running
96.38,8,0,0,164,516,3305,0.7366,0.0912,-0.5663,-28.5,326.63,-77.02,Running
96.4,3,0,0,4,49,2586,0.4642,-0.0125,-0.5885,-43.78,338.83,-66.56,Running
96.42,90,0,46,0,49,854,0.5789,-0.2849,-0.8882,-42.79,307.28,-130.43,Running
96.44,0,49,0,0,0,66,0.4891,-0.4917,-0.5469,-64.67,241.4,-103.25,Running
96.46,59,0,39,0,0,17,0.4861,-0.4944,-0.5114,-62.01,191.18,-78.42,Running
96.48,44,5,33,75,0,32,0.3772,-0.9966,-0.0736,-70.0,115.44,-81.4,Running
96.5,45,37,0,0,4,0,0.1296,-1.343,0.7724,-68.16,75.24,-77.88,Running
96.52,0,0,36,20,0,59,0.1758,-1.1514,0.6129,-82.0,23.56,-86.49,Running
96.54,23,20,0,6,20,0,-0.0446,-1.5572,1.4626,-71.26,-75.49,-43.06,Running
96.56,19,0,29,0,55,18,-0.1794,-1.6949,2.2797,-71.76,-141.48,-49.55,Running
96.58,72,0,0,21,0,0,-0.5239,-1.4506,2.4615,-62.05,-244.02,-34.69,Running
96.6,0,6,65,35,23,39,-0.5793,-1.0922,3.2676,-29.89,-289.63,-14.72,Running
96.62,0,26,71,0,0,0,-0.3256,-1.0254,2.7262,-54.24,-294.71,18.62,Running
96.64,0,0,8,24,0,0,-0.3912,-1.2777,2.4949,-15.59,-330.53,41.12,Running
96.66,89,0,7,12,0,54,-0.6325,-1.1976,2.5817,-20.5,-348.15,27.49,Running
96.68,0,0,31,0,0,62,-0.371,-1.4498,1.5857,-11.32,-328.29,55.61,Running
96.7,0,0,0,84,0,0,-0.7683,-0.6103,1.2167,-5.49,-358.9,77.98,Running
96.72,3,0,0,43,0,13,-0.6426,-0.3961,0.5828,2.82,-372.66,57.76,Running
96.74,21,65,0,0,24,0,-0.5866,0.1303,-0.1099,23.45,-329.87,69.9,Running
96.76,0,0,0,0,0,78,-0.3986,-0.2492,-0.5527,17.24,-280.69,88.15,Running
96.78,56,0,21,67,0,28,-0.2906,0.4202,-0.7253,43.78,-281.41,88.13,Running
96.8,16,47,38,0,6,42,-0.298,0.4694,-0.7831,36.93,-245.08,95.72,Running
96.82,0,0,28,12,0,42,-0.2166,0.449,-0.8201,62.39,-197.77,82.86,Running
96.84,24,1,0,69,0,51,-0.2453,0.5271,-0.0794,49.75,-139.56,96.03,Running
96.86,17,26,17,0,11,36,-0.3445,0.9578,-0.0047,104.6,-86.89,61.91,Running
96.88,0,0,25,0,0,0,-0.0303,1.0357,0.9344,71.9,5.92,88.23,Running
96.9,72,0,0,0,0,0,0.0968,0.7083,1.1293,69.98,76.4,64.8,Running
96.92,1215,48,0,0,20,22,0.1709,1.2455,2.0597,64.79,130.67,48.34,Running
96.94,3286,115,8,0,40,0,0.1683,1.0875,2.5634,77.93,163.07,-0.85,Running
96.96,2974,686,165,0,0,34,0.401,1.2156,2.6183,61.36,193.1,17.9,Running
96.98,822,1837,840,117,56,48,0.4483,1.3708,2.8201,41.24,249.71,11.77,Running
97.0,104,1953,1672,479,149,0,0.4275,1.152,2.9142,49.11,355.25,-29.13,Running
97.02,0,988,1480,1788,792,32,0.1804,1.1473,2.2036,45.46,320.22,-49.99,Running
97.04,12,262,645,3395,2373,6,0.6888,0.8941,2.1665,23.89,372.8,-56.59,Running
97.06,24,24,108,3571,3838,44,0.8036,1.256,1.7039,26.15,390.78,-61.46,Running
97.08,9,13,3,2072,3557,225,0.5236,0.8613,0.7869,-0.75,384.42,-56.52,Running
97.1,0,0,27,699,1753,1629,0.6102,0.8037,0.2654,-8.17,370.34,-103.49,Running
97.12,0,0,0,145,485,3260,0.8168,0.0412,-0.4277,-32.49,324.46,-91.88,Running
97.14,0,2,42,0,0,2660,0.6467,-0.2162,-0.795,-29.99,325.96,-97.27,Running
97.16,59,30,0,0,8,858,0.5045,-0.0974,-0.6426,-54.85,252.38,-84.24,Running
97.18,12,26,5,30,0,85,0.5034,-0.7003,-0.6103,-54.39,232.93,-87.53,Running
97.2,0,7,52,36,0,0,0.3596,-0.5054,-0.3331,-65.5,234.99,-78.32,Running
97.22,54,28,0,0,0,96,0.265,-1.1223,-0.2941,-67.79,117.73,-67.34,Running
97.24,59,19,0,54,48,0,0.2555,-0.9155,0.5676,-56.55,55.39,-88.56,Running
97.26,27,2,0,0,0,50,-0.162,-0.8303,0.8543,-88.5,-3.93,-79.74,Running
97.28,0,0,19,0,82,0,-0.2538,-1.1682,1.8208,-76.08,-88.32,-51.08,Running
97.3,0,0,0,30,31,0,-0.2835,-1.155,2.0969,-74.96,-70.3,-24.28,Running
97.32,1,49,1,56,5,18,-0.3862,-1.3186,2.6225,-83.98,-178.04,-9.19,Running
97.34,0,0,0,52,19,6,-0.5845,-1.4871,3.1509,-59.43,-226.71,10.48,Running
97.36,0,18,26,0,63,69,-0.3814,-1.1848,2.9049,-59.02,-277.85,-16.98,Running
97.38,0,42,23,26,20,58,-0.5205,-1.1772,2.7723,-6.55,-369.88,13.71,Running
97.4,38,41,49,0,4,0,-0.5694,-1.1212,2.493,-38.38,-335.21,45.29,Running
97.42,33,15,0,0,0,0,-0.5679,-1.3847,1.7886,-13.93,-361.57,52.29,Running
97.44,0,52,45,0,0,33,-0.6883,-0.687,1.5865,-15.14,-370.37,56.63,Running
97.46,69,15,0,34,0,14,-0.7953,-0.1027,0.8274,17.27,-396.32,66.79,Running
97.48,0,22,0,0,0,0,-0.5781,-0.1066,0.1921,21.95,-328.97,61.01,Running
97.5,71,22,0,0,0,0,-0.6048,-0.0773,-0.3883,29.6,-368.35,82.36,Running
97.52,0,0,43,66,0,53,-0.4658,0.2188,-0.701,38.9,-271.75,110.84,Running
97.54,0,5,23,0,36,28,-0.3506,0.5525,-0.7179,58.68,-275.56,96.73,Running
97.56,1,0,0,45,0,14,-0.5628,0.6345,-0.8852,61.85,-232.23,78.51,Running
97.58,37,18,0,0,5,0,-0.1413,0.537,-0.4152,56.44,-161.92,73.61,Running
97.6,8,0,16,0,0,0,-0.154,0.8811,0.2984,80.08,-104.49,70.82,Running
97.62,0,2,0,14,5,72,-0.1409,1.2583,0.8577,69.65,-55.35,78.72,Running
97.64,128,0,48,0,49,22,0.0791,1.5729,1.5434,76.24,56.99,35.85,Running
97.66,1060,21,2,34,52,0,0.0039,1.1351,1.7041,72.45,102.7,18.49,Running
97.68,3162,122,56,0,0,60,0.2162,1.3998,2.1222,59.11,135.88,45.52,Running
97.7,3008,635,140,84,76,35,0.4427,1.0962,3.0782,68.83,243.72,16.38,Running
97.72,834,1776,861,104,0,0,0.2668,1.7061,2.9517,81.38,306.32,-8.34,Running
97.74,39,2030,1672,571,155,19,0.5355,1.2638,2.3825,32.51,330.18,-7.29,Running
97.76,27,975,1578,1692,710,0,0.6259,1.3217,2.3147,29.85,298.59,-37.96,Running
97.78,18,258,669,3403,2271,0,0.8107,0.8997,1.9031,41.16,331.87,-38.96,Running
97.8,38,49,117,3673,3928,26,0.7193,1.0393,1.4997,19.39,375.65,-42.72,Running
97.82,38,0,0,2156,3664,240,0.8009,0.3538,0.6712,-0.18,407.86,-51.51,Running
97.84,16,0,0,643,1869,1506,0.6959,0.3884,-0.1071,-16.04,373.0,-83.45,Running
97.86,0,0,0,137,542,3210,0.5187,0.0436,-0.0386,-29.37,330.51,-70.47,Running
97.88,14,4,27,105,47,2829,0.5513,-0.1639,-0.8661,-60.56,321.07,-86.01,Running
97.9,0,38,23,0,0,931,0.403,-0.3446,-0.7587,-47.05,273.87,-89.24,Running
97.92,0,0,14,0,39,165,0.4796,-0.0865,-0.9202,-50.03,259.56,-91.3,Running
97.94,0,36,0,0,46,0,0.2915,-0.6084,-0.3642,-62.38,210.83,-101.55,Running
97.96,41,0,0,22,35,1,0.2598,-0.9632,-0.1968,-78.88,146.08,-80.42,Running
97.98,19,4,0,42,8,0,-0.0357,-1.151,0.0841,-54.2,34.73,-86.89,Running
98.0,0,52,9,0,21,19,0.0136,-0.8996,1.0421,-81.92,-38.69,-74.91,Running
98.02,21,0,0,37,30,38,-0.2354,-1.0756,1.7564,-71.56,-53.04,-61.08,Running
98.04,60,21,0,107,0,73,-0.2263,-1.1858,2.4396,-68.37,-135.52,-15.72,Running
98.06,24,0,64,0,0,24,-0.3591,-1.8472,2.1981,-40.73,-222.22,-37.51,Running
98.08,0,51,0,87,0,0,-0.4475,-1.6333,2.659,-68.25,-271.86,-1.94,Running
98.1,29,25,0,0,0,137,-0.5981,-0.9801,2.7756,-54.67,-309.27,6.98,Running
98.12,52,0,0,0,0,0,-0.4887,-1.1382,2.9422,-38.64,-327.05,-17.24,Running
98.14,0,15,27,0,0,0,-0.8702,-1.1337,2.2606,-39.36,-330.01,-15.28,Running
98.16,47,0,56,89,0,0,-0.6496,-1.036,1.7842,-16.6,-363.74,32.56,Running
98.18,29,27,20,0,0,0,-0.6639,-0.4848,1.2724,-15.37,-384.47,63.97,Running
98.2,0,0,0,82,0,41,-0.4679,-0.4934,0.5329,13.9,-371.24,59.54,Running
98.22,35,27,0,0,0,0,-0.7032,-0.5595,0.2005,20.5,-384.12,70.34,Running
98.24,26,44,39,0,27,36,-0.6272,-0.0454,-0.8006,45.79,-342.39,97.42,Running
98.26,41,0,38,6,0,58,-0.4714,0.3086,-0.8734,34.53,-259.09,100.28,Running
98.28,9,2,0,0,0,0,-0.58,0.5829,-1.027,49.48,-284.24,76.64,Running
98.3,0,34,0,0,7,56,-0.371,0.3317,-0.3098,69.65,-221.69,80.77,Running
98.32,72,28,92,0,18,0,-0.2117,0.7343,-0.7531,69.53,-152.58,92.86,Running
98.34,19,45,5,4,25,0,-0.2022,0.9905,0.2207,77.28,-97.86,104.33,Running
98.36,15,0,55,22,52,0,0.0178,1.2831,0.4515,80.76,-29.86,78.59,Running
98.38,118,14,29,62,0,0,0.2055,1.3236,1.7523,71.34,30.86,54.08,Running
98.4,1069,0,19,85,30,0,0.4062,1.0666,1.7514,62.95,71.9,40.27,Running
98.42,3104,91,60,52,9,5,0.1649,1.4755,2.3838,74.32,137.75,10.45,Running
98.44,3138,699,166,0,16,74,0.3338,1.5852,2.6292,53.42,236.65,20.51,Running
98.46,939,1716,766,87,72,0,0.5537,1.2347,2.6817,41.5,233.56,5.4,Running
98.48,60,2013,1694,455,72,16,0.4262,1.0664,2.8287,51.52,279.07,-30.24,Running
98.5,0,1042,1574,1625,712,0,0.5429,1.0208,2.2496,36.56,325.46,-52.66,Running
98.52,30,245,661,3310,2291,0,0.7293,0.894,2.2934,14.67,328.3,-22.58,Running
98.54,7,27,177,3678,3864,85,0.3603,0.8196,1.5565,28.64,361.19,-83.86,Running
98.56,0,45,26,2234,3671,208,0.8179,0.9361,0.9794,19.08,361.39,-43.01,Running
98.58,50,54,19,775,2027,1453,0.4681,0.2817,0.6185,-13.88,328.8,-81.54,Running
98.6,0,0,35,95,521,3160,0.4213,0.3469,-0.571,-11.12,378.71,-80.79,Running
98.62,0,0,0,11,45,2768,0.4987,-0.1303,-1.0964,-61.58,306.87,-99.53,Running
98.64,0,0,0,0,0,918,0.5598,-0.1746,-0.658,-47.43,306.73,-89.29,Running
98.66,0,0,17,111,0,97,0.3123,-0.3101,-0.5238,-46.57,243.26,-81.2,Running
98.68,0,0,24,18,47,41,0.5189,-0.9598,-0.2587,-58.67,235.51,-90.7,Running
98.7,0,72,0,54,39,11,0.2745,-1.1822,-0.5473,-54.65,130.9,-102.22,Running
98.72,33,6,0,0,53,0,-0.0192,-1.0515,0.1743,-74.11,19.21,-75.04,Running
98.74,0,58,0,0,0,36,-0.131,-1.4224,0.8641,-74.43,10.47,-56.79,Running
98.76,38,39,64,0,0,16,-0.2258,-1.3545,1.6623,-87.23,-57.47,-70.19,Running
98.78,0,0,0,8,0,0,-0.2588,-1.2159,1.9477,-70.3,-130.93,-64.82,Running
98.8,19,4,0,15,18,6,-0.2477,-1.3615,2.8908,-60.84,-172.82,-13.63,Running
98.82,13,0,4,70,0,0,-0.4433,-1.2566,2.7223,-53.91,-205.98,-12.57,Running
98.84,102,0,0,0,21,17,-0.4685,-1.2787,2.472,-49.07,-281.6,21.73,Running
98.86,0,22,0,2,73,42,-0.6779,-0.8037,2.3413,-34.12,-311.55,27.38,Running
98.88,0,0,0,36,12,18,-0.5619,-1.3558,2.321,-35.63,-321.71,28.11,Running
98.9,101,18,0,5,0,5,-0.8445,-0.7108,1.8247,-26.71,-390.91,27.05,Running
98.92,42,14,0,0,20,0,-0.7111,-0.5231,1.1721,1.52,-418.64,54.13,Running
98.94,5,0,8,0,33,8,-0.4639,-0.8701,0.6415,18.08,-410.46,61.55,Running
98.96,0,5,2,0,23,0,-0.6397,-0.2371,0.3777,10.86,-399.1,76.99,Running
98.98,35,20,31,0,8,0,-0.6176,-0.3662,-0.397,33.34,-367.81,72.3,Running
99.0,0,10,14,17,0,0,-0.7198,0.1703,-0.9143,35.1,-299.16,85.1,Running
99.02,0,0,15,0,0,57,-0.3879,0.3938,-0.7955,46.76,-293.75,91.74,Running
99.04,0,0,21,34,2,11,-0.3558,0.5098,-0.4244,57.61,-211.54,103.72,Running
99.06,107,0,9,47,42,12,-0.4117,0.8157,-0.3269,54.14,-211.08,90.9,Running
99.08,33,17,61,0,0,80,-0.0199,0.6866,0.192,59.91,-72.52,93.63,Running
99.1,14,77,65,26,13,13,-0.1239,1.3163,0.9134,68.25,-30.63,72.93,Running
99.12,100,26,0,0,3,57,0.0118,1.179,1.0249,78.37,53.63,55.83,Running
99.14,899,0,0,0,33,5,0.0383,1.2317,2.1799,93.7,83.64,33.98,Running
99.16,3082,70,15,6,0,24,0.3247,1.5345,2.3664,64.96,168.57,20.1,Running
99.18,3112,663,177,32,0,1,0.2233,1.2413,2.8873,51.37,217.46,14.88,Running
99.2,1051,1627,723,137,0,5,0.6032,1.3745,2.9155,58.22,283.48,10.93,Running
99.22,86,2035,1638,503,122,0,0.6426,0.8465,2.6735,35.55,289.05,-2.62,Running
99.24,65,1071,1574,1544,605,6,0.335,1.3606,2.5173,54.66,322.59,-55.59,Running
99.26,0,274,721,3241,2096,38,0.5708,0.9871,1.8572,7.27,398.47,-50.56,Running
99.28,0,16,160,3721,3840,35,0.542,0.98,1.7615,35.07,358.62,-73.39,Running
99.3,42,5,20,2379,3713,293,0.605,0.7972,0.4118,-18.84,393.19,-90.35,Running
99.32,11,23,14,797,1920,1274,0.683,0.4544,0.5754,-33.63,436.61,-82.59,Running
99.34,0,0,9,106,558,3080,0.5853,0.0339,-0.2582,-39.05,318.72,-56.74,Running
99.36,0,45,0,0,42,2929,0.6804,-0.1477,-0.7719,-62.6,345.49,-71.19,Running
99.38,101,0,0,5,22,1151,0.492,-0.2817,-0.9424,-57.69,351.81,-57.73,Running
99.4,0,3,14,9,47,120,0.3925,-0.4301,-0.8885,-51.58,258.08,-90.68,Running
99.42,14,0,0,0,0,0,0.1645,-1.1122,-0.7554,-58.73,199.29,-96.34,Running
99.44,0,0,0,0,13,0,0.2095,-0.7552,-0.14,-60.07,125.71,-84.22,Running
99.46,140,6,0,0,56,18,0.1133,-1.1251,0.2597,-69.33,67.91,-81.1,Running
99.48,71,94,42,0,93,0,0.1126,-1.0528,1.2717,-68.6,6.72,-67.09,Running
99.5,24,0,32,0,64,8,-0.3137,-1.5271,1.8032,-72.31,-37.41,-42.03,Running
99.52,2,36,10,0,3,27,-0.1207,-1.3519,2.1174,-87.44,-126.26,-32.79,Running
99.54,41,31,38,96,0,0,-0.1562,-1.3788,2.9062,-62.8,-192.96,-22.98,Running
99.56,0,17,10,42,24,27,-0.4569,-1.2574,2.7487,-64.17,-234.33,31.95,Running
99.58,58,0,41,66,40,35,-0.666,-1.0972,3.0595,-61.51,-288.64,6.1,Running
99.6,3,2,2,34,24,36,-0.5616,-1.1957,2.5482,-47.55,-393.11,2.03,Running
99.62,0,1,0,0,10,62,-0.6607,-0.877,2.2117,-31.8,-362.36,18.9,Running
99.64,39,34,0,0,0,19,-0.7247,-1.0275,1.485,-12.54,-368.31,57.21,Running
99.66,0,42,30,15,21,0,-0.7617,-0.7617,1.39,2.26,-383.82,45.08,Running
99.68,54,10,1,0,0,0,-0.8507,-0.6222,0.745,19.22,-372.78,75.83,Running
99.7,0,13,27,17,11,15,-0.6672,-0.5125,-0.0401,15.33,-340.92,85.97,Running
99.72,84,36,23,0,0,9,-0.4267,0.0152,-0.6557,32.79,-346.32,92.17,Running
99.74,49,6,0,23,15,4,-0.5819,0.1436,-0.6124,36.41,-308.18,88.7,Running
99.76,46,80,43,18,0,0,-0.5711,0.3314,-1.1102,50.98,-278.34,89.72,Running
99.78,102,0,0,0,0,0,-0.3995,0.8388,-0.6731,72.47,-258.68,106.64,Running
99.8,0,5,0,0,25,0,-0.3823,0.8293,-0.2483,74.31,-158.99,74.72,Running
99.82,17,1,25,18,55,0,-0.076,0.9136,0.3974,67.47,-106.07,61.08,Running
99.84,137,17,0,64,75,26,-0.0742,1.1015,0.6259,47.13,-38.95,73.35,Running
99.86,187,0,0,0,0,1,-0.0155,1.1527,1.1107,73.3,9.16,62.04,Running
99.88,816,0,3,0,54,0,0.1217,1.4485,1.6356,48.72,71.69,37.92,Running
99.9,3048,162,0,0,13,0,0.2221,1.3498,2.3016,72.22,147.37,31.77,Running
99.92,3237,621,142,0,0,0,0.6559,1.2745,3.0888,54.98,223.98,25.85,Running
99.94,1138,1649,758,72,0,0,0.4389,1.258,3.4613,79.89,247.46,0.58,Running
99.96,148,2068,1602,476,207,0,0.8258,1.4009,2.9073,35.9,325.54,-2.66,Running
99.98,0,1150,1650,1606,642,0,0.5216,1.1952,3.1141,26.31,327.16,-11.24,Running
100.0,28,284,719,3276,2092,24,0.5652,0.6637,2.2202,41.29,329.46,-53.76,Running
100.02,0,7,78,3795,3714,5,0.4947,1.1382,1.555,17.45,394.62,-55.23,Running
100.04,0,0,0,2414,3751,229,0.7071,1.096,0.8068,-21.74,364.62,-54.44,Running
100.06,45,26,14,785,2003,1314,0.3595,0.1994,0.443,-16.0,363.8,-97.3,Running
100.08,24,12,3,180,697,3168,0.6964,0.3515,-0.352,-37.05,356.27,-97.35,Running
100.1,12,45,0,0,137,2984,0.7251,0.1356,-0.4684,-32.71,360.37,-109.03,Running
100.12,0,13,1,0,2,1067,0.4562,-0.0819,-0.9207,-42.41,332.65,-91.69,Running
100.14,15,9,0,0,8,147,0.6393,-0.5425,-0.7619,-47.18,227.69,-103.58,Running
100.16,0,18,0,45,0,19,0.3791,-0.8239,-0.2699,-67.79,187.83,-77.08,Running
100.18,48,46,0,64,0,1,0.3112,-1.0888,-0.1212,-63.83,132.99,-119.64,Running
100.2,81,18,16,0,0,2,0.0709,-0.8979,0.2362,-93.53,60.86,-80.16,Running
100.22,0,19,0,0,27,72,-0.0663,-1.2027,1.1892,-59.76,0.66,-61.45,Running
100.24,0,0,0,39,60,0,-0.1343,-1.1217,1.7463,-80.36,-41.4,-44.71,Running
100.26,41,0,32,0,0,9,-0.0791,-1.7838,2.4809,-68.03,-119.78,-62.46,Running
100.28,0,10,0,48,33,0,-0.2505,-1.513,2.5621,-80.25,-138.92,-12.51,Running
100.3,5,0,22,11,0,0,-0.3154,-1.5273,2.6617,-72.04,-260.44,-11.6,Running
100.32,8,8,26,31,0,0,-0.6207,-1.2556,2.2938,-65.23,-258.97,11.01,Running
100.34,0,0,0,0,0,0,-0.3545,-1.227,2.7428,-36.4,-314.41,10.89,Running
100.36,0,33,47,0,0,51,-0.6081,-1.0562,2.5202,-39.27,-351.16,56.42,Running
100.38,27,12,0,39,0,0,-0.3815,-0.7788,2.0095,-19.52,-327.3,49.13,Running
100.4,0,43,39,0,0,2,-0.618,-0.6333,1.1422,-15.69,-379.98,48.63,Running
100.42,35,6,0,0,0,0,-0.8048,-0.4162,0.7037,13.52,-392.55,72.12,Running
100.44,38,0,0,6,0,20,-0.7733,-0.3493,0.1069,27.12,-381.32,72.71,Running
100.46,12,0,0,77,0,0,-0.3768,-0.3497,-0.3337,27.59,-345.14,72.75,Running
100.48,0,1,0,0,0,41,-0.2963,-0.0065,-1.043,43.23,-330.78,75.98,Running
100.5,114,37,8,6,67,0,-0.4028,0.2997,-1.0309,60.41,-281.4,87.13,Running
100.52,0,11,0,0,0,45,-0.5466,0.6395,-0.9055,60.58,-244.48,109.01,Running
100.54,23,33,0,12,27,40,-0.2279,0.5618,-0.7099,69.72,-188.18,67.8,Running
100.56,0,13,0,29,0,0,-0.2509,0.8663,-0.1605,61.39,-97.28,90.39,Running
100.58,16,0,32,35,0,0,-0.072,0.7946,0.4873,66.64,-29.83,56.08,Running
100.6,86,0,0,0,96,0,0.1862,1.1383,0.8027,87.24,48.84,24.65,Running
100.62,850,33,0,22,0,0,0.0459,1.3501,1.6296,71.21,106.26,44.15,Running
100.64,2934,88,0,0,0,0,0.4611,1.574,2.5838,87.3,154.86,54.45,Running
100.66,3334,574,152,0,0,36,0.3501,1.1118,2.5614,52.45,184.67,-10.46,Running
100.68,1065,1645,648,13,0,0,0.4724,1.2677,2.5901,62.1,232.14,10.35,Running
100.7,133,2107,1587,395,127,32,0.8205,1.2401,2.8258,21.05,306.27,-25.17,Running
100.72,0,1180,1642,1523,663,0,0.501,1.2275,2.4247,46.21,358.78,-18.23,Running
100.74,61,272,809,3165,2043,0,0.5882,1.0468,1.9345,23.83,321.05,-24.72,Running
100.76,59,47,160,3696,3715,0,0.5,0.631,1.5123,0.84,361.79,-61.03,Running
100.78,0,0,0,2415,3756,127,0.7367,0.433,0.8744,16.8,349.09,-70.19,Running
100.8,0,44,0,891,2131,1254,0.6327,0.5496,0.3673,-6.74,401.26,-94.4,Running
100.82,0,0,6,194,675,3054,0.4898,0.2305,-0.0532,-52.26,387.63,-79.53,Running
100.84,15,5,71,27,145,3007,0.5161,0.0248,-0.6732,-37.65,322.83,-68.26,Running
100.86,105,0,0,79,58,1152,0.4155,-0.2061,-0.91,-46.53,304.39,-88.68,Running
100.88,0,0,15,0,19,245,0.4154,-0.33,-0.6081,-50.77,290.75,-91.15,Running
100.9,47,0,0,0,0,0,0.2554,-0.5563,-0.3735,-68.46,151.07,-65.0,Running
100.92,29,0,29,41,44,0,0.2986,-0.8595,-0.3597,-72.56,103.98,-106.87,Running
100.94,64,20,32,57,0,22,-0.0653,-1.1488,0.2998,-78.0,49.9,-55.29,Running
100.96,69,0,36,19,36,0,-0.1626,-1.0706,0.5273,-74.43,10.42,-80.0,Running
100.98,51,44,10,20,0,35,-0.1399,-1.2024,1.4425,-85.61,-72.09,-44.26,Running
101.0,0,0,10,0,67,6,-0.2842,-1.2949,2.1899,-68.65,-101.4,-42.84,Running
101.02,12,20,0,0,0,0,-0.3942,-1.4493,2.7353,-67.61,-196.5,-14.74,Running
101.04,79,0,0,10,0,0,0.0566,-1.3975,2.733,-61.37,-205.35,-19.33,Running
101.06,53,32,0,0,0,15,-0.5271,-1.355,2.9236,-28.34,-289.65,-23.65,Running
101.08,26,0,41,75,20,0,-0.5715,-1.1482,2.7921,-49.69,-295.46,16.17,Running
101.1,61,62,14,21,6,0,-0.299,-0.8319,2.4761,-34.26,-386.56,38.52,Running
101.12,0,0,35,0,6,22,-0.6152,-1.0483,2.137,-36.6,-380.05,42.97,Running
101.14,0,1,67,27,17,0,-0.7735,-0.9555,1.1882,-5.3,-380.39,50.77,Running
101.16,86,3,4,14,19,0,-0.5566,-0.5548,0.984,23.26,-388.65,93.41,Running
101.18,61,0,0,0,0,6,-0.7997,-0.5769,0.0306,19.68,-373.78,79.92,Running
101.2,78,0,35,45,0,54,-0.6643,-0.018,-0.6594,32.17,-318.81,97.24,Running
101.22,0,13,2,0,0,28,-0.5549,0.31,-0.6133,17.78,-339.36,91.72,Running
101.24,0,0,24,27,63,49,-0.635,0.5367,-0.8387,48.22,-217.97,76.35,Running
101.26,14,1,0,65,82,0,-0.452,0.7218,-0.7891,82.14,-235.43,110.9,Running
101.28,0,0,41,0,23,0,-0.1777,0.6979,-0.6717,64.98,-180.32,78.05,Running
101.3,7,11,0,0,43,44,-0.2753,1.0779,0.1697,74.56,-108.58,56.78,Running
101.32,104,0,0,17,0,13,-0.1258,0.8603,0.4709,83.9,-75.57,54.51,Running
101.34,51,0,0,0,30,5,0.0628,1.0235,1.1342,80.74,61.35,25.41,Running
101.36,751,0,14,10,0,10,0.1779,1.3169,1.7294,64.87,85.23,35.88,Running
101.38,2813,134,38,2,13,0,0.2541,1.2972,2.2612,62.3,148.12,19.84,Running
101.4,3341,453,125,29,0,5,0.399,1.6386,2.4937,74.08,198.36,7.19,Running
101.42,1265,1553,635,26,38,0,0.4764,1.409,2.9115,74.0,235.4,-7.52,Running
101.44,186,1990,1617,391,36,0,0.4655,1.2545,2.5028,41.3,313.97,-0.35,Running
101.46,86,1216,1690,1337,526,51,0.6642,0.9241,2.6161,35.12,307.03,-11.4,Running
101.48,0,340,768,3056,2050,30,0.6043,1.3845,1.882,26.8,282.36,-19.36,Running
101.5,0,30,122,3839,3663,4,0.5973,0.7761,1.1946,3.48,367.67,-78.18,Running
101.52,89,0,0,2429,3861,198,0.4394,0.9097,1.028,-26.37,388.04,-44.61,Running
101.54,0,0,7,907,2140,1098,0.7885,0.3346,0.5403,-29.45,361.97,-86.27,Running
101.56,7,0,27,173,648,3018,0.7759,0.496,-0.2743,-27.46,376.19,-81.27,Running
101.58,34,0,0,0,0,3040,0.4995,0.1811,-0.6767,-25.31,349.57,-67.65,Running
101.6,57,10,0,0,64,1286,0.4457,-0.1409,-0.9071,-38.43,285.6,-95.51,Running
101.62,0,27,0,0,0,201,0.4141,-0.6219,-1.177,-43.42,255.62,-97.83,Running
101.64,0,14,5,6,55,45,0.403,-0.471,-0.7659,-82.99,214.05,-68.99,Running
101.66,6,34,6,0,0,29,0.3876,-0.8252,-0.3902,-66.61,129.1,-105.45,Running
101.68,30,2,8,9,91,36,0.2858,-0.9398,0.3426,-46.85,72.22,-116.62,Running
101.7,52,33,0,46,52,6,-0.1437,-1.2941,1.0138,-83.79,11.13,-45.46,Running
101.72,0,0,28,8,0,0,-0.0865,-1.2498,1.4901,-84.12,-60.76,-59.71,Running
101.74,0,0,0,1,33,0,-0.3455,-1.3041,1.9396,-82.8,-125.35,-38.68,Running
101.76,33,0,0,119,0,41,-0.3777,-1.137,2.2726,-75.14,-159.46,-7.69,Running
101.78,0,50,34,0,0,18,-0.2855,-1.4947,2.9834,-44.73,-250.63,-11.91,Running
101.8,54,0,0,63,0,33,-0.4851,-1.069,2.8715,-38.14,-269.64,-10.72,Running
101.82,32,26,0,0,52,0,-0.6363,-1.1423,2.3029,-44.6,-338.55,6.82,Running
101.84,0,0,0,0,23,2,-0.4541,-1.036,2.2961,-33.93,-358.87,31.5,Running
101.86,104,19,46,0,57,28,-0.8273,-1.1399,1.8993,-29.44,-331.08,51.49,Running
101.88,20,0,65,0,0,3,-0.6128,-0.7442,1.359,-22.76,-385.86,50.19,Running
101.9,9,31,34,53,0,0,-0.6069,-0.4626,0.5612,38.73,-373.12,65.63,Running
101.92,77,0,2,0,0,22,-0.5073,-0.1899,-0.0487,26.47,-361.48,91.05,Running
101.94,30,0,27,0,0,53,-0.6188,0.095,-0.1353,40.6,-364.85,89.51,Running
101.96,0,13,0,0,51,14,-0.3941,0.1968,-0.4895,43.07,-264.41,91.83,Running
101.98,0,28,35,37,8,0,-0.42,0.6282,-0.5963,77.06,-304.99,88.92,Running
102.0,89,0,18,89,0,0,-0.413,0.6519,-0.942,66.12,-191.17,81.25,Running
102.02,49,37,0,0,0,0,-0.1176,0.8078,-0.5588,70.86,-181.03,72.45,Running
102.04,136,0,44,0,0,0,0.0361,1.0232,0.3779,63.3,-101.65,81.7,Running
102.06,0,0,0,28,0,0,0.1662,0.9204,0.5841,79.75,-76.79,66.19,Running
102.08,8,33,5,0,0,19,0.0858,1.2148,1.0766,82.24,-14.08,55.35,Running
102.1,674,0,37,53,0,44,0.1687,1.3302,1.7171,80.57,115.31,52.86,Running
102.12,2743,75,0,40,38,0,0.3029,1.097,2.0842,73.8,139.05,15.56,Running
102.14,3367,527,96,0,94,32,0.4719,0.9017,2.65,57.45,212.19,7.4,Running
102.16,1277,1523,618,117,92,22,0.3538,1.5573,2.8706,53.23,251.18,23.9,Running
102.18,140,2106,1547,357,122,0,0.4938,1.5985,2.9972,53.2,278.76,7.26,Running
102.2,66,1252,1635,1310,536,5,0.5986,1.0865,2.4383,26.13,314.82,-53.09,Running
102.22,0,322,825,3036,1962,51,0.4947,0.8987,1.7779,27.33,344.55,-50.12,Running
102.24,0,9,130,3782,3541,41,0.7346,0.9299,1.5025,5.25,367.14,-36.83,Running
102.26,7,86,0,2518,3852,177,0.7957,0.6468,0.9558,0.48,365.49,-76.0,Running
102.28,48,17,0,1007,2314,1141,0.6559,0.3351,0.5209,-21.83,398.42,-88.06,Running
102.3,0,30,0,161,745,2920,0.765,-0.0738,-0.2847,-12.85,359.66,-69.38,Running
102.32,0,0,0,0,151,3097,0.5869,-0.0043,-1.0074,-50.32,298.31,-63.8,Running
102.34,0,0,0,9,77,1250,0.6126,-0.1205,-0.5414,-56.58,315.75,-87.36,Running
102.36,0,56,0,29,0,278,0.5393,-0.3467,-0.7406,-50.54,202.85,-93.57,Running
102.38,95,0,55,56,0,14,0.4056,-0.8045,-0.6011,-76.96,237.59,-106.64,Running
102.4,0,14,0,13,0,34,0.4755,-0.6558,-0.3355,-88.08,93.13,-95.13,Running
102.42,82,0,41,2,31,41,0.042,-0.9857,-0.0073,-67.52,92.46,-71.28,Running
102.44,60,3,33,0,0,46,0.0373,-1.5142,0.9705,-69.41,-3.15,-59.72,Running
102.46,77,0,0,44,0,0,-0.0395,-1.7799,1.6435,-64.61,-37.85,-40.25,Running
102.48,0,0,0,17,0,0,-0.2991,-1.543,2.6535,-59.17,-159.45,-37.38,Running
102.5,0,0,0,0,0,0,-0.3758,-1.5465,2.8027,-43.21,-175.32,-6.35,Running
102.52,38,0,0,0,43,0,-0.3164,-1.5078,2.5494,-74.47,-220.56,1.18,Running
102.54,44,0,0,0,0,56,-0.252,-1.2272,2.9146,-63.35,-270.44,-7.51,Running
102.56,58,45,26,0,0,11,-0.3902,-1.2711,2.7057,-28.32,-328.89,40.87,Running
102.58,0,25,57,53,0,2,-0.5336,-1.0366,2.3178,-25.86,-331.51,54.65,Running
102.6,0,0,0,39,82,0,-0.7289,-1.0929,2.2955,-20.76,-373.11,72.95,Running
102.62,0,3,0,40,0,12,-0.8188,-0.5535,1.2874,-7.12,-380.43,52.06,Running
102.64,38,0,0,50,0,0,-0.5743,-0.7865,0.8793,4.82,-380.77,84.42,Running
102.66,0,2,0,87,22,0,-0.5811,-0.3727,0.3186,12.15,-380.88,87.15,Running
102.68,0,4,5,0,0,0,-0.4171,-0.134,-0.2146,40.22,-351.17,81.2,Running
102.7,5,0,24,1,51,0,-0.4625,-0.0725,-0.7749,46.8,-310.46,92.04,Running
102.72,33,13,0,78,0,43,-0.4652,0.4091,-0.6333,48.75,-267.69,79.66,Running
102.74,5,0,3,19,25,11,-0.2362,0.5782,-0.9752,66.94,-247.87,64.76,Running
102.76,0,0,13,9,20,0,-0.2963,0.8698,-0.5828,53.96,-192.7,80.54,Running
102.78,0,0,31,0,44,0,-0.2747,0.8241,0.012,58.37,-124.28,83.26,Running
102.8,0,4,40,21,19,25,-0.1539,0.7832,0.3158,85.81,-34.38,60.01,Running
102.82,75,17,4,80,31,0,0.2131,1.1398,1.0635,49.75,28.81,58.93,Running
102.84,657,0,36,0,0,0,0.2889,1.2026,1.6957,82.29,74.38,39.36,Running
102.86,2722,46,9,9,31,54,0.2746,1.4125,2.125,33.4,169.39,33.7,Running
102.88,3419,486,83,17,0,73,0.4525,1.3463,2.46,65.29,187.45,13.6,Running
102.9,1404,1492,584,0,29,1,0.4137,1.4399,2.9346,37.16,239.01,14.68,Running
102.92,98,2127,1552,212,75,33,0.5712,1.365,2.9953,40.64,266.32,18.37,Running
102.94,0,1328,1675,1323,509,0,0.5374,1.191,2.4532,28.95,350.08,8.13,Running
102.96,0,320,897,3000,1899,0,0.7132,1.2967,2.0189,32.47,370.79,-17.8,Running
102.98,22,48,190,3889,3715,0,0.5909,0.8297,1.2906,-7.87,339.95,-46.87,Running
103.0,0,0,21,2617,3953,182,0.9473,0.5952,0.8662,-8.3,376.62,-71.63,Running
103.02,0,25,18,1036,2326,1079,0.5692,0.6753,0.442,2.47,369.32,-78.78,Running
103.04,4,0,17,223,788,2827,0.8585,0.3279,0.0481,-24.39,394.41,-61.16,Running
103.06,0,0,0,0,133,3116,0.3464,0.2699,-0.4893,-32.61,335.15,-69.76,Running
103.08,0,0,0,77,11,1329,0.626,-0.369,-0.5418,-56.58,283.97,-76.55,Running
103.1,0,0,49,22,0,326,0.5443,-0.3254,-0.7347,-43.39,252.31,-80.18,Running
103.12,0,19,32,0,17,41,0.3508,-0.6489,-0.8741,-83.67,191.67,-85.82,Running
103.14,39,25,0,0,11,38,0.1899,-0.8974,-0.0869,-73.62,137.79,-80.01,Running
103.16,70,33,0,43,60,8,0.334,-1.3684,0.406,-86.16,103.24,-80.34,Running
103.18,0,0,33,0,47,33,0.0894,-0.8525,0.8151,-71.31,-31.66,-56.83,Running
103.2,0,0,0,52,13,0,-0.0443,-1.4009,1.2025,-57.28,-36.67,-58.76,Running
103.22,45,0,46,52,138,19,0.0132,-0.9286,1.928,-70.2,-79.3,-13.75,Running
103.24,64,0,0,15,27,24,-0.3482,-1.2812,2.4193,-77.09,-192.01,-57.99,Running
103.26,3,18,13,49,0,3,-0.2786,-1.1413,2.8162,-74.47,-239.13,-1.5,Running
103.28,73,33,8,30,0,45,-0.5596,-1.3924,3.1789,-45.68,-291.48,-18.68,Running
103.3,60,11,0,0,0,0,-0.6455,-1.4627,2.9219,-40.62,-368.85,22.27,Running
103.32,0,1,0,44,0,0,-0.5264,-1.1332,2.1915,-21.12,-329.76,19.02,Running
103.34,23,4,32,21,0,0,-0.7259,-1.1274,1.8561,-30.56,-348.8,41.79,Running
103.36,96,0,0,0,0,64,-0.4657,-0.674,1.5921,-14.92,-375.2,44.69,Running
103.38,43,0,22,101,0,0,-0.6861,-0.5182,0.9599,-1.63,-417.27,70.11,Running
103.4,11,0,76,33,0,0,-0.8877,-0.356,0.1865,27.67,-359.9,82.88,Running
103.42,57,0,0,72,0,27,-0.6331,-0.4113,-0.3484,23.31,-335.76,96.68,Running
103.44,56,13,0,41,0,0,-0.5071,0.1613,-0.5505,57.69,-330.94,87.73,Running
103.46,0,0,0,2,0,0,-0.5451,0.393,-0.7221,51.0,-282.67,81.66,Running
103.48,0,0,0,0,0,0,-0.579,0.7415,-0.7568,52.73,-231.44,114.06,Running
103.5,0,0,0,0,29,0,-0.1655,1.0264,-0.3374,54.86,-183.28,79.7,Running
103.52,0,34,0,17,0,8,-0.1959,0.8549,0.0456,89.74,-133.37,87.21,Running
103.54,37,60,24,34,0,14,0.0923,0.7723,0.4791,64.07,-78.02,75.39,Running
103.56,17,55,0,0,0,0,0.072,1.4112,0.7501,78.57,10.16,97.84,Running
103.58,676,0,20,0,0,30,0.0524,1.043,1.8456,55.1,71.28,44.52,Running
103.6,2550,66,0,25,36,8,0.2957,1.4854,2.1458,38.86,134.99,53.24,Running
103.62,3485,447,128,45,0,0,0.2378,1.2259,2.6175,74.42,243.44,21.79,Running
103.64,1428,1443,544,81,0,45,0.2528,1.1034,2.4858,39.4,206.34,-0.63,Running
103.66,233,2080,1472,338,15,0,0.4111,1.4093,2.5779,72.36,293.01,-36.34,Running
103.68,0,1335,1677,1317,560,0,0.6744,1.2916,2.471,40.74,347.8,18.88,Running
103.7,32,453,914,3019,1749,29,0.5519,0.966,2.464,18.58,393.6,-26.78,Running
103.72,12,22,192,3731,3556,0,0.4666,0.9027,1.8825,-8.84,400.63,-45.33,Running
103.74,0,0,23,2747,3858,59,0.6701,0.5546,1.3795,-3.5,389.82,-46.58,Running
103.76,0,36,7,1029,2393,1000,0.3842,0.4219,0.8026,-36.36,377.36,-80.57,Running
103.78,84,0,0,186,883,2800,0.7607,0.6117,0.0558,-23.03,331.93,-81.2,Running
103.8,98,0,0,0,165,3223,0.5399,0.16,-0.566,-28.91,355.94,-54.35,Running
103.82,0,0,32,16,0,1376,0.3341,0.2314,-0.6742,-67.99,292.77,-105.77,Running
103.84,0,11,61,69,49,221,0.505,-0.3821,-0.8052,-38.61,255.89,-96.68,Running
103.86,22,41,11,20,59,0,0.4833,-0.7935,-0.2892,-36.58,212.42,-68.31,Running
103.88,0,6,0,0,0,0,0.1922,-1.0223,-0.377,-68.63,167.9,-81.79,Running
103.9,34,5,0,83,0,37,0.2084,-1.1643,0.3778,-66.15,107.52,-103.93,Running
103.92,0,1,0,78,35,0,0.1303,-1.0437,0.7714,-53.83,19.96,-92.6,Running
103.94,15,0,14,0,0,0,0.0661,-1.2896,1.1616,-83.71,-52.56,-54.57,Running
103.96,14,63,40,3,17,0,-0.2716,-1.2655,1.8744,-76.96,-104.99,-50.38,Running
103.98,54,36,23,48,20,0,-0.2318,-1.7101,2.3007,-60.59,-157.16,-49.63,Running
104.0,0,23,15,0,6,14,-0.5838,-1.3812,2.9697,-51.63,-206.4,10.93,Running
104.02,18,52,51,0,89,2,-0.3683,-1.4417,2.6783,-62.33,-291.62,-8.73,Running
104.04,0,53,38,0,8,0,-0.3618,-1.0274,2.8776,-46.92,-308.32,26.89,Running
104.06,31,7,79,27,0,1,-0.3159,-0.6746,2.4122,-27.96,-331.1,13.09,Running
104.08,44,30,0,82,52,2,-0.52,-0.9084,1.872,-5.72,-405.28,55.68,Running
104.1,16,53,47,0,54,0,-0.6978,-0.6014,1.2532,3.51,-356.22,51.84,Running
104.12,73,12,0,0,25,24,-0.6064,-0.6689,0.7207,2.73,-376.88,47.87,Running
104.14,44,19,15,38,33,43,-0.871,-0.2055,0.2525,13.92,-315.99,94.83,Running
104.16,0,0,0,0,0,0,-0.6865,0.1898,-0.4848,34.89,-337.73,64.81,Running
104.18,4,18,0,0,17,0,-0.574,0.0258,-0.7115,53.17,-318.52,70.08,Running
104.2,0,18,6,0,0,0,-0.4041,0.3351,-1.0024,60.55,-304.96,101.59,Running
104.22,24,18,16,0,0,0,-0.4491,0.4657,-0.6589,51.57,-255.03,96.08,Running
104.24,0,57,44,0,23,0,-0.1871,1.0586,-0.3816,79.94,-197.62,84.4,Running
104.26,58,54,9,60,5,6,-0.1207,0.8231,-0.1516,64.02,-135.3,67.51,Running
104.28,22,21,28,6,103,46,-0.0254,1.0329,0.4783,68.65,-67.74,80.14,Running
104.3,21,53,0,4,0,0,0.1232,1.3095,1.1478,75.83,-31.95,39.31,Running
104.32,607,53,14,0,11,27,0.1963,1.28,2.0865,82.94,27.72,60.71,Running
104.34,2593,20,0,64,0,22,0.3582,1.3872,2.6048,69.74,165.6,46.71,Running
104.36,3488,389,109,0,27,0,0.1611,1.3085,2.704,64.11,170.34,23.06,Running
104.38,1495,1349,540,24,53,11,0.6303,1.5461,2.7008,62.74,230.55,-3.62,Running
104.4,203,2158,1393,172,86,0,0.3939,1.2375,2.8889,67.33,289.09,-5.01,Running
104.42,0,1366,1758,1237,431,0,0.8334,1.0706,2.6771,40.18,337.99,-43.65,Running
104.44,151,416,981,2878,1596,0,0.4907,0.7907,2.1394,26.56,385.03,-62.22,Running
104.46,0,18,286,3798,3581,42,0.5731,0.6681,1.5828,0.7,356.14,-48.59,Running
104.48,39,11,42,2730,3957,183,0.7313,0.3974,0.9458,4.25,365.81,-60.48,Running
104.5,57,0,9,1119,2432,883,0.7131,0.3799,0.3512,-12.02,388.99,-94.83,Running
104.52,0,0,30,227,838,2697,0.5801,0.4302,-0.2347,-24.69,370.43,-86.85,Running
104.54,0,0,0,85,144,3208,0.4549,0.0539,-0.4953,-18.42,347.9,-98.78,Running
104.56,60,55,26,8,0,1522,0.6358,-0.1027,-1.0797,-19.64,281.48,-85.59,Running
104.58,0,0,14,39,69,220,0.5612,-0.3033,-1.0076,-58.78,203.4,-91.54,Running
104.6,37,0,0,0,0,0,0.3528,-0.8973,-0.7158,-92.14,226.42,-106.77,Running
104.62,9,0,58,84,8,14,0.3112,-0.6287,-0.2289,-83.07,125.27,-97.69,Running
104.64,0,46,0,0,0,40,0.0007,-1.1004,0.4266,-83.3,106.64,-83.06,Running
104.66,0,0,54,0,0,68,0.0452,-1.1984,0.3984,-66.05,79.36,-74.21,Running
104.68,0,14,41,36,21,0,0.2048,-1.1542,1.3865,-70.76,-62.18,-41.9,Running
104.7,0,6,0,10,0,0,-0.1666,-1.2963,2.31,-96.44,-126.82,-35.32,Running
104.72,53,0,36,7,30,8,-0.4396,-1.2846,2.2382,-70.03,-183.94,-51.61,Running
104.74,0,20,0,0,27,12,-0.3035,-1.1823,2.87,-88.06,-209.08,-28.41,Running
104.76,0,0,0,84,57,10,-0.4531,-1.3289,2.5613,-49.17,-278.6,5.0,Running
104.78,27,0,10,0,58,65,-0.6483,-1.1483,2.4009,-42.83,-321.21,2.2,Running
104.8,20,34,0,24,43,30,-0.6392,-0.9884,2.1606,-44.55,-313.2,22.17,Running
104.82,0,47,2,37,34,0,-0.7213,-0.8459,1.8794,-24.34,-372.56,44.27,Running
104.84,0,0,2,0,92,0,-0.7903,-0.76,1.3981,-5.48,-369.54,84.42,Running
104.86,40,0,0,0,114,21,-0.6001,-0.817,0.7205,18.29,-379.24,81.19,Running
104.88,0,0,41,13,0,0,-0.5058,-0.2317,0.2262,8.72,-339.71,68.28,Running
104.9,4,36,0,0,0,57,-0.7083,-0.3845,-0.2844,38.63,-347.94,88.77,Running
104.92,0,3,7,0,14,18,-0.5912,0.0574,-1.1376,17.54,-299.85,85.25,Running
104.94,44,44,30,0,29,0,-0.4766,0.3788,-0.6421,38.04,-265.58,50.8,Running
104.96,0,0,0,3,57,0,-0.3312,0.6165,-0.7067,64.96,-210.84,74.37,Running
104.98,33,36,12,19,0,0,-0.3668,1.0605,-0.5566,63.19,-188.61,89.0,Running
105.0,0,0,1,8,64,20,-0.0602,1.1639,-0.3159,82.43,-74.34,67.48,Running
105.02,6,0,35,0,112,19,-0.0601,1.0911,0.2501,81.33,-36.27,96.24,Running
105.04,0,21,0,0,0,0,-0.0431,1.3191,1.2344,62.76,-23.17,38.47,Running
105.06,538,0,21,0,0,0,0.2169,1.1465,1.9708,58.17,58.09,42.69,Running
105.08,2394,102,11,32,0,0,0.3945,1.3996,1.9138,73.9,127.21,23.64,Running
105.1,3599,421,121,7,0,26,0.4668,1.3818,2.6116,60.22,214.34,34.21,Running
105.12,1633,1397,510,27,0,35,0.3972,1.2044,2.8599,58.99,278.22,4.51,Running
105.14,221,2070,1466,198,97,0,0.6129,0.913,3.1053,57.83,292.58,-1.6,Running
105.16,0,1459,1767,1151,438,0,0.5661,1.1368,2.4521,33.87,372.88,-28.09,Running
105.18,47,435,1007,2764,1628,62,0.6234,0.8903,2.0075,25.74,347.06,-21.26,Running
105.2,0,2,255,3741,3361,0,0.6081,0.9069,2.1599,-14.32,370.28,-50.44,Running
105.22,40,0,25,2830,3931,0,0.6039,0.5154,1.1962,9.9,382.58,-55.78,Running
105.24,57,0,96,1169,2490,918,0.3958,0.3655,-0.0759,-11.61,384.52,-66.53,Running
105.26,0,0,0,210,879,2684,0.5897,0.0921,-0.0931,-38.76,369.88,-80.74,Running
105.28,10,27,6,42,190,3257,0.5153,0.1832,-0.5117,-24.35,358.34,-74.39,Running
105.3,0,0,0,95,0,1621,0.6377,-0.2695,-0.9425,-41.45,317.26,-93.4,Running
105.32,67,0,0,13,0,338,0.4058,-0.3238,-1.0119,-36.3,259.87,-78.9,Running
105.34,18,29,0,0,0,41,0.358,-0.4538,-0.5485,-32.3,213.45,-93.31,Running
105.36,13,15,16,0,0,0,0.517,-0.9044,-0.48,-64.67,134.57,-61.53,Running
105.38,33,0,2,13,12,28,0.1553,-0.9474,0.3125,-67.43,51.28,-91.1,Running
105.4,72,0,52,0,3,14,0.1266,-0.7485,0.9403,-83.38,-3.97,-52.16,Running
105.42,66,0,0,0,0,0,-0.0661,-1.159,1.4223,-94.74,-17.16,-45.96,Running
105.44,0,21,0,32,6,32,-0.3207,-1.4621,1.7326,-94.85,-120.13,-51.66,Running
105.46,71,44,22,0,0,0,-0.0282,-1.4329,2.4043,-67.54,-109.38,-7.72,Running
105.48,32,0,0,12,35,62,-0.6248,-1.5193,2.8541,-55.76,-224.75,-20.11,Running
105.5,55,26,6,0,0,17,-0.5758,-1.3374,2.7675,-66.54,-303.71,-5.19,Running
105.52,0,26,56,0,0,0,-0.4075,-1.4746,2.7334,-54.8,-278.08,12.13,Running
105.54,0,0,24,1,27,7,-0.7864,-1.2015,2.7561,-43.96,-349.36,16.42,Running
105.56,11,12,0,0,41,0,-0.7073,-0.8851,1.7234,-12.96,-379.34,53.63,Running
105.58,45,0,20,39,0,27,-0.5536,-0.7028,1.1195,-2.21,-354.97,50.11,Running
105.6,75,18,6,0,46,0,-0.4822,-0.5433,0.7531,-0.35,-375.43,60.92,Running
105.62,0,0,50,52,57,12,-0.6818,-0.0554,0.472,6.22,-387.26,78.35,Running
105.64,72,3,9,57,33,39,-0.4032,-0.1604,-0.6023,22.78,-386.43,74.43,Running
105.66,0,15,61,32,0,31,-0.4349,0.3636,-0.4741,48.25,-332.97,108.32,Running
105.68,4,19,0,0,0,0,-0.288,0.321,-0.8478,51.09,-255.68,79.36,Running
105.7,52,0,0,21,32,4,-0.3976,0.556,-0.9368,58.68,-240.65,61.27,Running
105.72,74,0,0,0,0,0,-0.4957,0.9553,-0.6877,62.67,-206.18,78.85,Running
105.74,40,52,17,17,0,0,-0.1718,0.7553,-0.2939,92.74,-88.98,90.98,Running
105.76,60,0,1,23,3,22,-0.0374,0.8916,0.5283,75.64,-76.68,76.12,Running
105.78,0,7,0,0,0,7,0.1096,1.3683,1.1254,71.88,-29.35,92.59,Running
105.8,373,23,0,55,45,0,-0.1154,1.5236,1.6955,70.54,38.58,46.76,Running
105.82,2246,84,0,0,24,5,0.4132,1.2117,2.2859,79.58,129.85,15.63,Running
105.84,3565,350,63,0,18,0,0.2322,1.2491,2.4911,81.99,181.77,12.58,Running
105.86,1644,1277,441,13,39,0,0.3333,1.4208,2.7218,56.03,271.05,26.56,Running
105.88,261,2120,1357,289,40,0,0.4789,1.231,2.6539,62.66,330.19,2.16,Running
105.9,0,1492,1794,1076,470,1,0.6685,1.202,2.8968,19.22,337.23,-41.28,Running
105.92,0,538,959,2756,1608,34,0.6742,0.9356,2.2181,16.2,391.11,-72.57,Running
105.94,34,64,254,3845,3379,30,0.4777,1.0465,1.7874,7.67,344.4,-62.98,Running
105.96,0,0,47,2927,3946,107,0.5901,0.5065,1.2322,-15.51,397.57,-64.44,Running
105.98,0,63,13,1204,2593,716,0.7807,0.5218,0.2413,-14.16,358.63,-107.69,Running
106.0,13,8,0,284,892,2600,0.7411,-0.0533,0.0955,-38.73,323.73,-86.62,Running
106.02,0,20,4,64,222,3253,0.6524,0.031,-0.6764,-24.28,310.17,-102.05,Running
106.04,0,27,10,15,130,1623,0.2764,-0.0843,-0.6237,-60.01,299.42,-99.29,Running
106.06,42,11,0,0,0,288,0.7598,-0.9026,-1.1046,-61.06,224.83,-108.0,Running
106.08,34,17,0,70,0,3,0.3382,-0.4335,-0.4768,-78.77,216.65,-78.84,Running
106.1,0,0,50,0,44,25,0.2476,-0.804,-0.3393,-65.41,144.51,-84.55,Running
106.12,72,30,1,3,0,16,0.1262,-0.7484,0.1807,-83.43,142.95,-86.8,Running
106.14,102,14,3,0,50,38,-0.1313,-0.9867,0.6923,-70.66,55.64,-72.67,Running
106.16,13,11,0,63,0,4,-0.1512,-1.2055,1.4196,-80.8,-53.61,-60.4,Running
106.18,14,0,83,8,0,17,-0.0781,-1.2314,1.9498,-56.76,-125.85,-48.79,Running
106.2,61,0,4,0,15,74,-0.2456,-1.1869,2.357,-65.08,-148.08,-38.2,Running
106.22,0,0,0,25,26,0,-0.5556,-1.7472,2.8443,-56.3,-193.23,-5.08,Running
106.24,40,0,0,11,6,32,-0.3626,-1.286,2.7584,-32.98,-234.83,24.74,Running
106.26,45,0,0,37,0,0,-0.7577,-0.9305,2.7222,-58.09,-325.82,2.83,Running
106.28,0,0,46,37,0,10,-0.6373,-1.3321,2.9159,-37.64,-304.86,30.18,Running
106.3,0,19,53,0,28,29,-0.8114,-0.982,2.4058,-35.24,-348.92,50.44,Running
106.32,0,0,8,85,5,0,-0.489,-1.0614,0.9624,-13.78,-351.46,47.13,Running
106.34,12,11,45,0,4,7,-0.7454,-0.7848,0.833,-16.53,-414.13,63.45,Running
106.36,9,0,6,19,64,0,-0.5565,-0.5069,0.1565,15.41,-364.74,69.87,Running
106.38,0,24,11,0,0,0,-0.6653,0.0053,-0.4065,28.03,-350.18,64.62,Running
106.4,41,0,16,9,93,0,-0.4464,0.072,-0.7064,40.78,-330.35,102.22,Running
106.42,26,0,0,0,0,0,-0.6377,-0.1558,-0.8356,45.58,-299.44,115.44,Running
106.44,27,13,1,36,0,22,-0.379,0.592,-0.5251,50.65,-207.78,79.21,Running
106.46,39,0,0,9,0,12,-0.2511,0.5982,-0.6034,81.91,-163.0,113.95,Running
106.48,0,0,6,0,0,0,-0.2804,0.9858,-0.21,89.86,-160.0,67.06,Running
106.5,15,17,0,93,0,1,-0.0063,0.6595,0.185,93.47,-52.43,72.69,Running
106.52,84,43,0,0,0,42,0.0285,1.2363,1.2737,69.41,10.14,76.73,Running
106.54,475,0,0,9,31,27,0.1619,1.3174,1.3096,85.29,65.5,32.24,Running
106.56,2304,48,11,18,3,0,0.3015,1.3667,2.3326,91.51,116.42,40.03,Running
106.58,3591,361,74,13,0,0,0.1946,1.4182,2.5666,68.57,209.02,17.26,Running
106.6,1772,1248,462,106,60,18,0.5613,1.1811,2.9656,44.71,246.52,-6.94,Running
106.62,222,2132,1358,245,128,1,0.3401,1.3799,3.2378,46.51,282.86,-10.65,Running
106.64,18,1479,1789,1030,336,8,0.7437,1.0558,3.223,53.72,296.7,-44.98,Running
106.66,80,471,1107,2671,1373,0,0.6169,0.6749,2.2184,16.44,350.56,-54.05,Running
106.68,44,55,214,3859,3358,0,0.5794,1.3202,1.4159,19.35,375.78,-40.15,Running
106.7,0,0,59,2999,4021,123,0.6445,0.9227,0.8819,-3.59,424.72,-37.13,Running
106.72,0,0,2,1258,2745,811,0.7479,0.259,0.5193,-8.32,422.17,-61.52,Running
106.74,0,34,0,221,860,2593,0.5058,0.5082,-0.254,-5.77,390.97,-99.63,Running
106.76,0,0,0,0,162,3271,0.4489,0.0621,-0.2028,-44.76,356.27,-63.45,Running
106.78,0,9,0,0,0,1729,0.6512,-0.4223,-1.1072,-40.44,311.82,-103.4,Running
106.8,0,0,30,0,0,336,0.4508,-0.3665,-1.1416,-34.08,253.98,-83.99,Running
106.82,0,48,0,17,43,0,0.4348,-0.442,-0.3135,-64.67,196.07,-72.06,Running
106.84,38,0,20,60,22,31,0.2787,-0.7887,-0.3469,-43.76,163.03,-72.88,Running
106.86,0,33,0,0,0,8,0.1566,-0.9993,-0.0444,-85.2,39.34,-76.38,Running
106.88,34,35,40,0,0,21,0.0722,-0.7965,0.6637,-65.28,32.08,-31.72,Running
106.9,0,2,62,23,0,0,0.1133,-1.2571,1.5505,-62.84,-19.1,-78.7,Running
106.92,90,14,0,3,0,48,-0.2214,-1.3269,2.0446,-73.79,-124.75,-53.93,Running
106.94,13,12,79,7,0,0,-0.2963,-1.2769,2.6171,-59.78,-167.04,-19.34,Running
106.96,36,0,0,38,89,0,-0.3991,-1.3156,2.5726,-56.73,-214.04,-18.47,Running
106.98,63,26,50,39,2,0,-0.4941,-1.3276,2.4362,-46.46,-267.67,-3.94,Running
107.0,20,25,41,0,0,113,-0.5758,-1.2564,2.5714,-31.94,-282.95,20.59,Running
107.02,0,3,24,55,0,17,-0.6206,-1.255,2.7815,-36.3,-378.76,14.87,Running
107.04,0,0,44,0,103,0,-0.5052,-0.8652,1.8618,-25.21,-387.79,41.7,Running
107.06,3,0,41,0,0,0,-0.7191,-0.7676,1.4412,10.9,-334.19,69.26,Running
107.08,0,0,40,0,21,0,-0.5861,-0.2759,0.6531,14.47,-362.98,82.21,Running
107.1,0,0,19,0,0,29,-0.5186,-0.5044,-0.1139,-13.85,-390.15,68.67,Running
107.12,40,33,0,20,47,15,-0.5896,-0.119,0.018,25.58,-323.19,62.96,Running
107.14,62,0,5,0,0,33,-0.4352,0.1321,-0.4771,46.71,-309.71,96.23,Running
107.16,0,5,15,50,51,42,-0.3564,0.4768,-0.7375,50.55,-293.21,80.39,Running
107.18,12,0,7,0,78,10,-0.4749,0.5955,-0.7728,40.85,-227.59,101.3,Running
107.2,5,22,17,0,0,0,-0.1753,0.7008,-0.2117,74.21,-239.08,78.86,Running
107.22,0,10,4,0,10,15,-0.1906,0.8551,-0.0308,86.1,-98.88,80.84,Running
107.24,0,41,29,0,0,71,-0.1403,0.9557,-0.0267,77.87,-9.5,86.61,Running
107.26,0,0,0,19,87,0,-0.1202,1.1937,1.0672,81.29,-13.79,56.16,Running
107.28,350,0,0,56,0,15,0.3207,0.9922,1.6086,70.34,83.03,54.7,Running
107.3,2146,18,0,0,0,0,0.1155,1.5268,2.5368,68.55,110.32,21.6,Running
107.32,3532,282,30,0,7,16,0.2478,1.195,2.5102,90.75,181.67,41.92,Running
107.34,1771,1167,445,0,1,0,0.4518,1.6659,2.9329,57.92,234.74,16.92,Running
107.36,235,2076,1315,215,50,70,0.4101,1.3475,2.4432,25.01,311.75,-22.03,Running
107.38,0,1598,1775,938,308,0,0.5796,0.9724,2.9147,45.49,342.5,-44.34,Running
107.4,0,553,1078,2615,1436,53,0.6732,1.1455,2.3996,9.05,362.04,-26.82,Running
107.42,34,113,309,3755,3264,0,0.6059,0.8294,1.5741,22.76,361.85,-45.38,Running
107.44,32,9,58,3027,4016,111,0.5578,0.5319,0.7934,5.2,338.29,-87.58,Running
107.46,94,0,0,1255,2800,702,0.4271,0.2124,0.289,-9.14,396.66,-60.97,Running
107.48,8,0,0,335,1153,2545,0.4833,0.2585,-0.2852,-23.28,366.86,-72.03,Running
107.5,0,0,0,75,228,3285,0.5303,-0.1528,-0.2288,-38.51,359.16,-77.89,Running
107.52,13,5,0,29,0,1687,0.5052,-0.1109,-0.7791,-36.16,334.16,-97.86,Running
107.54,0,71,0,0,34,345,0.3848,-0.4631,-0.8826,-59.84,297.61,-83.75,Running
107.56,94,0,10,0,41,38,0.4671,-0.503,-0.9088,-79.71,202.4,-98.29,Running
107.58,32,0,17,20,68,0,0.296,-0.8916,-0.6945,-54.69,165.85,-96.1,Running
107.6,0,0,0,0,50,29,0.4192,-1.095,0.2029,-77.3,89.33,-56.15,Running
107.62,20,0,0,0,10,0,0.1093,-0.971,0.5525,-85.21,22.02,-83.85,Running
107.64,79,29,5,0,0,0,-0.023,-1.1257,1.2225,-88.02,-39.12,-24.08,Running
107.66,0,0,17,41,60,0,-0.2292,-1.3438,2.2429,-81.07,-102.99,-44.63,Running
107.68,15,0,0,81,18,2,-0.1507,-1.284,2.6185,-75.72,-159.77,-20.02,Running
107.7,17,0,0,26,1,0,-0.4597,-1.0493,2.696,-59.33,-205.95,-24.55,Running
107.72,70,7,0,25,0,62,-0.5009,-1.3885,3.1482,-67.61,-273.89,-5.4,Running
107.74,0,21,0,97,0,0,-0.6392,-1.1103,2.7342,-42.99,-311.67,16.31,Running
107.76,102,19,0,40,0,79,-0.395,-1.0741,2.4512,-40.75,-290.37,20.35,Running
107.78,0,19,4,0,20,0,-0.4904,-1.2194,2.2118,-20.16,-334.88,55.88,Running
107.8,0,10,0,39,0,0,-0.8005,-0.7637,1.2914,-25.41,-379.25,55.63,Running
107.82,44,0,0,3,3,0,-0.6292,-0.5972,1.0984,12.15,-406.81,62.7,Running
107.84,24,47,17,0,19,0,-0.3939,-0.2822,0.3305,2.45,-401.11,74.18,Running
107.86,0,23,19,46,0,1,-0.8701,-0.207,-0.0321,13.12,-376.42,118.71,Running
107.88,77,0,49,0,8,48,-0.6183,-0.1721,-0.598,37.92,-273.67,76.32,Running
107.9,27,0,13,50,46,14,-0.7598,0.3406,-0.6507,68.03,-303.17,81.68,Running
107.92,25,17,2,0,23,0,-0.4842,0.2864,-0.7881,76.22,-262.21,93.67,Running
107.94,41,1,16,97,123,5,-0.2601,0.8077,-0.6738,93.8,-154.22,86.76,Running
107.96,24,8,31,0,0,0,-0.1058,0.9897,-0.0945,82.83,-102.97,53.06,Running
107.98,0,31,14,45,0,49,-0.3021,0.9443,0.6889,40.36,-33.22,91.0,Running
108.0,0,58,0,46,0,29,0.2175,1.3706,1.4265,72.09,8.31,66.24,Running
108.02,302,7,16,42,32,0,0.0566,1.154,1.6163,48.27,52.47,56.06,Running
108.04,2111,0,54,0,30,44,0.3769,1.4807,2.2259,54.89,137.1,19.17,Running
108.06,3656,332,51,17,72,53,0.1025,1.227,2.6695,46.93,223.55,11.09,Running
108.08,1826,1207,373,0,27,9,0.2621,1.6542,3.056,63.43,227.36,13.83,Running
108.1,301,2104,1278,194,70,25,0.6124,1.0211,2.9479,64.55,361.0,11.24,Running
108.12,0,1621,1863,988,330,4,0.52,1.4965,2.9688,39.66,310.19,-1.71,Running
108.14,24,566,1073,2601,1365,0,0.6185,0.9963,2.4401,26.34,343.91,-57.67,Running
108.16,0,62,318,3797,3143,49,0.6439,1.0498,1.5628,7.14,407.26,-40.43,Running
108.18,50,53,55,3086,3994,93,0.8305,0.8834,1.2982,11.0,388.07,-88.22,Running
108.2,0,54,19,1388,2800,711,0.6222,0.6697,0.7338,-36.24,391.98,-93.62,Running
108.22,0,0,0,227,1138,2429,0.6336,0.2448,0.0653,-3.56,321.92,-79.72,Running
108.24,13,0,76,41,267,3326,0.3278,0.1107,-0.7252,-33.99,337.43,-71.42,Running
108.26,0,46,35,0,43,1868,0.4799,-0.2956,-0.9361,-49.81,313.56,-90.62,Running
108.28,0,12,32,28,93,362,0.3564,-0.2302,-0.9387,-58.43,285.08,-91.24,Running
108.3,0,68,27,0,0,0,0.5033,-0.4822,-0.8874,-59.84,192.78,-73.86,Running
108.32,60,0,0,29,63,24,0.1525,-0.7862,-0.635,-50.59,130.68,-84.74,Running
108.34,57,78,29,103,0,1,0.1881,-0.8822,0.3765,-72.3,123.6,-69.65,Running
108.36,15,17,12,44,0,19,0.2716,-1.1126,1.0751,-74.62,34.26,-81.56,Running
108.38,0,0,35,13,24,0,-0.0137,-1.2285,1.0575,-81.79,-12.32,-80.88,Running
108.4,36,6,0,120,3,20,-0.0901,-1.2915,1.7363,-73.47,-90.38,-57.04,Running
108.42,0,62,7,0,0,54,-0.4193,-1.4894,2.7739,-66.81,-166.69,-43.14,Running
108.44,65,0,0,0,22,0,-0.2658,-1.1695,2.8547,-64.24,-210.49,-19.39,Running
108.46,0,0,36,0,53,0,-0.4928,-1.3529,2.8643,-34.78,-279.66,-20.64,Running
108.48,3,0,0,0,0,0,-0.4408,-1.0316,2.8991,-56.7,-294.04,11.21,Running
108.5,0,0,0,16,0,0,-0.6241,-0.8601,2.311,-40.1,-316.41,54.0,Running
108.52,0,0,0,0,55,11,-0.6111,-1.0025,1.7195,-19.18,-368.15,37.91,Running
108.54,71,2,0,0,121,44,-0.5845,-0.6995,1.5567,-16.04,-359.74,49.64,Running
108.56,13,0,0,0,0,0,-0.6768,-0.722,0.7241,24.85,-393.22,71.9,Running
108.58,0,0,0,0,34,0,-0.6803,-0.5475,0.0129,18.03,-407.58,72.19,Running
108.6,20,21,24,0,48,56,-0.9331,-0.4051,-0.365,35.58,-362.56,65.95,Running
108.62,58,9,0,30,0,12,-0.4944,0.5722,-0.6338,27.41,-318.34,86.35,Running
108.64,64,54,0,102,0,44,-0.485,0.4489,-0.8648,30.78,-273.26,71.77,Running
108.66,0,11,23,24,21,0,-0.6116,0.4229,-0.8842,66.28,-261.78,89.5,Running
108.68,85,18,0,39,0,5,-0.3783,0.7448,-0.4722,77.28,-170.94,72.97,Running
108.7,53,3,0,36,0,43,-0.2264,0.677,-0.126,62.47,-108.35,57.25,Running
108.72,0,0,0,0,85,0,-0.0121,0.9464,0.2934,70.8,-42.59,79.85,Running
108.74,0,23,0,62,43,3,-0.0289,1.1349,1.2515,67.89,-17.17,60.51,Running
108.76,442,32,0,76,0,0,0.025,1.1928,1.4948,72.14,-9.0,41.44,Running
108.78,2014,19,18,33,0,0,0.2785,1.2289,2.1781,40.44,102.84,37.35,Running
108.8,3638,302,74,21,36,0,0.4694,1.3749,2.6339,69.34,169.18,45.51,Running
108.82,2071,1116,364,18,20,21,0.4007,1.3365,2.7641,58.95,238.65,9.06,Running
108.84,353,2043,1257,216,0,39,0.4003,1.2622,2.7436,42.86,253.27,-25.52,Running
108.86,56,1673,1786,916,298,20,0.5851,1.324,2.6149,44.96,303.78,-12.6,Running
108.88,15,574,1198,2625,1390,44,0.6666,0.9668,2.677,29.69,350.51,-50.62,Running
108.9,39,89,387,3789,3150,0,0.5337,0.8225,1.6681,25.78,381.74,-59.07,Running
108.92,0,0,75,3125,4067,140,0.9164,0.7342,1.1869,15.47,430.61,-68.62,Running
108.94,90,15,0,1355,2886,610,0.7176,0.645,0.6627,-18.65,362.47,-67.1,Running
108.96,0,0,23,320,1157,2406,0.7532,0.2496,-0.001,-22.51,381.7,-79.02,Running
108.98,1,0,10,26,205,3339,0.4344,0.0488,0.0432,-36.13,327.25,-98.43,Running
109.0,14,0,43,0,67,1829,0.6034,-0.2759,-0.122,-63.82,297.02,-88.21,Running
109.02,0,0,15,21,39,369,0.4214,-0.4037,-0.7539,-62.12,311.61,-86.78,Running
109.04,0,13,0,82,0,33,0.372,-0.413,-1.138,-49.03,206.4,-71.38,Running
109.06,0,0,0,37,73,73,0.2978,-0.7168,-0.5555,-69.49,190.33,-97.99,Running
109.08,60,41,0,6,35,0,0.1439,-0.861,-0.1328,-70.6,129.01,-90.37,Running
109.1,0,6,81,18,21,0,0.1956,-1.1887,0.432,-76.19,7.18,-94.05,Running
109.12,0,0,3,105,0,130,-0.1132,-1.3038,1.1225,-73.49,-60.76,-60.23,Running
109.14,107,0,50,8,39,17,-0.2905,-1.3003,1.927,-58.43,-48.7,-52.48,Running
109.16,0,71,38,13,8,35,-0.3307,-1.3582,2.512,-61.38,-146.73,-15.78,Running
109.18,99,22,25,0,58,8,-0.2221,-1.1952,2.7728,-59.95,-248.12,-32.6,Running
109.2,54,0,0,0,48,7,-0.7407,-1.4997,2.7204,-66.88,-206.41,-1.54,Running
109.22,0,0,17,0,0,33,-0.4954,-1.2374,2.205,-41.53,-316.5,9.4,Running
109.24,48,0,0,42,18,40,-0.5411,-1.3563,2.667,-19.29,-333.27,28.26,Running
109.26,38,28,19,30,79,0,-0.8753,-1.1764,2.124,-1.2,-355.8,36.12,Running
109.28,0,0,43,52,8,30,-0.7761,-0.6692,1.3473,-3.72,-386.13,59.37,Running
109.3,16,15,0,0,0,0,-0.6327,-0.6099,0.3638,11.21,-356.75,67.95,Running
109.32,0,9,0,0,38,45,-0.5555,-0.5413,0.426,21.56,-386.52,95.52,Running
109.34,0,14,4,39,55,0,-0.5227,-0.1425,-0.5952,21.02,-348.09,69.38,Running
109.36,0,30,0,0,0,30,-0.5118,-0.25,-0.5706,23.59,-346.68,107.95,Running
109.38,15,45,33,0,0,1,-0.4783,0.1855,-0.7647,44.52,-339.83,78.74,Running
109.4,0,0,64,16,41,0,-0.4571,0.3686,-0.4765,66.57,-268.23,84.69,Running
109.42,0,5,1,0,0,9,-0.406,0.6588,-0.6146,51.03,-190.52,82.9,Running
109.44,38,56,17,0,28,43,0.0398,0.6582,-0.1034,54.17,-102.24,95.79,Running
109.46,6,0,27,0,17,3,-0.2799,1.1578,0.4999,63.23,-35.15,67.43,Running
109.48,56,0,0,0,0,7,0.0799,1.4675,0.9072,89.04,-12.98,62.23,Running
109.5,303,0,0,12,0,0,-0.1353,1.2507,1.6992,79.72,65.64,65.94,Running
109.52,2006,36,0,8,27,8,0.399,1.8114,2.0235,62.18,92.5,28.33,Running
109.54,3613,255,116,0,0,0,0.0963,1.3389,2.6444,55.58,164.42,34.29,Running
109.56,2110,1099,383,0,0,0,0.4844,1.0109,2.7624,67.29,258.75,36.34,Running
109.58,360,2055,1166,153,105,7,0.6426,0.8304,2.9317,64.78,268.5,-0.27,Running
109.6,62,1701,1784,868,231,22,0.6029,1.3633,2.5381,36.21,341.69,-18.83,Running
109.62,0,619,1213,2455,1333,0,0.7687,1.2759,2.2237,36.0,397.96,-19.82,Running
109.64,20,138,336,3741,3148,17,0.6504,0.7957,1.7638,11.45,383.27,-53.46,Running
109.66,6,0,68,3192,4017,55,0.5465,0.6178,1.3342,3.04,389.18,-66.49,Running
109.68,0,20,0,1485,2988,646,0.5559,0.6456,0.791,10.59,382.68,-61.59,Running
109.7,0,8,0,398,1205,2340,0.5736,0.5136,0.1344,-36.02,381.39,-71.24,Running
109.72,0,0,68,43,316,3407,0.6303,0.1908,-0.6501,-40.24,335.23,-88.02,Running
109.74,38,22,0,18,11,1950,0.3816,-0.1708,-0.4109,-53.06,292.43,-59.57,Running
109.76,0,7,8,41,0,478,0.3347,-0.1736,-0.6328,-46.51,279.25,-101.96,Running
109.78,0,16,0,0,7,0,0.2722,-0.4497,-0.7652,-40.73,208.2,-96.81,Running
109.8,0,6,27,90,64,23,0.3574,-0.5475,-0.0073,-57.48,155.97,-96.03,Running
109.82,128,29,27,0,112,92,0.2363,-1.2537,-0.217,-70.94,115.56,-88.32,Running
109.84,0,8,62,0,0,0,0.1188,-0.9482,0.7658,-60.9,38.02,-84.59,Running
109.86,40,26,0,0,0,88,-0.155,-1.2977,1.1282,-68.19,-32.11,-73.19,Running
109.88,82,49,31,0,4,0,-0.0235,-0.9717,1.7828,-84.66,-55.98,-65.83,Running
109.9,0,0,0,18,68,0,-0.3667,-1.3197,2.4772,-65.36,-177.59,-26.91,Running
109.92,0,0,3,0,0,0,-0.4406,-1.29,2.6588,-51.21,-181.21,-8.69,Running
109.94,0,0,11,0,0,19,-0.4226,-1.2437,2.7218,-71.05,-214.13,10.24,Running
109.96,23,8,0,5,44,0,-0.3963,-1.0528,2.5346,-60.98,-278.34,6.48,Running
109.98,107,0,0,38,0,0,-0.4683,-0.8894,2.9243,-22.29,-340.32,26.39,Running
110.0,40,0,47,9,47,0,-0.6462,-1.3266,2.105,-21.54,-343.7,45.67,Running
110.02,0,0,24,61,0,0,-0.5588,-1.106,0.9889,-10.4,-401.99,84.34,Running
110.04,20,0,0,0,63,16,-0.8217,-0.7758,0.9561,13.49,-365.12,70.34,Running
110.06,0,30,21,0,0,43,-0.6327,-0.4088,0.3092,-7.12,-388.74,90.55,Running
110.08,0,50,37,4,0,0,-0.6779,-0.1469,-0.4904,51.45,-348.12,80.49,Running
110.1,13,0,0,0,18,0,-0.5059,-0.1549,-0.7382,42.69,-343.73,106.12,Running
110.12,0,0,0,0,80,33,-0.3459,0.3475,-0.5391,51.24,-265.76,97.53,Running
110.14,12,5,0,0,64,0,-0.2725,0.5729,-0.449,58.37,-258.39,80.65,Running
110.16,31,0,24,0,14,0,-0.3052,0.5986,-0.2976,56.13,-232.61,88.03,Running
110.18,0,0,16,0,0,0,-0.3146,1.1431,-0.5195,78.73,-119.32,77.53,Running
110.2,0,45,0,0,0,66,0.0025,1.2499,0.3918,81.51,-64.44,69.75,Running
110.22,79,30,21,16,6,0,0.0035,1.2444,0.8374,56.91,-18.31,44.5,Running
110.24,349,0,17,52,0,82,0.0674,1.2896,1.6561,63.25,29.51,41.39,Running
110.26,1838,29,2,0,12,0,0.1411,1.4745,1.611,83.75,111.4,39.74,Running
110.28,3551,242,0,32,0,0,0.4199,1.4434,2.6763,60.53,133.92,42.16,Running
110.3,2208,1078,331,72,0,48,0.6097,1.5502,2.5958,57.04,208.0,21.97,Running
110.32,401,2037,1162,104,65,68,0.4471,1.3947,2.5997,45.32,241.77,-3.42,Running
110.34,0,1700,1822,796,287,80,0.4963,1.2291,2.7857,42.84,314.77,-37.15,Running
110.36,2,668,1228,2326,1183,20,0.5754,1.1346,2.5003,17.27,318.0,-34.99,Running
110.38,23,80,380,3832,2998,0,0.6636,1.2335,1.7557,5.78,372.18,-16.71,Running
110.4,0,0,56,3220,4054,27,0.6433,0.6511,1.2741,14.19,373.19,-62.32,Running
110.42,58,34,17,1569,3055,576,0.8218,0.4947,0.6093,-19.61,354.15,-77.09,Running
110.44,18,0,0,435,1265,2141,0.5135,0.502,0.1647,-29.43,350.78,-57.04,Running
110.46,26,14,24,12,273,3396,0.669,0.1589,-0.5982,-17.21,367.52,-77.63,Running
110.48,24,0,0,44,0,2072,0.6302,-0.1523,-0.5499,-36.66,309.13,-76.56,Running
110.5,0,0,62,98,0,419,0.7182,-0.3844,-0.931,-69.28,236.4,-89.87,Running
110.52,26,15,0,50,11,50,0.3773,-0.5236,-1.0977,-53.87,229.34,-87.11,Running
110.54,0,8,7,0,11,16,0.3285,-1.0796,-0.7696,-73.67,149.84,-78.37,Running
110.56,0,0,0,0,46,3,0.2485,-1.1013,0.2005,-79.3,58.4,-63.94,Running
110.58,5,0,0,16,0,0,0.1026,-1.2268,0.5495,-74.12,48.06,-50.65,Running
110.6,0,11,0,0,63,53,0.0112,-1.2056,1.5552,-66.34,-0.05,-78.66,Running
110.62,43,0,19,0,0,0,0.0305,-1.2023,1.9669,-70.48,-86.98,-37.84,Running
110.64,0,37,16,0,0,18,-0.4963,-1.3202,2.3743,-66.33,-156.74,-28.06,Running
110.66,40,0,0,0,77,49,-0.3918,-1.5597,2.6176,-63.73,-176.0,-20.96,Running
110.68,16,8,8,1,11,52,-0.5229,-1.3477,3.0804,-50.73,-280.97,-3.72,Running
110.7,18,0,0,0,15,0,-0.5915,-1.2269,2.7334,-31.29,-313.01,24.93,Running
110.72,0,15,0,51,0,0,-0.5265,-1.1008,2.4591,-47.05,-344.27,39.79,Running
110.74,36,0,26,0,0,0,-0.8127,-0.85,2.0934,-45.08,-393.74,51.16,Running
110.76,30,35,14,109,0,0,-0.6707,-0.8778,1.815,-5.84,-380.42,20.83,Running
110.78,15,11,0,0,0,5,-0.6108,-0.6378,0.6988,2.2,-374.94,64.95,Running
110.8,0,0,22,8,0,0,-0.6825,-0.4986,-0.0493,9.22,-402.79,88.84,Running
110.82,83,27,0,0,17,0,-0.7926,-0.2626,-0.185,26.95,-368.98,61.75,Running
110.84,24,0,0,0,0,78,-0.6055,0.1525,-0.3668,38.85,-357.32,85.51,Running
110.86,0,0,0,90,0,0,-0.328,0.3558,-1.0881,64.33,-291.41,99.79,Running
110.88,0,48,27,40,48,0,-0.3855,0.6993,-0.6989,64.16,-247.54,87.14,Running
110.9,0,0,4,16,0,0,-0.2842,0.6832,-0.6852,74.95,-219.06,109.22,Running
110.92,74,0,0,36,30,65,-0.1957,0.9156,-0.1735,91.48,-124.19,95.08,Running
110.94,57,24,35,64,57,2,-0.0498,1.0197,-0.2252,97.0,-57.98,82.72,Running
110.96,13,29,61,152,0,35,0.169,1.1928,0.5767,66.14,30.11,54.83,Running
110.98,258,30,7,1,52,0,-0.0215,1.4876,1.4434,72.04,41.02,77.72,Running
111.0,1711,16,37,0,0,91,0.1386,1.4307,1.9259,74.73,79.3,45.35,Running
111.02,3584,206,73,0,17,46,0.5014,1.3749,2.4791,63.77,215.66,10.22,Running
111.04,2275,1052,338,0,0,20,0.4911,1.3557,2.6624,50.65,229.8,5.39,Running
111.06,385,1986,1142,92,58,0,0.3236,0.7926,3.2177,52.58,311.78,1.83,Running
111.08,8,1742,1802,881,301,0,0.3686,1.1016,3.1043,39.89,351.76,5.3,Running
111.1,0,675,1253,2332,1238,27,0.6657,0.9949,2.4597,37.23,363.91,-28.0,Running
111.12,38,138,354,3694,2921,29,0.6957,0.8024,1.9855,40.38,363.99,-54.61,Running
111.14,0,115,87,3241,4030,0,0.6427,0.619,1.5217,16.05,382.97,-34.04,Running
111.16,0,31,4,1586,3095,601,0.3766,0.5987,0.485,-2.93,414.83,-74.01,Running
111.18,3,27,0,425,1307,2080,0.7416,0.1121,-0.2346,-31.72,393.52,-82.64,Running
111.2,0,53,0,74,355,3366,0.541,0.3962,-0.4601,-14.05,326.69,-80.92,Running
111.22,26,10,0,0,4,2193,0.511,-0.0723,-0.4201,-29.1,329.74,-86.49,Running
111.24,78,0,48,0,0,489,0.4065,-0.7729,-0.6753,-48.69,275.39,-88.13,Running
111.26,28,25,31,19,0,0,0.4782,-0.6816,-0.7383,-56.67,168.25,-66.01,Running
111.28,0,18,32,0,21,28,0.0664,-1.3369,-0.6349,-56.77,187.32,-97.7,Running
111.3,35,0,31,53,0,0,0.2644,-0.7916,0.1162,-84.23,104.44,-80.74,Running
111.32,19,0,0,0,47,102,0.1775,-1.2115,0.6362,-75.88,41.58,-59.46,Running
111.34,0,0,25,0,0,1,-0.0566,-1.3261,1.2388,-58.42,-25.53,-66.63,Running
111.36,57,12,0,0,47,12,-0.2207,-1.3999,2.5541,-81.5,-63.73,-49.46,Running
111.38,25,2,28,4,101,40,-0.1097,-1.4864,2.37,-66.47,-179.38,-36.55,Running
111.4,24,38,0,89,0,38,-0.2626,-1.5785,2.4772,-43.6,-145.91,-27.19,Running
111.42,0,38,0,0,13,79,-0.3828,-1.4022,2.9787,-54.09,-243.77,-21.78,Running
111.44,0,0,3,0,13,66,-0.5998,-1.2673,2.6291,-39.63,-283.89,13.15,Running
111.46,18,0,33,0,0,0,-0.5688,-0.9034,2.7929,-49.46,-319.42,11.1,Running
111.48,63,0,32,0,0,0,-0.4694,-0.8926,2.1858,-13.96,-390.53,47.59,Running
111.5,0,21,23,51,29,29,-0.8989,-0.7936,1.7943,-14.87,-355.58,65.51,Running
111.52,3,0,56,0,0,0,-0.734,-0.6401,0.9797,10.77,-362.67,63.5,Running
111.54,54,0,6,96,0,0,-0.6915,-0.3573,0.4449,9.87,-396.55,51.4,Running
111.56,25,3,0,8,7,0,-0.6296,0.0121,-0.2808,32.95,-375.0,77.13,Running
111.58,0,0,0,16,28,0,-0.4385,0.3301,-0.5757,26.74,-298.07,85.01,Running
111.6,0,23,0,79,3,0,-0.6196,0.2275,-0.7764,60.0,-295.27,117.57,Running
111.62,0,35,20,0,44,0,-0.2888,0.4084,-0.7599,56.1,-236.0,97.12,Running
111.64,0,42,0,0,70,64,-0.2849,0.5673,-0.5829,54.91,-196.18,85.2,Running
111.66,75,45,0,0,59,25,-0.2008,0.7631,-0.4308,80.85,-188.21,68.96,Running
111.68,69,0,0,23,5,0,-0.2163,0.9549,0.3821,78.0,-79.62,82.47,Running
111.7,86,44,27,0,28,89,0.0545,1.1741,0.969,64.01,-37.58,66.92,Running
111.72,228,37,23,0,20,0,0.0968,1.1979,1.4683,73.28,88.68,80.05,Running
111.74,1644,15,6,35,0,42,0.0293,1.2781,2.214,78.96,100.71,43.79,Running
111.76,3587,205,49,22,0,0,0.1405,1.3078,2.379,46.27,214.23,44.41,Running
111.78,2376,942,318,0,0,62,0.563,1.4288,2.4696,57.66,251.13,30.55,Running
111.8,522,2002,1041,146,75,0,0.3437,1.3244,2.637,54.11,285.76,-38.27,Running
111.82,63,1816,1833,825,265,46,0.6811,1.0618,2.6194,30.98,320.17,-6.2,Running
111.84,30,768,1317,2169,1165,0,0.5836,1.169,1.9931,27.54,331.94,-43.44,Running
111.86,71,139,428,3664,2959,17,0.6835,1.189,1.8251,18.12,365.98,-60.91,Running
111.88,42,34,38,3323,4038,37,0.5356,0.892,1.407,8.72,388.83,-80.22,Running
111.9,0,0,0,1703,3129,544,0.8167,0.6338,0.743,-3.14,354.79,-43.77,Running
111.92,0,26,0,394,1394,2107,0.6464,0.3322,0.046,-8.96,387.89,-126.46,Running
111.94,0,56,0,72,291,3363,0.5353,0.4023,-0.2029,-28.94,389.97,-94.61,Running
111.96,0,0,0,0,59,2164,0.3938,-0.2661,-0.422,-39.94,316.18,-100.43,Running
111.98,0,0,38,0,50,531,0.294,-0.4234,-0.8722,-45.34,246.76,-72.36,Running
112.0,51,0,0,13,13,83,0.2584,-0.5235,-0.3627,-61.93,207.54,-78.97,Running
112.02,48,3,0,1,0,0,0.3523,-0.9156,-0.4736,-41.8,170.53,-81.08,Running
112.04,56,0,0,7,0,5,0.0043,-0.8925,-0.2512,-61.87,102.24,-65.75,Running
112.06,55,41,0,0,36,47,-0.2364,-0.9634,0.4551,-62.96,31.01,-78.56,Running
112.08,109,0,0,0,0,0,-0.1972,-1.1264,0.7234,-95.39,-9.31,-57.44,Running
112.1,0,16,0,82,44,74,-0.1688,-1.2815,1.5415,-69.05,-94.38,-66.17,Running
112.12,50,44,0,23,0,36,-0.1054,-1.0315,2.2664,-75.76,-142.57,-21.72,Running
112.14,0,23,0,0,6,30,-0.3894,-1.573,3.1492,-78.24,-158.31,-4.3,Running
112.16,0,0,44,0,0,19,-0.512,-1.1667,2.8323,-45.49,-243.85,-12.93,Running
112.18,0,32,0,26,0,2,-0.2607,-1.1667,2.8078,-56.59,-270.19,9.68,Running
112.2,34,0,0,0,39,0,-0.6022,-1.3581,2.6606,-53.39,-337.51,35.88,Running
112.22,55,13,0,2,0,0,-0.4895,-1.053,2.1682,-46.45,-369.29,48.48,Running
112.24,25,26,15,45,0,30,-0.7058,-0.7683,1.7498,-9.03,-379.12,44.36,Running
112.26,26,0,0,0,26,89,-0.5821,-0.8306,0.9251,-5.53,-387.84,67.06,Running
112.28,0,0,0,33,49,27,-0.6179,-0.6588,0.1896,4.03,-376.76,85.41,Running
112.3,108,0,0,59,0,0,-0.6791,-0.144,0.3457,26.87,-367.14,93.18,Running
112.32,0,32,0,36,24,66,-0.7124,0.3239,-0.5622,20.06,-333.43,78.79,Running
112.34,35,0,12,0,0,0,-0.4612,-0.0565,-0.5502,38.62,-271.47,86.63,Running
112.36,63,31,9,0,14,24,-0.2871,0.2738,-1.0123,65.57,-258.68,82.42,Running
112.38,0,19,30,0,96,36,-0.351,0.2686,-1.528,59.68,-189.31,95.71,Running
112.4,0,16,49,0,22,85,-0.1077,1.0251,-0.528,58.11,-131.68,78.43,Running
112.42,21,39,37,45,29,36,-0.3082,0.7567,0.5001,85.48,-11.33,77.9,Running
112.44,0,13,43,20,0,103,0.1835,1.4975,0.8434,79.54,9.88,50.06,Running
112.46,192,42,49,0,0,0,0.1107,1.4201,1.3358,69.03,72.84,58.04,Running
112.48,1578,0,22,0,40,0,0.1097,1.3323,1.9636,69.42,79.78,36.31,Running
112.5,3565,118,43,0,0,0,0.4125,1.4645,2.0671,88.7,156.98,35.37,Running
112.52,2572,900,309,0,19,38,0.5186,1.4271,2.9022,52.23,242.67,11.61,Running
112.54,441,1945,1039,94,36,35,0.342,1.4272,2.7834,51.02,303.3,1.25,Running
112.56,106,1809,1821,781,275,0,0.549,1.5112,3.0982,48.19,316.43,-5.54,Running
112.58,13,734,1324,2079,1051,0,0.8279,0.9194,2.1406,39.89,348.52,-9.39,Running
112.6,3,145,485,3632,2803,14,0.5301,1.0247,1.9962,11.92,367.65,-68.61,Running
112.62,0,0,17,3448,4019,92,0.6546,0.83,1.6093,28.15,363.63,-45.99,Running
112.64,0,0,9,1711,3133,500,0.8507,0.6192,1.0733,-5.22,366.41,-77.1,Running
112.66,0,0,14,491,1387,1979,0.5352,0.4007,0.1573,-0.86,341.53,-79.4,Running
112.68,106,0,0,120,379,3464,0.6277,0.5031,-0.3707,-27.46,336.08,-105.57,Running
112.7,0,4,15,34,29,2217,0.387,-0.1979,-0.6006,-51.92,370.38,-80.13,Running
112.72,55,0,0,0,60,558,0.5633,-0.75,-1.1277,-73.87,295.22,-129.82,Running
112.74,0,0,29,0,4,79,0.4223,-0.4085,-0.1156,-62.74,224.47,-89.66,Running
112.76,36,0,14,51,0,27,0.4535,-0.7353,-0.6551,-63.0,142.71,-91.55,Running
112.78,0,0,1,0,3,0,-0.0394,-0.5519,0.1955,-73.22,108.39,-76.22,Running
112.8,0,0,0,41,0,0,0.1536,-1.0754,0.4109,-79.62,25.16,-81.19,Running
112.82,13,1,0,39,21,0,-0.0006,-1.2626,1.5845,-82.98,25.07,-42.42,Running
112.84,0,7,0,39,24,49,-0.1344,-1.4035,1.9513,-91.37,-72.24,-39.5,Running
112.86,29,6,0,37,3,0,-0.2963,-1.3728,2.0281,-67.76,-145.15,-27.37,Running
112.88,0,96,0,0,21,11,-0.4009,-1.396,2.4475,-57.07,-209.79,-26.87,Running
112.9,35,4,10,0,0,0,-0.2172,-1.2856,2.7152,-75.57,-280.35,8.12,Running
112.92,0,3,7,0,0,17,-0.5168,-1.2538,2.9132,-51.27,-328.63,34.77,Running
112.94,75,89,0,16,0,1,-0.5071,-1.2829,2.6268,-32.46,-342.67,7.23,Running
112.96,72,20,33,0,0,50,-0.5769,-0.9329,2.37,-18.68,-337.2,34.05,Running
112.98,0,0,0,0,0,83,-0.4532,-1.1781,1.3383,-8.19,-402.5,50.2,Running
113.0,0,27,15,0,47,2,-0.7073,-0.7016,0.9916,-5.66,-371.52,55.9,Running
113.02,28,0,30,28,5,23,-0.999,-0.6145,0.2897,18.33,-354.3,61.47,Running
113.04,0,47,0,0,75,26,-0.5975,-0.1009,0.0303,-1.87,-367.64,72.96,Running
113.06,35,17,0,0,0,0,-0.4427,-0.1657,-0.69,21.21,-307.35,57.92,Running
113.08,0,28,0,0,19,0,-0.4707,0.0004,-0.9544,61.51,-269.13,103.21,Running
113.1,1,32,0,0,13,0,-0.5415,0.1422,-0.9248,55.09,-265.34,83.67,Running
113.12,39,13,48,17,0,53,-0.3185,0.5989,-1.1154,71.55,-181.45,87.87,Running
113.14,53,0,0,78,0,23,-0.0084,0.662,-0.2385,77.25,-113.42,71.04,Running
113.16,35,7,0,20,72,62,-0.0311,0.9432,0.2439,90.8,-95.27,87.88,Running
113.18,21,17,0,0,7,0,0.0005,1.064,1.0225,79.98,-12.7,67.01,Running
113.2,260,25,21,6,18,31,0.0141,1.1637,1.4626,70.03,55.66,64.43,Running
113.22,1440,43,0,45,20,0,0.31,1.0288,2.3229,59.64,102.46,14.94,Running
113.24,3526,156,49,0,4,36,0.1612,1.5995,2.5527,53.77,135.43,15.42,Running
113.26,2465,926,235,13,43,59,0.4806,1.2368,2.9225,44.49,273.45,39.77,Running
113.28,494,1926,972,138,20,0,0.5452,1.4428,2.3389,50.37,279.59,12.71,Running
113.3,9,1913,1762,688,185,29,0.5314,1.1003,2.4145,19.32,305.19,-26.34,Running
113.32,0,773,1398,2132,1023,0,0.6072,1.5566,2.3877,25.87,332.32,-28.15,Running
113.34,0,87,463,3625,2733,7,0.6702,0.8781,1.7412,41.89,350.26,-55.39,Running
113.36,0,17,117,3362,4048,32,0.6906,0.7859,1.3336,13.45,351.41,-55.19,Running
113.38,0,12,25,1793,3294,446,0.66,0.482,0.6503,-26.0,398.79,-87.15,Running
113.4,0,0,3,449,1443,1869,0.5397,0.2257,-0.2399,-18.22,414.34,-62.01,Running
113.42,18,0,20,63,357,3357,0.5522,0.1742,-0.3324,-42.6,340.63,-68.41,Running
113.44,61,0,16,17,63,2369,0.6014,-0.0427,-0.9487,-47.0,274.86,-106.55,Running
113.46,39,0,21,58,8,632,0.4186,-0.6355,-0.6861,-37.49,262.11,-96.04,Running
113.48,57,25,10,0,55,13,0.2305,-0.7162,-0.5642,-72.47,216.69,-73.96,Running
113.5,59,8,14,35,0,0,0.2965,-0.7964,-0.449,-77.71,153.17,-75.56,Running
113.52,0,0,47,33,31,0,0.4285,-0.9483,0.2809,-41.12,90.81,-104.15,Running
113.54,16,0,43,26,0,51,-0.0049,-1.1171,0.3256,-66.41,98.76,-48.33,Running
113.56,41,0,18,0,28,0,-0.0986,-1.2699,1.3548,-74.76,-15.55,-91.27,Running
113.58,0,0,0,21,10,77,-0.0053,-1.2164,1.4086,-78.12,-54.69,-59.51,Running
113.6,0,45,0,0,26,30,-0.3391,-1.4007,2.2199,-81.95,-155.08,-71.08,Running
113.62,65,13,11,58,36,29,-0.345,-1.8005,2.7915,-59.57,-224.69,-10.91,Running
113.64,0,10,42,0,0,0,-0.2016,-1.283,2.9672,-37.34,-239.48,-4.15,Running
113.66,53,8,0,0,10,41,-0.825,-1.1867,2.6096,-37.55,-304.56,12.28,Running
113.68,55,3,0,62,65,64,-0.464,-0.8229,2.7675,-51.3,-310.93,36.06,Running
113.7,0,59,0,9,19,50,-0.6724,-1.1817,1.7953,-26.84,-334.89,40.26,Running
113.72,0,29,12,0,30,0,-0.775,-0.6024,1.4935,-4.55,-353.74,66.85,Running
113.74,21,3,0,27,15,0,-0.6332,-0.7428,1.1903,4.6,-420.22,76.26,Running
113.76,0,0,0,0,0,0,-0.4498,-0.8009,0.6422,28.08,-355.26,82.09,Running
113.78,0,0,46,0,51,0,-0.7883,-0.1427,-0.5315,2.93,-366.07,69.84,Running
113.8,0,4,32,0,99,15,-0.5227,-0.3449,-0.4495,39.76,-344.14,94.13,Running
113.82,33,14,0,83,30,0,-0.4659,0.0582,-1.3051,29.07,-299.34,86.84,Running
113.84,0,0,0,0,39,0,-0.3,0.5263,-0.9301,50.03,-249.05,86.51,Running
113.86,12,0,0,52,0,91,-0.2852,0.9744,-0.8734,72.25,-206.49,90.66,Running
113.88,48,0,0,33,8,72,-0.1996,1.1858,-0.0985,50.41,-185.91,92.55,Running
113.9,0,0,0,0,17,0,-0.1194,0.7958,0.0058,98.99,-68.01,84.98,Running
113.92,27,33,0,46,0,0,-0.0116,1.0493,0.7425,74.43,6.47,90.95,Running
113.94,182,3,0,56,128,12,0.0478,1.2749,1.4917,87.11,22.78,41.18,Running
113.96,1385,22,0,0,14,0,0.2588,1.2097,1.981,68.86,107.14,17.16,Running
113.98,3486,203,32,79,0,0,0.2969,1.1766,2.4167,76.24,194.21,34.34,Running
114.0,2577,839,223,8,74,48,0.3341,1.4475,2.7989,63.89,217.81,28.65,Running
114.02,641,1821,1026,201,21,43,0.5269,1.3477,3.0086,45.62,275.34,5.78,Running
114.04,97,1920,1736,552,275,15,0.6766,1.5191,3.2222,31.08,288.68,4.85,Running
114.06,0,778,1359,2031,974,0,0.7379,0.9386,2.6468,40.38,324.62,-5.49,Running
114.08,0,148,476,3556,2655,25,0.765,0.9015,1.7404,19.62,342.78,-33.34,Running
114.1,18,3,136,3556,4056,58,0.6193,0.7553,1.3758,4.7,420.98,-72.97,Running
114.12,0,0,9,1775,3358,427,0.6955,0.6147,0.7479,-6.26,375.22,-40.21,Running
114.14,0,0,0,466,1523,1795,0.6697,0.2208,0.117,-17.37,352.1,-97.73,Running
114.16,0,4,0,85,412,3404,0.4774,0.397,-0.479,-16.91,333.03,-98.82,Running
114.18,27,32,5,0,72,2425,0.6343,-0.0286,-1.1023,-33.95,308.56,-82.82,Running
114.2,57,35,12,0,57,619,0.415,-0.4155,-1.0649,-45.09,280.86,-68.97,Running
114.22,0,22,0,0,4,54,0.3975,-0.3171,-0.5395,-62.29,213.32,-77.09,Running
114.24,119,14,12,33,34,34,0.4034,-0.4567,-0.5753,-71.11,206.13,-91.1,Running
114.26,43,11,32,0,44,38,0.1374,-0.7001,-0.145,-67.64,80.49,-84.98,Running
114.28,65,14,5,99,0,78,0.1679,-1.0893,0.7665,-87.73,88.0,-68.91,Running
114.3,0,17,50,13,51,13,-0.2159,-1.142,1.0152,-73.71,9.17,-98.68,Running
114.32,16,0,0,79,0,50,-0.0694,-1.3712,1.5359,-80.83,-55.93,-29.6,Running
114.34,16,0,0,0,10,0,-0.2384,-1.2286,2.0465,-79.36,-127.06,-31.56,Running
114.36,0,49,32,0,0,17,-0.5032,-1.1062,2.7275,-81.7,-224.29,-17.58,Running
114.38,72,0,23,0,0,7,-0.4707,-1.3662,2.8454,-48.2,-270.81,-9.39,Running
114.4,64,45,0,64,16,0,-0.2502,-1.2445,3.1856,-53.73,-306.62,19.29,Running
114.42,24,0,1,0,21,0,-0.5403,-1.1524,2.4306,-38.78,-307.76,8.42,Running
114.44,0,10,0,13,0,27,-0.8864,-1.2577,2.1955,-22.51,-340.35,42.87,Running
114.46,0,17,0,0,29,0,-0.6536,-0.8854,1.3888,-23.13,-333.51,54.44,Running
114.48,0,0,45,47,24,0,-0.6329,-0.6842,1.1508,-1.34,-368.46,75.87,Running
114.5,0,0,17,0,0,0,-0.647,-0.5597,0.2736,-7.02,-389.29,84.75,Running
114.52,45,0,53,83,0,52,-0.6756,-0.2682,-0.2688,3.62,-383.81,109.22,Running
114.54,40,17,31,70,17,32,-0.6074,-0.0788,-0.3974,32.35,-338.27,96.38,Running
114.56,0,0,0,22,60,0,-0.559,0.2174,-0.5638,48.58,-267.61,66.66,Running
114.58,38,0,19,0,0,35,-0.4335,0.4338,-0.9252,55.57,-224.67,88.26,Running
114.6,0,10,24,0,0,77,-0.41,0.4837,-0.5119,60.22,-184.56,72.69,Running
114.62,23,24,0,42,15,62,-0.3279,0.7766,-0.5534,63.93,-117.76,74.6,Running
114.64,0,24,43,91,83,0,-0.1365,1.1557,0.1719,73.48,-99.01,52.81,Running
114.66,40,22,0,0,0,0,0.0451,0.9043,1.1525,49.49,-69.49,49.17,Running
114.68,135,0,0,0,83,0,0.1272,1.2334,1.3298,97.62,30.59,63.28,Running
114.7,1402,0,74,29,0,15,0.2419,1.3668,2.3465,72.1,98.86,47.02,Running
114.72,3377,110,26,0,0,42,0.2198,1.3542,2.6498,72.96,204.19,33.95,Running
114.74,2662,785,229,0,0,0,0.3642,1.4985,2.7003,63.02,201.91,31.37,Running
114.76,753,1850,928,120,0,1,0.3362,1.4702,2.7567,48.12,269.53,7.52,Running
114.78,0,1974,1696,587,251,5,0.5268,1.4539,2.9494,30.38,267.99,-23.24,Running
114.8,0,880,1473,1956,970,29,0.5839,0.9942,2.4564,25.59,361.21,-14.57,Running
114.82,0,216,494,3525,2609,4,0.7233,1.202,1.9118,7.76,390.09,-37.24,Running
114.84,0,17,90,3552,3903,98,0.5282,1.28,1.1219,14.2,376.26,-63.67,Running
114.86,0,0,0,1837,3384,388,0.5178,0.3445,0.5332,18.48,384.5,-90.09,Running
114.88,54,31,0,566,1609,1771,0.5485,0.5321,-0.0791,-25.07,409.13,-102.83,Running
114.9,4,0,0,96,435,3374,0.66,0.3545,-0.6351,-6.76,362.31,-84.65,Running
114.92,67,0,0,91,98,2510,0.4461,-0.0533,-0.7823,-40.69,318.03,-83.72,Running
114.94,0,0,0,0,0,750,0.431,-0.2871,-0.2974,-34.92,319.69,-115.88,Running
114.96,38,19,0,0,0,129,0.3043,-0.7232,-0.852,-29.15,213.29,-102.88,Running
114.98,35,27,22,116,37,37,0.0983,-0.8699,-0.574,-84.01,179.08,-97.51,Running
115.0,0,20,0,0,49,0,0.0579,-0.892,-0.1961,-73.67,116.88,-76.73,Running
115.02,55,14,11,0,3,0,0.1149,-1.1755,0.0812,-61.21,74.94,-79.78,Running
115.04,52,0,49,2,12,57,-0.0371,-0.9687,1.1304,-82.19,-5.58,-81.61,Running
115.06,59,26,0,56,0,8,-0.0288,-1.2642,1.5665,-96.07,-46.12,-60.34,Running
115.08,0,0,11,0,2,0,-0.4137,-1.3606,2.2774,-52.91,-125.4,-41.44,Running
115.1,4,20,42,0,82,31,-0.5496,-1.1188,2.3868,-60.09,-198.17,-33.14,Running
115.12,0,17,0,7,88,1,-0.273,-1.6886,2.8637,-79.58,-223.85,-10.18,Running
115.14,36,0,41,0,2,0,-0.3311,-1.2048,2.7773,-31.17,-290.42,23.55,Running
115.16,0,27,0,0,56,0,-0.3049,-1.2643,2.7675,-36.44,-326.11,39.94,Running
115.18,0,30,23,0,6,0,-0.4594,-1.1738,2.6226,-35.24,-314.21,26.8,Running
115.2,64,0,0,0,12,0,-0.6373,-0.5671,1.7637,-33.16,-379.4,36.6,Running
115.22,5,0,0,0,7,34,-0.6019,-0.5398,1.172,-11.89,-353.96,44.02,Running
115.24,40,0,0,0,45,38,-0.6257,-0.618,0.2862,20.86,-356.03,92.87,Running
115.26,40,8,0,19,12,0,-0.6986,-0.1421,-0.0988,24.76,-347.36,83.41,Running
115.28,0,0,9,31,0,0,-0.4875,0.2243,-0.7081,25.51,-355.01,93.1,Running
115.3,0,7,43,0,103,65,-0.5167,-0.0096,-0.7075,29.45,-290.16,84.74,Running
115.32,0,27,0,0,0,0,-0.495,0.0623,-0.9539,58.94,-237.17,56.75,Running
115.34,15,17,43,5,18,0,-0.2883,0.5831,-0.8042,74.06,-230.11,102.47,Running
115.36,0,43,0,0,13,0,-0.2127,0.8243,-0.6494,74.8,-132.01,71.92,Running
115.38,61,24,0,0,0,33,0.0105,0.8407,0.3129,71.71,-72.7,72.05,Running
115.4,0,34,0,21,0,45,0.0503,1.1262,0.8449,72.4,-17.35,45.43,Running
115.42,98,7,24,0,0,5,0.0963,1.3158,1.3669,88.35,39.84,71.17,Running
115.44,1259,0,20,34,11,17,0.1678,1.3669,2.0652,82.09,102.67,20.4,Running
115.46,3324,183,57,51,0,20,0.4401,1.4799,2.4065,73.64,136.07,4.49,Running
115.48,2808,743,200,41,29,0,0.546,1.3355,2.4334,51.57,207.14,17.99,Running
115.5,724,1806,868,13,25,116,0.7522,1.1272,3.0968,58.0,276.34,15.33,Running
115.52,87,1920,1722,554,152,0,0.4432,1.2328,2.8842,49.33,284.61,17.37,Running
115.54,0,918,1491,1907,952,41,0.4161,1.3856,2.136,22.31,345.54,-36.26,Running
115.56,2,211,558,3521,2492,33,0.5982,0.9659,1.864,16.6,344.94,-44.99,Running
115.58,0,13,100,3517,3991,75,0.5479,0.6515,1.8049,18.46,395.89,-62.02,Running
115.6,30,36,4,2004,3532,354,0.6685,0.4377,1.2137,5.5,383.31,-70.04,Running
115.62,9,0,6,553,1591,1699,0.7504,0.4565,0.101,-16.43,327.85,-58.26,Running
115.64,28,0,53,99,415,3322,0.7196,0.0146,-0.3321,-45.48,352.24,-65.66,Running
115.66,10,0,0,0,69,2512,0.8123,0.0899,-0.9737,-54.25,325.53,-79.58,Running
115.68,11,3,0,78,0,783,0.513,-0.275,-0.6223,-37.0,279.19,-99.17,Running
115.7,0,0,1,0,18,54,0.538,-0.5369,-0.7881,-57.77,252.12,-83.66,Running
115.72,76,17,32,17,0,0,0.0945,-0.5986,-0.2428,-47.37,167.89,-85.18,Running
115.74,54,0,65,19,0,0,0.0371,-0.9983,-0.2033,-73.36,129.51,-107.62,Running
115.76,26,0,18,0,11,18,0.1201,-1.3612,0.5219,-59.89,83.68,-96.18,Running
115.78,0,0,56,0,30,7,-0.0035,-1.2806,0.7582,-67.29,1.28,-57.18,Running
115.8,36,15,41,7,37,122,-0.2905,-1.0977,1.614,-72.69,-109.67,-52.14,Running
115.82,0,47,25,0,0,0,-0.1858,-1.5894,2.4359,-67.57,-97.59,-29.55,Running
115.84,21,0,16,58,0,0,-0.4939,-0.8867,2.8316,-67.46,-161.92,-30.4,Running
115.86,0,38,0,0,6,0,-0.2256,-1.2655,2.8704,-62.96,-277.39,-12.81,Running
115.88,0,0,0,0,0,20,-0.4887,-1.1775,2.6253,-48.8,-287.94,1.28,Running
115.9,44,62,4,60,0,0,-0.3437,-1.2773,2.6344,-41.21,-307.99,21.09,Running
115.92,0,0,4,41,0,0,-0.5289,-1.1154,2.3753,-44.71,-389.33,33.66,Running
115.94,16,0,0,0,0,0,-0.7383,-0.865,1.3818,-21.76,-374.22,50.22,Running
115.96,19,0,0,56,48,49,-0.7765,-0.8295,1.1282,-11.3,-348.91,63.64,Running
115.98,0,40,20,35,0,0,-0.5858,-0.1854,0.3825,16.47,-366.42,86.17,Running
116.0,47,0,49,43,29,53,-0.4817,-0.1892,-0.1037,23.06,-372.0,53.35,Running
116.02,0,0,0,0,28,15,-0.6177,0.0307,-0.2579,36.58,-345.11,93.8,Running
116.04,0,0,0,0,24,0,-0.5306,0.2436,-0.8963,55.84,-291.82,75.97,Running
116.06,33,7,1,26,2,0,-0.4813,0.4641,-0.849,60.02,-234.35,112.34,Running
116.08,10,20,20,0,12,0,-0.4998,0.7841,-0.4677,58.96,-177.37,80.16,Running
116.1,0,14,0,0,0,0,0.0346,0.3438,-0.0432,72.81,-184.79,84.0,Running
116.12,0,7,0,0,127,41,-0.159,0.9233,0.582,67.5,-116.85,97.03,Running
116.14,39,0,21,39,0,31,0.0837,0.9981,0.9666,69.39,-27.87,68.93,Running
116.16,170,0,0,0,0,0,0.0896,1.2453,1.4611,75.78,62.08,43.69,Running
116.18,1113,45,35,0,4,5,0.1442,1.0272,1.8618,67.37,122.13,20.69,Running
116.2,3288,156,19,0,16,0,0.1635,1.4744,2.2962,49.9,171.47,53.19,Running
116.22,2847,712,156,16,0,22,0.429,1.5576,2.5447,48.91,226.58,23.75,Running
116.24,738,1790,883,26,44,15,0.3377,1.1992,3.1278,54.9,291.35,-11.27,Running
116.26,17,1948,1741,551,218,0,0.4096,1.1679,3.0088,51.7,308.94,-48.45,Running
116.28,0,958,1510,1843,883,0,0.2953,1.181,2.5132,47.09,332.3,-23.57,Running
116.3,5,217,604,3481,2570,0,0.627,0.9639,2.0719,34.48,340.23,-58.61,Running
116.32,8,0,106,3646,3986,13,0.6938,0.7163,1.5992,7.46,345.7,-50.74,Running
116.34,0,74,24,1983,3479,330,0.694,0.7101,0.8583,3.63,394.95,-55.77,Running
116.36,0,15,7,701,1651,1513,0.5311,0.3357,0.6163,-22.77,332.82,-83.43,Running
116.38,3,15,26,152,466,3305,0.5161,0.2888,0.096,-9.28,320.21,-86.08,Running
116.4,0,0,0,0,111,2602,0.8483,0.0161,-0.8652,-44.35,280.09,-94.84,Running
116.42,0,0,0,33,73,804,0.4284,-0.1965,-0.7194,-36.4,307.32,-98.16,Running
116.44,32,9,0,7,6,72,0.4668,-0.857,-0.8425,-55.98,227.92,-74.01,Running
116.46,0,20,9,39,69,0,0.1709,-0.6684,-0.7892,-53.34,143.38,-80.73,Running
116.48,44,29,15,0,0,0,0.0815,-1.0087,0.2802,-64.42,133.24,-76.39,Running
116.5,64,0,0,15,5,0,0.0457,-1.1418,0.4742,-66.19,57.53,-94.68,Running
116.52,48,0,23,0,1,0,-0.0587,-1.0684,0.9808,-69.39,-39.8,-61.15,Running
116.54,44,38,10,0,0,0,-0.1364,-1.4175,1.8522,-69.8,-49.44,-61.62,Running
116.56,41,9,0,12,0,31,-0.4186,-1.0945,2.4063,-77.31,-106.96,-42.72,Running
116.58,0,0,62,0,12,0,-0.304,-1.617,2.8406,-72.47,-199.52,-21.11,Running
116.6,0,0,41,14,14,3,-0.3047,-1.4236,2.8041,-60.93,-243.58,-8.7,Running
116.62,0,7,71,128,78,13,-0.4969,-1.3337,3.0513,-54.25,-293.04,23.46,Running
116.64,3,39,0,52,9,66,-0.4941,-1.3988,3.0275,-46.32,-288.63,15.48,Running
116.66,10,8,0,15,0,0,-0.4592,-1.0185,2.206,-15.22,-359.55,43.17,Running
116.68,20,35,0,0,0,26,-0.5638,-0.8758,1.4352,-10.0,-385.88,44.24,Running
116.7,0,14,10,0,0,0,-0.6111,-0.7005,1.1927,12.72,-390.14,76.02,Running
116.72,37,2,26,0,7,19,-0.5634,-0.7051,0.3274,20.62,-401.25,79.07,Running
116.74,0,4,14,41,0,0,-0.5212,-0.2847,-0.2832,30.19,-348.8,90.62,Running
116.76,39,14,9,12,11,42,-0.45,-0.3451,-0.4573,32.68,-347.37,84.03,Running
116.78,53,76,0,47,0,0,-0.4848,0.26,-0.8947,37.13,-307.6,102.1,Running
116.8,0,24,0,0,0,79,-0.1408,0.5988,-1.071,61.25,-231.62,82.74,Running
116.82,10,13,0,23,4,0,-0.3365,0.6116,-0.6139,56.76,-204.43,72.82,Running
116.84,35,0,21,72,86,24,-0.0822,0.807,-0.7684,81.04,-165.8,103.35,Running
116.86,34,0,8,0,0,0,-0.21,1.0469,-0.4707,68.6,-130.57,66.87,Running
116.88,0,0,52,0,0,4,-0.1301,1.2148,0.8904,68.11,8.8,100.37,Running
116.9,172,0,0,0,28,0,0.191,1.1428,1.5393,65.53,69.5,74.67,Running
116.92,1145,21,0,29,0,0,-0.0118,1.5289,1.8252,45.72,136.43,18.75,Running
116.94,3274,117,30,36,0,0,0.3965,1.6858,2.224,56.83,143.27,2.11,Running
116.96,2924,701,221,0,0,0,0.1431,1.0645,3.472,81.18,225.63,-2.4,Running
116.98,783,1797,843,115,33,3,0.4093,1.1758,2.4275,29.04,284.85,11.57,Running
117.0,61,1965,1684,534,163,0,0.4468,1.0918,2.41,58.48,338.13,-22.47,Running
117.02,56,1002,1536,1777,790,0,0.5542,1.2881,2.2078,36.94,298.17,-37.02,Running
117.04,23,146,609,3403,2382,15,0.6017,1.1207,1.7583,18.03,361.32,-63.98,Running
117.06,0,66,121,3649,3928,4,0.7721,0.6269,1.479,5.17,425.74,-63.36,Running
117.08,74,0,0,2088,3541,313,0.6162,0.6067,0.5966,-10.54,390.52,-71.75,Running
117.1,23,5,27,630,1742,1599,0.6889,0.497,0.1764,-15.74,353.85,-91.26,Running
117.12,0,26,24,154,565,3336,0.6506,0.2503,-0.3498,-32.06,318.15,-70.47,Running
117.14,7,7,0,0,135,2718,0.4053,-0.1012,-0.1677,-56.04,341.1,-93.24,Running
117.16,0,5,0,0,19,852,0.4049,-0.239,-0.8669,-56.05,271.13,-94.98,Running
117.18,0,60,2,27,70,115,0.3232,-0.1919,-1.1306,-47.13,239.57,-83.93,Running
117.2,53,0,28,46,18,71,0.2019,-0.8887,-0.4109,-66.0,181.59,-107.97,Running
117.22,37,0,0,49,6,4,0.0124,-0.9092,-0.239,-84.96,122.82,-101.12,Running
117.24,68,0,10,7,53,45,0.0632,-1.0189,0.12,-64.63,79.6,-59.2,Running
117.26,96,21,0,7,0,0,0.2842,-1.2898,0.8202,-81.77,16.51,-83.03,Running
117.28,0,2,0,71,0,92,-0.2771,-1.1237,1.6394,-86.17,-89.12,-59.18,Running
117.3,0,30,60,0,39,63,-0.2544,-1.4672,2.4366,-78.62,-131.11,-46.72,Running
117.32,0,37,3,54,0,17,-0.304,-1.2592,2.9031,-40.06,-166.37,-19.35,Running
117.34,95,9,0,0,3,9,-0.523,-1.5227,2.8049,-66.35,-258.65,-9.16,Running
117.36,0,0,0,0,0,38,-0.5501,-1.0802,2.7739,-19.22,-301.97,-9.75,Running
117.38,83,0,17,109,22,0,-0.5793,-0.9888,2.5066,-36.23,-313.55,13.51,Running
117.4,55,0,29,0,51,78,-0.6422,-1.1367,2.0563,-9.83,-361.66,24.46,Running
117.42,0,0,38,27,0,0,-0.6565,-0.8641,2.0138,-28.25,-380.52,35.43,Running
117.44,31,24,2,0,7,0,-0.5928,-0.6956,1.3636,-39.23,-401.35,53.24,Running
117.46,82,17,19,62,65,42,-0.6163,-0.6364,0.6522,11.63,-374.62,49.49,Running
117.48,0,0,0,0,24,18,-0.5564,-0.4087,-0.3,24.98,-365.88,59.74,Running
117.5,0,18,7,0,0,60,-0.3798,-0.3391,-0.3344,38.85,-337.71,81.55,Running
117.52,2,0,32,0,51,0,-0.5646,-0.071,-0.8346,34.5,-257.62,95.94,Running
117.54,44,50,0,12,0,48,-0.391,0.4706,-0.7597,57.35,-262.28,114.34,Running
117.56,0,0,31,23,0,0,-0.2128,0.5964,-0.7794,78.28,-222.89,102.98,Running
117.58,0,0,0,0,66,0,-0.2443,0.9765,-0.2568,36.79,-168.28,44.94,Running
117.6,41,0,40,34,77,0,-0.2146,0.9944,0.3847,56.45,-114.2,78.66,Running
117.62,47,25,0,10,0,15,-0.0485,0.878,0.4273,70.06,-44.14,64.03,Running
117.64,112,0,1,0,0,0,-0.0474,0.818,1.0074,78.35,59.13,62.8,Running
117.66,1052,9,17,0,10,25,0.0429,1.4237,1.7305,58.79,55.21,34.56,Running
117.68,3275,147,53,0,0,0,0.3516,1.1923,2.602,69.74,132.72,23.66,Running
117.7,3050,684,193,46,61,15,0.4686,1.322,2.8337,76.62,226.38,22.66,Running
117.72,885,1703,773,55,0,4,0.4367,1.1589,3.1256,54.16,280.18,-25.64,Running
117.74,27,1954,1698,460,147,26,0.5108,1.3388,2.8828,34.97,314.48,-10.68,Running
117.76,0,1073,1550,1771,812,0,0.62,0.8577,2.8746,32.66,331.77,-37.93,Running
117.78,0,218,626,3413,2413,0,0.8491,0.8621,1.8826,26.9,344.39,-43.51,Running
117.8,10,0,136,3632,3841,65,0.6538,0.7978,1.55,-4.71,383.82,-68.11,Running
117.82,38,17,0,2173,3593,239,0.8934,0.4665,0.6802,-1.54,399.48,-57.98,Running
117.84,5,22,0,688,1760,1418,0.5225,0.0634,0.0924,-17.31,381.69,-68.4,Running
117.86,0,6,0,179,485,3222,0.6631,0.2531,-0.5876,-19.49,366.58,-62.87,Running
117.88,13,0,0,0,13,2733,0.5739,0.2554,-0.8074,-43.8,322.01,-92.33,Running
117.9,19,1,35,9,57,964,0.4196,-0.6068,-0.8488,-58.31,272.6,-71.81,Running
117.92,15,36,4,18,5,129,0.4239,-0.2998,-0.7623,-64.12,218.36,-60.82,Running
117.94,13,7,41,29,93,0,0.3104,-0.6656,-0.6606,-58.21,170.64,-107.69,Running
117.96,0,0,23,35,0,0,0.1465,-0.6582,-0.4606,-53.47,144.27,-80.38,Running
117.98,24,0,27,0,0,0,0.0991,-0.8757,0.1097,-89.11,52.24,-96.36,Running
118.0,27,0,57,0,39,0,-0.2164,-0.9171,1.044,-73.89,-21.05,-62.08,Running
118.02,118,14,0,30,0,17,0.1263,-1.2655,1.7324,-96.17,-37.05,-18.02,Running
118.04,0,23,9,101,12,37,-0.2393,-1.0992,2.405,-68.73,-140.87,-43.56,Running
118.06,0,0,51,13,0,0,-0.4919,-1.4678,2.1784,-74.98,-189.75,-26.36,Running
118.08,0,31,0,0,32,3,-0.4776,-1.3753,2.9345,-60.99,-246.97,19.16,Running
118.1,110,44,0,71,0,66,-0.4721,-1.5,2.6815,-60.81,-290.5,-4.73,Running
118.12,0,22,46,0,30,0,-0.3406,-1.3708,2.5882,-19.77,-298.47,9.71,Running
118.14,30,0,11,0,0,19,-0.799,-1.3054,2.7591,-39.84,-361.73,10.06,Running
118.16,0,7,1,12,0,10,-0.7231,-1.1751,2.0017,-6.04,-370.12,55.54,Running
118.18,21,0,0,0,0,51,-0.7193,-1.0054,1.2936,12.06,-355.51,68.1,Running
118.2,63,0,0,0,35,0,-0.6554,-0.3167,0.6846,1.9,-370.68,45.56,Running
118.22,41,0,0,0,15,0,-0.8074,-0.3943,-0.08,18.81,-352.86,83.46,Running
118.24,0,0,39,27,37,40,-0.7914,-0.1314,-0.2815,22.66,-321.75,81.88,Running
118.26,53,0,0,0,25,0,-0.5393,0.182,-1.0728,53.3,-280.68,80.43,Running
118.28,0,11,0,61,29,0,-0.2277,0.3513,-0.5227,46.24,-249.28,111.84,Running
118.3,21,25,0,1,8,33,-0.3242,0.3308,-0.6474,43.83,-226.34,96.44,Running
118.32,0,0,36,28,0,0,-0.3206,1.0464,-0.5094,70.2,-111.69,99.16,Running
118.34,0,25,50,0,0,0,-0.2578,0.9475,0.0224,69.24,-129.65,69.7,Running
118.36,0,9,17,20,0,0,0.0016,1.2114,0.9965,70.71,-23.0,76.2,Running
118.38,73,0,27,0,0,0,0.1852,1.4653,1.3267,86.11,31.83,69.28,Running
118.4,959,0,53,0,0,2,-0.0477,1.2328,1.7642,62.75,103.61,36.42,Running
118.42,3103,140,0,28,31,0,0.2648,1.4212,2.3235,78.67,135.08,31.36,Running
118.44,3102,700,185,0,0,0,0.4475,1.3307,2.6198,63.42,229.64,2.1,Running
118.46,932,1705,779,51,0,0,0.6562,0.7868,3.303,38.15,266.31,36.84,Running
118.48,32,2060,1601,419,119,54,0.4605,1.4308,2.7728,31.67,352.04,-15.56,Running
118.5,0,1111,1585,1666,685,0,0.5426,1.1705,2.4773,18.37,358.24,-35.98,Running
118.52,0,290,698,3272,2205,35,0.572,1.1526,1.8487,12.41,347.95,-48.6,Running
118.54,11,13,167,3611,3838,22,0.523,0.7146,1.7258,16.16,371.36,-41.87,Running
118.56,12,0,8,2189,3656,318,0.6946,0.6488,1.1802,-9.25,390.8,-68.04,Running
118.58,0,14,0,801,1947,1376,0.6698,0.3984,-0.0092,-16.99,345.25,-100.47,Running
118.6,0,0,0,53,569,3221,0.4805,0.3611,-0.4326,-50.83,285.79,-68.05,Running
118.62,0,0,0,64,107,2815,0.6786,0.0507,-0.6888,-53.93,325.01,-96.41,Running
118.64,51,0,0,16,44,988,0.3433,-0.3764,-1.1943,-55.5,306.71,-81.81,Running
118.66,0,0,11,0,0,124,0.4526,-0.6814,-0.6669,-52.44,255.16,-95.25,Running
118.68,0,54,10,0,0,0,0.338,-0.6537,-0.7675,-62.59,175.48,-96.79,Running
118.7,16,0,8,0,12,68,0.1155,-0.5597,-0.1504,-63.56,110.75,-64.72,Running
118.72,0,0,0,0,35,0,0.0059,-1.0432,0.4461,-67.09,27.33,-85.07,Running
118.74,0,22,6,0,43,0,-0.06,-1.1542,1.1005,-62.11,-7.38,-74.24,Running
118.76,47,28,7,33,0,2,-0.1584,-1.3096,2.001,-72.0,-58.09,-41.25,Running
118.78,36,0,0,41,2,65,-0.2387,-1.2478,2.2364,-70.22,-186.09,-22.18,Running
118.8,0,0,64,20,52,16,-0.5264,-1.71,2.0869,-48.47,-158.71,-18.91,Running
118.82,78,19,46,0,0,0,-0.2941,-1.381,2.8693,-47.12,-232.06,21.42,Running
118.84,0,0,30,1,54,5,-0.496,-1.271,3.0504,-36.83,-241.92,-8.54,Running
118.86,0,0,8,0,8,0,-0.5327,-1.4857,2.4972,-44.53,-331.27,8.08,Running
118.88,33,10,14,94,44,79,-0.5666,-1.0429,2.1981,-29.61,-359.51,41.64,Running
118.9,9,0,0,27,0,57,-0.4131,-1.0599,1.7407,0.22,-392.8,71.54,Running
118.92,23,67,0,0,0,14,-0.6864,-0.9876,0.8225,-2.46,-403.74,43.99,Running
118.94,20,68,0,0,0,0,-0.7533,-0.819,0.3374,-1.24,-373.23,68.58,Running
118.96,23,1,5,15,40,93,-0.5433,-0.1778,0.2248,2.52,-354.72,113.3,Running
118.98,0,0,0,0,35,0,-0.4876,-0.4504,-0.5644,65.91,-352.66,76.0,Running
119.0,10,15,23,0,0,44,-0.5978,-0.0569,-0.9322,45.47,-317.13,112.41,Running
119.02,152,0,1,13,0,38,-0.4967,0.4725,-0.9175,57.26,-271.84,92.36,Running
119.04,0,0,8,95,0,0,-0.3396,0.416,-1.0589,81.16,-235.93,46.17,Running
119.06,57,59,0,41,0,18,-0.2669,0.9207,-0.5667,86.08,-167.44,115.21,Running
119.08,0,0,1,10,54,0,-0.0608,0.5934,0.0351,73.36,-99.65,77.02,Running
119.1,82,16,10,11,45,52,-0.2504,1.175,0.4244,69.57,6.66,56.87,Running
119.12,104,0,16,0,70,0,0.1101,0.8929,1.0699,83.88,30.95,53.9,Running
119.14,856,32,0,7,31,54,0.0625,0.935,1.3894,70.61,84.13,63.21,Running
119.16,3071,114,42,0,125,13,0.2385,1.4132,2.1912,92.68,165.14,52.83,Running
119.18,3095,602,161,0,0,23,0.2685,1.3678,2.7689,58.92,204.82,0.5,Running
119.2,986,1656,724,4,46,55,0.4088,1.2844,2.5607,62.23,259.03,12.22,Running
119.22,134,2056,1657,432,169,31,0.5375,1.2138,2.392,57.66,265.03,13.61,Running
119.24,0,1095,1613,1615,745,41,0.6122,1.2996,2.5674,25.64,339.58,-20.87,Running
119.26,13,251,677,3296,2180,50,0.6689,0.9202,2.2824,10.26,343.2,-36.01,Running
119.28,0,56,142,3645,3836,10,0.9137,0.754,1.4333,18.69,364.81,-55.53,Running
119.3,0,0,32,2225,3736,170,0.8039,0.8147,0.9886,-1.54,393.64,-57.9,Running
119.32,43,0,0,817,2007,1376,0.6474,0.529,0.1841,0.25,408.24,-88.1,Running
119.34,22,0,4,46,592,3126,0.5669,0.0313,-0.4367,-24.17,336.56,-84.11,Running
119.36,0,26,0,65,51,2853,0.7249,-0.1268,-0.7996,-57.47,301.77,-106.53,Running
119.38,35,5,0,26,0,1015,0.4535,-0.2364,-0.4472,-47.42,293.34,-108.0,Running
119.4,65,38,51,108,0,130,0.4618,-0.2832,-0.905,-52.49,267.04,-78.49,Running
119.42,19,0,0,49,78,47,0.5639,-0.855,-1.0239,-73.42,180.46,-116.85,Running
119.44,60,8,45,16,0,0,0.1108,-0.8165,0.0874,-85.78,109.78,-80.92,Running
119.46,45,6,29,0,12,33,0.1333,-0.8382,0.4723,-60.56,67.47,-74.02,Running
119.48,0,0,38,39,19,0,0.1409,-1.1941,0.6349,-96.31,-13.62,-51.45,Running
119.5,71,0,16,31,0,12,-0.1104,-1.2976,1.4559,-97.65,-57.8,-76.19,Running
119.52,17,16,19,0,0,0,-0.2292,-1.6459,2.2996,-56.19,-170.48,-43.63,Running
119.54,0,0,66,52,0,0,-0.3843,-1.2722,2.3741,-71.55,-188.06,-43.3,Running
119.56,86,0,10,0,0,0,-0.6359,-1.5069,2.5078,-60.63,-224.21,-16.53,Running
119.58,22,8,15,24,2,0,-0.5041,-1.2134,2.9038,-20.2,-279.26,26.23,Running
119.6,50,0,5,26,9,25,-0.8181,-1.4773,3.0799,-46.98,-308.56,23.93,Running
119.62,0,4,0,0,26,29,-0.7353,-0.9492,2.3559,-27.18,-331.66,43.78,Running
119.64,71,0,23,0,24,0,-0.5548,-1.3129,1.8232,-6.68,-329.59,34.62,Running
119.66,0,5,0,61,19,0,-0.6058,-0.5551,1.0337,-6.01,-418.63,62.45,Running
119.68,61,51,0,36,0,0,-0.4678,-0.5554,0.4711,16.2,-395.58,95.11,Running
119.7,25,0,8,65,12,3,-0.5096,-0.2787,-0.1601,44.3,-383.4,76.84,Running
119.72,0,0,40,0,0,0,-0.4957,-0.2432,-0.293,42.91,-318.91,77.32,Running
119.74,0,13,15,49,73,25,-0.5289,-0.0363,-0.8539,48.3,-322.41,80.83,Running
119.76,0,0,9,0,0,32,-0.3949,0.1765,-0.6978,51.82,-264.62,104.46,Running
119.78,19,0,0,0,52,0,-0.3698,0.3627,-0.8888,76.16,-220.08,86.82,Running
119.8,0,0,0,15,11,0,-0.1479,0.6607,-0.5421,71.65,-166.69,96.12,Running
119.82,79,0,25,45,0,36,-0.2475,0.8975,-0.5646,80.91,-77.43,69.65,Running
119.84,25,0,0,14,0,0,-0.2032,1.1828,0.9311,89.89,-15.5,54.02,Running
119.86,7,0,0,0,22,0,0.105,1.481,1.4168,81.26,29.69,52.77,Running
119.88,947,0,15,0,15,19,0.1562,1.3015,1.6812,42.13,76.32,31.91,Running
119.9,3017,73,0,61,1,0,0.2741,1.5253,2.5164,69.01,129.91,4.33,Running
119.92,3204,634,89,0,12,7,0.3196,1.2878,2.697,55.04,200.92,31.54,Running
119.94,1056,1669,698,56,0,0,0.2253,1.4474,2.6337,61.66,242.29,-4.71,Running
119.96,119,2010,1665,414,108,0,0.432,1.0011,3.1198,24.99,319.62,-21.68,Running
119.98,0,1111,1672,1519,638,11,0.4236,1.1986,2.1904,41.24,329.51,-17.75,Running
120.0,132,46,40,64,120,54,0.0095,0.0083,0.9753,1.19,0.42,0.16,Sitting
120.02,114,59,61,81,101,74,0.011,-0.0134,0.9932,0.76,1.18,-0.26,Sitting
120.04,147,57,38,98,93,60,0.0551,-0.0035,1.0243,-0.09,-0.7,0.34,Sitting
120.06,119,67,38,82,104,55,0.0052,0.0052,0.9913,1.29,-0.44,0.07,Sitting
120.08,115,48,65,95,107,62,0.0111,0.0187,0.9904,0.18,1.25,0.4,Sitting
120.1,112,69,51,85,59,89,0.021,-0.0076,0.9707,-0.19,-0.49,-2.07,Sitting
120.12,89,54,52,117,134,64,-0.0036,0.0374,0.9772,-1.63,-0.11,-0.7,Sitting
120.14,146,38,53,78,136,54,0.0254,0.0241,0.9773,-0.56,0.37,-0.14,Sitting
120.16,123,52,62,73,106,64,0.0433,0.018,1.0099,0.47,-0.01,-0.87,Sitting
120.18,101,57,72,92,93,55,-0.0102,-0.0229,0.9909,-0.35,-1.67,0.09,Sitting
120.2,102,49,27,61,106,63,0.0261,0.0297,1.0031,-1.12,-0.39,-0.12,Sitting
120.22,111,65,48,112,95,75,0.0229,0.0049,1.0118,-0.19,1.05,-0.22,Sitting
120.24,103,81,52,81,111,74,0.0076,0.0154,1.0074,-2.2,0.59,0.11,Sitting
120.26,118,57,41,56,120,71,0.0138,0.0124,1.0089,-0.17,-1.1,0.0,Sitting
120.28,115,100,57,98,65,75,0.0202,-0.0202,1.0032,-0.93,1.26,-0.03,Sitting
120.3,89,50,43,108,138,67,0.0221,-0.0415,1.0124,-0.58,-1.12,0.66,Sitting
120.32,112,34,50,106,111,83,0.0138,0.0431,0.9888,-0.07,-0.6,-0.86,Sitting
120.34,135,87,39,53,101,46,0.0074,-0.0168,0.9976,0.29,-0.06,0.66,Sitting
120.36,78,32,37,96,98,66,0.0349,0.0374,0.9725,0.6,-0.43,-0.93,Sitting
120.38,101,53,54,98,75,83,0.0003,-0.0,0.977,0.76,0.24,-0.47,Sitting
120.4,88,65,41,71,89,80,0.0098,-0.0047,0.9885,-1.41,0.76,-0.24,Sitting
120.42,98,63,69,90,132,76,0.0252,0.0334,0.9833,-0.34,-1.49,0.89,Sitting
120.44,177,62,65,98,97,76,-0.0129,0.0179,1.0085,1.14,-0.43,-0.6,Sitting
120.46,104,73,57,80,126,75,-0.0298,0.018,1.0116,-0.45,0.36,-0.67,Sitting
120.48,121,31,35,65,87,41,0.0143,0.0591,0.9834,-0.46,0.11,0.47,Sitting
120.5,134,85,78,75,107,68,0.0163,0.0086,0.9851,0.25,-0.52,0.6,Sitting
120.52,115,94,68,97,92,77,0.0178,0.0071,1.041,-0.12,-0.18,-0.26,Sitting
120.54,115,46,62,69,134,72,0.0078,0.0139,0.9907,-0.17,1.27,-0.15,Sitting
120.56,84,64,37,100,62,46,-0.0166,0.0418,0.9943,-0.24,0.06,0.81,Sitting
120.58,86,67,28,86,96,60,-0.0114,0.0507,0.9931,-1.34,-0.35,-0.55,Sitting
120.6,124,45,73,103,110,48,0.0159,-0.0076,0.9958,0.15,-0.51,-0.34,Sitting
120.62,128,39,64,81,104,70,0.0206,0.0165,0.9514,-0.01,0.2,0.36,Sitting
120.64,139,81,58,68,130,74,-0.0312,-0.0059,1.0236,0.95,0.53,0.91,Sitting
120.66,120,78,43,113,101,36,0.0186,-0.0085,0.9819,-1.2,1.09,-0.17,Sitting
120.68,108,61,56,101,115,56,-0.0098,0.003,0.9577,1.94,-0.14,0.41,Sitting
120.7,119,74,51,96,74,110,0.017,0.0105,0.9948,1.83,-0.75,0.26,Sitting
120.72,117,69,52,71,106,52,-0.0143,-0.0059,0.9977,0.2,1.28,0.37,Sitting
120.74,115,75,56,100,107,82,-0.0229,-0.0013,0.9909,-0.52,-1.16,-0.02,Sitting
120.76,98,61,66,97,113,81,0.0256,0.0111,0.9543,0.43,-0.71,-0.12,Sitting
120.78,136,68,57,55,128,68,0.0608,0.025,1.0142,1.39,-0.4,-0.38,Sitting
120.8,92,49,43,121,70,88,-0.015,-0.0168,0.9731,0.94,-0.15,-0.19,Sitting
120.82,121,82,27,98,93,99,-0.0006,0.0168,1.0067,0.2,-0.93,0.23,Sitting
120.84,152,93,92,79,110,73,-0.0045,0.0294,0.9675,1.38,0.72,0.11,Sitting
120.86,115,42,46,106,119,90,0.0185,-0.0069,1.0237,-0.46,0.75,1.3,Sitting
120.88,120,58,61,72,128,80,0.0259,0.0036,1.0111,0.96,-1.45,-0.24,Sitting
120.9,149,79,72,105,101,62,0.0119,0.04,0.9863,-0.02,0.61,-0.06,Sitting
120.92,121,43,48,122,77,68,0.0271,0.0479,1.0149,-0.88,-0.28,0.75,Sitting
120.94,139,56,39,93,124,66,0.007,-0.0019,1.0047,-1.3,0.15,0.72,Sitting
120.96,119,52,55,90,110,69,-0.0088,-0.0142,0.9965,-0.24,0.2,-0.87,Sitting
120.98,117,90,56,98,103,89,0.0073,0.0452,0.9666,-0.67,-1.04,0.11,Sitting
121.0,133,48,33,87,73,62,-0.01,0.0158,0.9979,-1.08,0.32,0.82,Sitting
121.02,116,47,25,97,118,67,-0.0179,0.0157,0.9542,-0.33,1.46,-0.17,Sitting
121.04,146,55,34,92,95,77,0.0056,0.0262,0.9748,0.3,0.23,0.66,Sitting
121.06,143,61,54,115,79,53,0.0035,0.0302,0.9819,-0.69,-1.0,-0.97,Sitting
121.08,126,55,25,74,139,72,0.0725,0.014,0.9875,1.01,-0.45,0.31,Sitting
121.1,134,59,55,114,79,74,-0.0045,-0.0184,0.9915,-0.75,-0.07,-0.07,Sitting
121.12,112,65,55,118,100,95,0.0718,0.0298,0.9493,0.15,1.2,-0.46,Sitting
121.14,134,48,68,90,98,47,0.0162,0.0069,1.0152,0.8,0.48,-0.11,Sitting
121.16,127,70,40,80,85,87,0.024,0.0092,0.9899,-0.64,0.23,1.11,Sitting
121.18,78,44,56,99,132,64,0.0246,-0.0155,0.98,-0.45,0.24,1.04,Sitting
121.2,127,63,65,105,118,50,0.0465,-0.0148,0.9928,0.33,-0.19,-0.44,Sitting
121.22,85,49,88,106,98,65,0.0054,-0.0118,0.9874,1.29,-0.78,-0.64,Sitting
121.24,137,67,61,71,91,73,0.0066,-0.0051,0.9653,0.27,0.92,0.39,Sitting
121.26,118,69,93,69,124,41,-0.001,0.0418,0.9974,0.02,1.14,0.61,Sitting
121.28,138,68,36,83,121,68,-0.0028,0.0126,0.9873,-0.03,0.65,-0.31,Sitting
121.3,134,62,41,108,130,44,0.0022,0.0351,0.9882,0.36,0.84,-0.61,Sitting
121.32,112,64,32,84,141,69,0.0204,0.0047,0.974,-1.49,0.73,-0.49,Sitting
121.34,132,53,63,87,124,61,0.0309,0.011,0.993,0.94,0.48,-0.58,Sitting
121.36,141,98,44,105,105,66,-0.0066,0.0161,1.018,-0.49,0.86,-1.36,Sitting
121.38,141,65,34,91,115,50,0.0157,-0.0031,1.0033,0.9,-0.36,0.84,Sitting
121.4,84,59,20,95,81,82,0.0171,0.0363,0.9987,1.21,-0.24,0.06,Sitting
121.42,132,56,37,48,96,34,0.0151,0.0053,0.9941,0.36,1.63,-0.27,Sitting
121.44,95,49,53,65,93,39,0.014,-0.0045,1.0032,-0.69,-0.83,-0.01,Sitting
121.46,96,96,37,102,95,67,0.013,0.0024,0.979,0.02,-0.65,0.73,Sitting
121.48,117,61,26,91,87,70,-0.0127,0.0216,0.9623,-0.1,0.73,0.28,Sitting
121.5,112,19,57,66,108,99,-0.0158,-0.0256,1.0216,-0.76,-0.17,-0.29,Sitting
121.52,127,72,54,91,124,75,-0.003,-0.0042,0.9972,-0.15,0.64,0.42,Sitting
121.54,158,89,60,119,85,63,-0.0266,-0.024,0.9715,0.85,-0.69,0.26,Sitting
121.56,155,69,57,70,76,90,0.0218,0.0187,0.9921,0.5,-0.88,0.02,Sitting
121.58,113,48,63,80,91,89,0.037,0.0364,0.9826,0.03,0.3,-0.09,Sitting
121.6,114,97,41,101,81,65,0.0117,0.0151,1.0011,-1.35,0.32,0.47,Sitting
121.62,140,57,32,101,124,74,0.0106,0.0285,0.9783,-0.1,0.18,0.01,Sitting
121.64,119,76,50,122,110,100,0.003,-0.0089,1.0172,-0.29,-0.54,-1.24,Sitting
121.66,104,72,46,104,96,41,0.0085,0.0229,1.0245,0.35,-1.28,0.22,Sitting
121.68,97,25,61,90,108,68,0.0492,-0.0294,0.9748,0.58,0.08,-0.67,Sitting
121.7,122,63,43,79,101,59,-0.0048,-0.0155,1.0312,1.2,-0.12,0.03,Sitting
121.72,146,48,54,114,83,73,-0.0034,0.0252,1.016,0.6,0.94,0.28,Sitting
121.74,119,51,13,109,124,88,-0.0066,0.0183,1.0105,0.86,-1.0,-0.51,Sitting
121.76,128,59,75,84,106,64,0.003,0.0049,0.9884,0.5,0.22,-1.33,Sitting
121.78,154,66,35,111,109,82,-0.002,0.0195,0.969,-0.09,-0.87,-0.15,Sitting
121.8,99,70,52,103,120,69,0.0223,0.0165,0.9968,0.27,-0.34,-0.93,Sitting
121.82,131,58,78,91,111,64,0.0364,0.0051,0.9898,0.05,1.0,0.41,Sitting
121.84,114,60,64,120,109,63,-0.0237,-0.0012,0.975,-0.5,-1.02,0.44,Sitting
121.86,147,54,49,93,107,53,0.0207,0.0321,0.9766,2.44,1.01,0.45,Sitting
121.88,135,46,60,105,89,86,0.0173,0.0302,0.9876,0.08,0.89,0.27,Sitting
121.9,111,45,50,105,105,83,0.0417,0.018,1.007,-0.02,0.18,0.18,Sitting
121.92,107,34,46,84,154,82,0.015,0.0078,0.9953,-0.22,-0.16,0.42,Sitting
121.94,97,54,66,62,113,76,0.0148,-0.0176,0.968,-1.03,0.8,-0.32,Sitting
121.96,128,59,69,95,113,75,0.0194,-0.0035,0.9926,-1.21,0.24,0.94,Sitting
121.98,124,77,46,91,111,75,0.011,0.0125,0.9867,0.47,-0.45,0.69,Sitting
122.0,110,39,48,47,103,67,0.0324,0.007,1.0004,0.29,0.3,0.27,Sitting
122.02,115,46,39,97,86,42,-0.0042,0.0424,0.9851,1.0,0.06,-0.06,Sitting
122.04,126,60,66,95,85,63,-0.0262,-0.0277,0.9853,0.86,0.4,-0.82,Sitting
122.06,120,43,39,109,86,57,-0.0288,0.0256,0.975,0.67,0.31,0.01,Sitting
122.08,145,47,41,96,138,79,0.0384,0.0293,0.9781,-1.01,-0.41,-0.16,Sitting
122.1,149,55,46,121,112,59,0.0328,-0.0243,1.0048,-0.06,0.67,-0.21,Sitting
122.12,114,41,46,116,111,82,-0.0353,0.0558,0.9807,0.18,0.57,-0.31,Sitting
122.14,96,40,38,55,101,73,0.0288,0.0356,1.0137,-0.26,0.04,-0.88,Sitting
122.16,78,67,34,83,135,79,0.0379,0.0217,0.9629,0.62,0.45,0.27,Sitting
122.18,114,70,45,108,139,79,0.0019,-0.0047,1.0156,0.49,0.05,-0.41,Sitting
122.2,123,43,67,96,121,81,0.0336,0.0046,1.0025,-0.62,0.1,-0.29,Sitting
122.22,125,64,33,85,118,57,0.0255,-0.0332,0.9954,-0.78,0.43,0.59,Sitting
122.24,111,62,61,77,98,77,-0.0318,0.0321,0.9902,0.91,0.2,0.01,Sitting
122.26,103,73,34,75,138,70,0.0186,-0.0478,0.9724,0.47,-1.1,-0.31,Sitting
122.28,109,32,42,58,126,101,0.0039,0.0069,0.9736,0.56,-0.26,-1.13,Sitting
122.3,138,68,72,91,126,87,0.0266,0.015,0.9725,1.17,1.08,0.52,Sitting
122.32,142,46,41,104,111,74,0.0371,-0.0199,0.9904,0.54,-1.17,0.14,Sitting
122.34,109,80,62,108,76,60,-0.0247,0.0055,0.997,-0.13,0.48,-1.17,Sitting
122.36,106,79,42,83,111,57,0.0055,-0.0037,0.9959,0.31,-0.25,-0.07,Sitting
122.38,117,41,64,87,131,81,0.0148,-0.0052,0.9849,-0.83,-0.76,0.02,Sitting
122.4,100,39,32,97,117,90,0.0053,0.0041,1.0092,0.47,-0.49,-0.72,Sitting
122.42,73,49,54,85,144,56,0.013,0.0293,0.9851,-0.71,-1.19,0.72,Sitting
122.44,105,37,46,89,133,47,-0.0402,0.0157,0.9993,1.38,0.6,-0.04,Sitting
122.46,135,60,55,76,115,70,-0.0017,0.0035,0.9783,-0.06,0.74,-0.34,Sitting
122.48,115,75,62,103,121,81,-0.0425,0.0012,0.9612,-0.12,0.38,0.33,Sitting
122.5,124,82,51,85,87,51,0.0075,0.0266,1.0179,1.47,0.29,0.28,Sitting
122.52,123,61,52,79,96,100,0.0308,0.0117,0.9681,-0.57,-0.76,0.15,Sitting
122.54,126,50,59,77,85,98,0.014,-0.0028,0.9955,0.74,0.78,0.01,Sitting
122.56,137,83,70,82,117,66,-0.0186,-0.0138,0.9861,0.57,1.62,0.76,Sitting
122.58,125,75,56,100,134,77,0.0028,-0.0069,1.0431,-0.35,0.53,0.89,Sitting
122.6,61,89,40,90,111,58,0.0223,0.0125,0.9695,0.19,-0.98,-0.04,Sitting
122.62,119,43,57,73,111,51,0.0139,0.0068,0.9958,-0.02,-0.06,0.44,Sitting
122.64,132,66,76,79,100,48,0.0337,0.0143,0.9646,-0.53,-0.82,0.07,Sitting
122.66,121,55,65,96,133,51,-0.0087,0.0142,1.0013,0.58,0.69,0.81,Sitting
122.68,103,77,52,97,72,85,0.048,-0.0033,0.9941,-0.94,1.09,-0.72,Sitting
122.7,90,61,46,70,101,66,-0.0195,0.0105,1.0038,-0.6,-0.76,0.41,Sitting
122.72,146,54,41,75,105,75,0.004,-0.0131,1.0089,-0.89,0.92,-1.31,Sitting
122.74,135,61,64,108,94,43,-0.0029,-0.0252,0.995,-0.64,-0.18,0.79,Sitting
122.76,127,40,46,80,95,58,0.0255,0.012,0.999,-0.31,-0.31,0.48,Sitting
122.78,98,53,31,94,95,59,-0.0045,0.0438,1.0155,-0.5,0.14,0.93,Sitting
122.8,159,51,73,74,117,65,-0.0041,0.0233,0.9916,-0.38,-0.67,0.6,Sitting
122.82,104,64,34,97,112,79,0.0124,0.0237,0.9769,0.61,-0.6,0.14,Sitting
122.84,105,56,28,86,93,55,0.0151,0.0188,0.982,-0.39,-0.89,-0.18,Sitting
122.86,98,51,63,67,73,63,-0.0033,0.03,1.0066,0.66,0.05,0.03,Sitting
122.88,117,47,53,80,89,66,0.0125,0.0001,1.0042,-0.68,1.42,-1.95,Sitting
122.9,152,43,59,92,91,57,-0.0021,0.0211,0.9926,0.61,0.38,-0.28,Sitting
122.92,88,62,59,106,100,56,0.0064,0.0153,0.9986,0.42,-0.77,-0.1,Sitting
122.94,79,56,54,71,96,81,-0.0186,-0.0233,0.9436,0.04,-0.7,-0.48,Sitting
122.96,101,53,50,92,109,82,0.0097,-0.0042,0.9678,-0.87,-1.33,0.47,Sitting
122.98,132,67,70,119,93,64,0.0407,-0.0056,1.0027,-1.34,-0.86,0.22,Sitting
123.0,119,52,61,110,97,87,-0.0069,0.0301,0.9755,0.24,0.72,-0.9,Sitting
123.02,124,37,38,35,88,82,0.0435,0.0426,0.9722,0.75,1.59,0.25,Sitting
123.04,115,51,45,97,126,80,0.0343,0.0043,1.0202,-0.23,-0.05,-0.05,Sitting
123.06,128,58,46,112,88,88,0.0334,-0.0099,0.9819,-0.22,0.09,-0.23,Sitting
123.08,162,47,88,71,112,48,-0.0094,-0.0103,1.0053,-0.31,0.95,0.14,Sitting
123.1,133,35,56,74,86,87,0.0306,-0.0137,0.9622,0.38,-0.2,0.46,Sitting
123.12,169,77,59,100,117,66,0.0511,0.0488,1.024,-1.65,1.7,0.48,Sitting
123.14,110,76,52,77,97,77,0.0238,0.0217,0.9854,-0.11,-0.68,-1.0,Sitting
123.16,131,57,68,89,119,66,0.0161,0.0245,0.9913,-1.11,-0.31,-0.32,Sitting
123.18,140,77,56,97,101,60,0.0082,-0.0052,0.9777,-1.06,-0.45,0.11,Sitting
123.2,104,66,28,60,88,74,0.0156,0.0065,0.9491,-0.28,0.3,0.34,Sitting
123.22,100,50,41,75,112,58,0.0288,0.0261,0.9866,-1.31,0.05,0.78,Sitting
123.24,117,84,12,74,135,62,0.0284,0.0081,1.0151,0.2,-0.0,1.69,Sitting
123.26,109,31,41,83,95,70,0.0367,0.0063,0.9853,0.49,-1.4,-0.16,Sitting
123.28,125,73,28,79,100,74,0.022,-0.0068,0.9984,-0.6,0.16,-0.52,Sitting
123.3,127,80,60,71,117,82,0.0004,-0.0024,1.0067,-0.6,0.45,-0.72,Sitting
123.32,105,43,44,112,85,64,-0.0078,0.0115,0.9662,0.99,-1.67,0.73,Sitting
123.34,132,69,57,97,98,56,-0.0001,-0.0317,1.008,2.04,0.84,-0.26,Sitting
123.36,112,72,72,87,92,73,0.0233,-0.0053,1.0174,0.37,-0.15,0.14,Sitting
123.38,148,70,24,86,123,88,0.0309,0.0087,0.9993,-0.11,0.39,0.44,Sitting
123.4,124,79,21,46,106,83,0.0085,-0.0015,0.9816,0.08,0.26,0.63,Sitting
123.42,127,57,76,97,86,60,0.0169,0.0282,1.0145,0.57,0.28,0.74,Sitting
123.44,126,67,48,83,80,74,-0.0019,0.0013,1.0083,0.72,0.52,-0.81,Sitting
123.46,120,47,46,55,101,54,0.0396,0.0082,0.9676,0.18,0.3,0.79,Sitting
123.48,106,65,55,71,128,52,-0.0088,0.0172,1.0246,0.9,0.67,0.22,Sitting
123.5,119,65,55,107,124,69,-0.0017,0.0119,0.9915,0.62,0.23,0.22,Sitting
123.52,136,62,72,80,89,57,-0.0025,0.0433,0.9753,-0.92,1.57,-0.57,Sitting
123.54,114,64,40,104,99,91,0.0053,-0.0074,0.9767,-0.77,1.86,0.45,Sitting
123.56,145,85,55,61,112,60,0.0053,0.0356,1.015,-1.48,-0.03,-0.78,Sitting
123.58,122,66,49,80,111,65,-0.0028,-0.0121,0.9474,0.24,1.18,-0.52,Sitting
123.6,140,50,41,111,103,61,0.0001,-0.0064,0.9605,0.08,-0.7,0.03,Sitting
123.62,145,61,36,65,116,68,-0.0108,0.021,0.9346,0.05,-1.01,-0.21,Sitting
123.64,119,57,26,88,130,96,0.0042,-0.0065,0.9948,0.28,0.63,0.66,Sitting
123.66,118,71,78,60,93,69,0.0101,-0.0178,1.0418,-0.0,0.24,-1.18,Sitting
123.68,90,69,58,97,115,98,0.0009,-0.0132,0.9646,0.7,-1.11,0.33,Sitting
123.7,106,73,37,88,122,85,0.0301,0.0421,0.982,0.79,-0.57,1.28,Sitting
123.72,149,66,34,72,113,61,-0.0135,0.0364,1.0187,0.31,1.5,1.51,Sitting
123.74,134,63,32,89,118,70,-0.0087,-0.012,0.9845,-0.49,-0.1,0.36,Sitting
123.76,128,77,40,80,75,75,0.0142,0.0453,0.9739,1.07,0.35,-0.3,Sitting
123.78,130,84,69,103,133,88,-0.0112,0.0186,1.0021,0.92,-0.74,0.04,Sitting
123.8,157,60,67,90,94,54,-0.0415,0.0068,0.9714,0.12,0.1,0.65,Sitting
123.82,120,31,55,87,85,72,0.0331,0.0145,0.9996,-1.0,0.7,0.58,Sitting
123.84,122,77,40,79,115,66,0.0501,-0.011,1.0065,0.68,0.1,-0.08,Sitting
123.86,118,61,50,88,93,58,0.0318,-0.002,0.977,0.93,-1.27,-0.2,Sitting
123.88,126,42,56,91,112,74,0.007,-0.003,0.9591,0.56,2.11,0.73,Sitting
123.9,133,84,73,57,60,51,0.0091,0.0312,1.0047,0.34,0.41,0.43,Sitting
123.92,109,57,36,104,124,73,0.0047,0.0224,0.9465,0.47,0.75,-1.96,Sitting
123.94,101,64,55,106,104,87,-0.0174,0.0013,0.9712,-0.15,-1.17,-0.15,Sitting
123.96,82,51,55,98,109,67,0.0382,-0.0029,0.9652,-0.05,0.02,0.82,Sitting
123.98,102,53,72,92,136,93,0.0421,0.0226,0.9718,0.65,0.16,-0.28,Sitting
124.0,153,82,60,73,98,47,-0.0058,-0.0136,1.0204,0.85,-0.63,-0.8,Sitting
124.02,102,63,71,66,83,96,-0.0081,-0.021,0.9951,1.61,0.44,1.21,Sitting
124.04,109,56,75,62,106,70,-0.0108,0.0256,0.9882,0.39,-0.47,-0.56,Sitting
124.06,114,52,42,86,119,83,0.0503,0.0283,0.9794,0.73,-1.14,-1.04,Sitting
124.08,130,41,44,64,101,68,-0.004,-0.0027,0.9838,0.5,0.68,0.38,Sitting
124.1,129,58,46,66,89,48,0.001,0.0101,1.0043,-0.37,-1.68,0.14,Sitting
124.12,91,77,52,70,73,82,0.0139,-0.0115,0.9765,0.41,0.91,0.08,Sitting
124.14,140,66,35,102,114,75,0.0262,0.0045,0.9804,0.67,-0.13,-0.76,Sitting
124.16,140,60,52,72,106,87,-0.0256,0.0456,0.9967,-0.71,0.31,0.51,Sitting
124.18,120,55,48,77,104,39,-0.0016,-0.0182,1.0026,1.04,1.03,-0.26,Sitting
124.2,121,84,58,93,59,49,0.028,0.0092,1.0045,-0.48,0.35,0.06,Sitting
124.22,96,70,59,101,94,83,0.0178,-0.0111,1.0188,-0.39,0.08,0.72,Sitting
124.24,160,60,31,95,101,77,-0.0336,-0.0019,0.975,-0.51,-0.69,0.87,Sitting
124.26,142,49,35,91,121,63,0.02,0.0105,0.9776,-0.56,-0.49,-0.16,Sitting
124.28,123,53,52,89,102,66,-0.0166,0.0454,0.9852,-1.36,0.02,-0.31,Sitting
124.3,119,61,37,114,81,43,-0.0283,0.0377,0.9719,-0.43,-0.76,-0.39,Sitting
124.32,99,59,24,79,93,68,0.0152,-0.0076,1.0293,-0.83,1.02,0.77,Sitting
124.34,139,68,68,104,115,71,0.0127,0.0129,0.9921,0.5,-0.45,-0.28,Sitting
124.36,120,40,32,95,120,59,0.0158,0.0159,0.9655,-1.89,0.61,0.59,Sitting
124.38,109,63,65,79,95,83,0.0109,0.0044,1.0034,0.09,1.0,0.13,Sitting
124.4,107,66,33,84,90,53,0.0193,-0.0047,0.9878,-1.03,-0.57,0.53,Sitting
124.42,117,40,28,86,107,63,-0.0004,0.0124,1.0038,0.96,0.24,0.95,Sitting
124.44,129,50,51,87,115,72,-0.0089,0.0144,0.9664,-0.24,-0.36,-0.37,Sitting
124.46,109,82,48,82,126,64,0.0368,0.0146,0.9957,0.89,-0.09,0.87,Sitting
124.48,92,63,43,72,89,69,-0.0041,0.0246,0.9935,-1.94,-1.5,-0.1,Sitting
124.5,82,72,55,89,99,32,0.0045,0.0426,0.9785,-0.84,0.01,0.23,Sitting
124.52,134,63,36,106,122,76,-0.0238,0.0042,0.9982,-0.09,0.74,0.48,Sitting
124.54,110,102,47,90,120,68,0.0401,0.0241,1.0153,0.91,0.26,-0.02,Sitting
124.56,141,60,59,90,67,45,0.0411,-0.0086,0.9906,0.56,0.36,0.5,Sitting
124.58,136,32,50,81,128,88,0.0181,-0.0017,1.0271,-0.44,-0.65,-0.12,Sitting
124.6,147,33,25,89,115,56,0.0285,0.0101,0.9332,1.48,0.35,-0.77,Sitting
124.62,97,49,56,75,111,99,-0.0028,0.0392,1.0173,1.61,-0.54,-0.57,Sitting
124.64,138,67,68,62,110,81,0.0061,0.0568,0.9506,0.54,-0.02,-0.47,Sitting
124.66,90,48,55,121,85,89,0.0164,0.0128,0.9858,-0.43,0.38,-0.05,Sitting
124.68,126,27,36,77,82,45,0.036,0.0073,0.9918,-0.21,0.08,0.08,Sitting
124.7,117,67,31,77,91,55,0.0234,-0.0188,0.9909,0.05,0.11,-0.07,Sitting
124.72,120,78,38,96,120,68,0.0092,0.0223,0.9651,-0.77,-0.95,0.9,Sitting
124.74,99,63,40,92,96,45,0.0208,0.0197,0.987,1.13,-0.37,-0.47,Sitting
124.76,119,36,53,53,114,63,-0.0021,0.0021,0.9774,0.33,-1.19,-0.38,Sitting
124.78,123,17,40,116,105,69,0.0062,0.0371,0.9674,1.21,0.62,0.53,Sitting
124.8,122,83,66,104,104,88,-0.0408,0.021,1.0081,0.21,1.87,-0.49,Sitting
124.82,128,51,66,88,98,78,0.0133,-0.0137,0.9914,-0.85,-0.35,-0.66,Sitting
124.84,118,41,42,100,91,65,-0.0006,0.0205,1.0103,-0.55,0.89,-0.82,Sitting
124.86,176,44,41,111,94,42,-0.053,0.0104,1.0044,-0.73,-0.54,0.14,Sitting
124.88,135,64,73,86,121,64,0.0162,0.0514,1.0203,-0.37,0.17,-0.43,Sitting
124.9,108,70,43,63,102,103,-0.001,0.009,1.0184,0.69,-0.36,-0.94,Sitting
124.92,151,50,83,120,87,61,0.0155,0.0018,1.004,-0.07,0.06,0.43,Sitting
124.94,110,62,43,103,89,90,0.0154,0.0076,1.0058,-0.12,-0.33,-0.59,Sitting
124.96,105,27,40,110,74,94,0.0207,0.0057,0.9718,1.5,0.49,-0.12,Sitting
124.98,146,52,53,101,118,79,0.0379,0.0073,0.9951,-1.26,0.41,-0.23,Sitting
125.0,115,26,48,105,90,70,0.0247,0.0302,1.0005,0.52,-0.61,1.12,Sitting
125.02,134,67,57,81,134,80,0.0114,0.0037,1.0082,-0.06,-0.18,-0.28,Sitting
125.04,161,65,38,105,83,80,-0.0116,0.0261,0.971,0.22,-0.32,0.16,Sitting
125.06,123,35,43,70,111,75,-0.0021,0.0077,0.9748,-0.44,-0.03,0.05,Sitting
125.08,111,54,53,125,80,42,-0.0019,0.0185,0.9799,0.45,-0.12,-0.11,Sitting
125.1,83,58,35,102,82,56,-0.0245,0.0108,1.0087,-0.65,-0.0,0.26,Sitting
125.12,100,77,25,122,92,64,0.0123,0.0337,0.9786,0.97,-0.05,-0.45,Sitting
125.14,92,51,72,93,99,72,-0.0232,-0.0323,0.9735,1.22,-0.08,1.4,Sitting
125.16,133,32,69,75,107,99,0.0057,-0.0087,0.9691,0.34,-1.02,-0.05,Sitting
125.18,129,73,54,80,142,73,0.0033,0.0107,0.9879,-0.21,1.07,0.5,Sitting
125.2,98,34,48,103,98,72,0.0142,0.0076,0.9706,-0.54,-0.21,-0.22,Sitting
125.22,114,79,53,71,73,72,0.0261,0.0317,0.9782,1.19,-0.82,-0.26,Sitting
125.24,136,55,44,85,91,65,0.0059,0.0011,0.9852,0.77,-1.2,-0.27,Sitting
125.26,112,59,55,105,108,74,0.0162,-0.0122,0.9482,-0.19,-0.73,0.82,Sitting
125.28,120,57,52,81,80,76,0.0308,-0.0016,1.0,-1.2,0.32,1.16,Sitting
125.3,84,60,55,46,99,48,-0.0204,-0.0265,0.971,0.03,-0.77,0.29,Sitting
125.32,103,55,65,45,118,90,0.019,-0.0181,0.984,0.33,2.01,0.65,Sitting
125.34,129,54,81,97,120,67,-0.0027,0.0358,0.9783,0.43,-0.78,-0.96,Sitting
125.36,117,42,61,60,130,70,0.0294,-0.014,0.9762,0.63,-0.84,0.19,Sitting
125.38,85,42,45,96,112,72,0.0094,-0.0149,0.9794,-0.3,0.1,-0.54,Sitting
125.4,104,32,59,103,128,84,-0.0075,0.0324,1.0222,-0.51,0.45,0.29,Sitting
125.42,105,78,39,116,118,61,0.05,0.0247,0.991,0.79,-0.93,0.63,Sitting
125.44,121,71,31,96,85,73,-0.013,0.0097,0.9784,-0.43,0.36,-0.52,Sitting
125.46,110,70,51,108,102,72,0.0123,0.0035,1.0172,-1.08,1.02,0.53,Sitting
125.48,101,56,43,129,101,72,-0.0088,0.0054,1.0022,1.28,0.69,-0.94,Sitting
125.5,104,73,92,107,105,79,-0.0186,0.0157,0.9784,-0.31,-0.29,0.33,Sitting
125.52,101,66,56,92,101,93,0.0203,0.0316,1.013,0.56,0.06,0.92,Sitting
125.54,108,55,31,74,95,89,0.0196,0.0069,0.9666,0.78,-1.17,-0.49,Sitting
125.56,86,51,46,94,85,86,-0.0031,0.0124,0.9944,-0.47,-0.31,-0.66,Sitting
125.58,116,84,63,107,89,88,0.025,0.0104,0.9809,2.24,-0.4,-1.12,Sitting
125.6,125,44,46,96,113,56,0.0084,0.0158,1.0007,0.35,-2.22,0.29,Sitting
125.62,130,43,27,125,61,92,-0.0314,-0.0109,0.9955,-0.45,-1.24,0.6,Sitting
125.64,107,54,45,75,134,73,-0.0527,-0.007,0.9869,0.16,0.4,-0.79,Sitting
125.66,98,58,32,98,104,72,0.039,0.0195,0.987,0.93,0.06,0.27,Sitting
125.68,121,76,72,90,99,65,-0.0012,-0.0185,1.0129,-0.7,-1.27,-1.17,Sitting
125.7,132,71,48,69,137,80,0.0671,-0.0118,1.017,0.42,-0.54,-0.85,Sitting
125.72,106,57,60,108,108,61,0.0155,0.0512,0.9621,0.86,0.46,-0.89,Sitting
125.74,111,34,38,86,132,78,0.063,-0.0031,0.9959,-0.39,-0.66,-0.48,Sitting
125.76,122,58,47,110,96,107,-0.0036,-0.0129,0.9791,0.55,0.75,-0.84,Sitting
125.78,86,70,48,98,100,75,0.0058,0.0204,1.0103,-0.67,0.91,0.66,Sitting
125.8,111,62,36,79,91,82,-0.0038,0.0115,0.9753,-0.44,0.1,-0.29,Sitting
125.82,106,38,45,78,109,55,0.0062,-0.0062,0.9619,0.09,0.29,0.63,Sitting
125.84,140,58,26,110,79,73,0.024,0.0273,1.0057,1.08,-0.4,-0.97,Sitting
125.86,124,40,33,51,87,51,-0.0105,0.0073,0.9726,0.91,0.11,0.66,Sitting
125.88,108,42,54,114,119,79,0.0295,0.0199,0.9701,-0.24,1.18,-0.07,Sitting
125.9,112,56,32,83,70,93,-0.0153,0.0068,0.9893,0.88,-0.0,-1.56,Sitting
125.92,126,47,65,91,82,69,-0.0248,-0.0061,0.9814,-0.66,-1.17,-0.09,Sitting
125.94,151,68,53,97,102,45,0.0245,0.0219,0.9743,0.61,0.61,0.02,Sitting
125.96,111,44,44,80,90,72,0.0172,0.0174,0.9674,-0.22,1.18,0.03,Sitting
125.98,112,62,77,126,131,67,0.0406,-0.0078,0.9745,-0.26,0.2,0.05,Sitting
126.0,153,72,50,123,72,84,-0.0001,0.006,1.0313,0.57,0.78,0.35,Sitting
126.02,108,78,34,84,116,59,-0.0116,-0.0039,1.0239,0.91,0.6,-0.52,Sitting
126.04,130,47,35,85,107,67,0.0304,0.0114,1.0154,-0.04,-0.45,-0.58,Sitting
126.06,126,56,71,62,69,59,-0.0234,-0.0124,0.9893,-1.54,-0.88,-0.43,Sitting
126.08,129,69,77,98,78,64,0.0324,0.0305,0.9814,1.05,0.59,-0.53,Sitting
126.1,137,60,27,87,97,82,-0.0078,-0.0164,1.0292,0.38,0.95,-0.2,Sitting
126.12,87,94,50,70,95,69,-0.0119,-0.0011,1.0131,-1.03,0.92,-0.34,Sitting
126.14,136,57,78,73,98,89,0.001,-0.0131,0.9936,0.09,-0.71,0.71,Sitting
126.16,144,75,63,101,83,55,0.0059,-0.0339,0.9792,-0.88,0.64,-0.27,Sitting
126.18,119,81,67,116,111,56,0.0379,0.0095,0.9578,-0.63,0.71,0.44,Sitting
126.2,74,41,48,75,92,74,0.0099,-0.0233,1.0045,0.2,-0.1,0.18,Sitting
126.22,122,71,34,112,100,83,-0.0161,0.0433,1.0193,0.8,0.83,0.12,Sitting
126.24,112,48,90,92,86,59,0.0104,0.0078,1.0023,0.04,0.07,0.55,Sitting
126.26,119,60,36,80,90,54,-0.0016,0.0517,1.0016,-0.97,0.08,-0.2,Sitting
126.28,152,58,68,94,95,38,0.0088,0.0068,0.9879,0.13,0.41,-0.35,Sitting
126.3,117,74,40,70,94,64,0.0271,-0.0209,0.9596,0.92,0.14,-0.3,Sitting
126.32,96,82,46,80,102,105,-0.0221,0.0312,1.0153,0.35,-0.35,0.43,Sitting
126.34,118,52,66,57,112,74,0.0332,-0.0032,0.9837,2.76,-0.16,0.52,Sitting
126.36,119,71,61,101,114,50,-0.0027,0.0081,0.9882,1.86,-0.16,0.29,Sitting
126.38,95,60,56,71,132,82,-0.0037,0.0199,1.004,1.42,-0.14,0.14,Sitting
126.4,116,68,53,103,100,84,0.0357,0.0053,0.9922,-0.15,0.21,-0.58,Sitting
126.42,143,64,56,55,131,47,0.0173,0.0112,1.0043,0.94,0.13,-1.12,Sitting
126.44,106,65,56,109,78,75,0.0242,0.0513,1.0023,1.0,1.04,0.01,Sitting
126.46,119,44,27,104,97,54,-0.0322,0.0347,1.0087,1.17,-0.59,0.32,Sitting
126.48,115,53,39,106,91,77,0.0221,0.034,1.0182,-1.71,0.47,-0.43,Sitting
126.5,135,35,45,57,123,78,0.0451,-0.0077,0.9996,0.29,0.51,0.16,Sitting
126.52,138,78,51,85,112,69,0.0233,0.0196,0.9962,-0.13,1.2,-0.22,Sitting
126.54,82,64,48,83,110,71,-0.0038,-0.0333,0.9943,-0.34,-0.62,-0.06,Sitting
126.56,134,65,28,96,118,79,0.0343,-0.0176,0.9926,0.24,0.7,0.5,Sitting
126.58,85,59,73,107,112,78,0.0192,0.0268,0.9916,-0.91,0.15,0.26,Sitting
126.6,146,50,47,97,93,81,-0.0114,0.0109,1.0131,-0.66,-1.17,-0.27,Sitting
126.62,109,67,38,76,104,46,0.0276,0.0105,0.9762,0.27,0.05,0.53,Sitting
126.64,116,56,46,99,109,52,0.0148,-0.0038,0.9641,-1.31,1.34,0.63,Sitting
126.66,82,65,49,86,63,55,0.0103,0.0127,1.0253,0.04,1.07,-0.49,Sitting
126.68,78,65,63,79,106,51,0.0326,0.0366,0.9954,-0.22,-0.08,-0.16,Sitting
126.7,103,76,29,91,76,65,0.0058,0.009,0.9901,-0.69,-0.05,-1.1,Sitting
126.72,125,63,55,83,117,97,0.0328,0.0119,1.0123,0.82,-0.07,-0.18,Sitting
126.74,117,52,57,104,122,48,0.0185,-0.0167,0.9927,-0.37,0.43,-0.16,Sitting
126.76,94,65,54,86,92,74,0.0045,0.0156,0.9987,1.27,0.31,-0.17,Sitting
126.78,121,60,44,97,110,65,0.0131,-0.0106,0.9904,-1.41,1.33,0.09,Sitting
126.8,159,60,50,76,94,58,0.0406,0.0361,1.0045,-0.71,0.76,0.24,Sitting
126.82,109,68,37,112,109,51,0.0494,-0.0035,0.969,0.39,-1.51,-0.4,Sitting
126.84,138,29,48,82,99,84,0.0141,0.0314,1.0081,-0.58,0.66,-0.53,Sitting
126.86,109,46,53,117,66,59,0.021,0.0021,0.9898,-0.73,-1.24,-0.8,Sitting
126.88,109,78,45,91,120,91,-0.0226,-0.0008,0.9877,-0.21,0.13,-0.64,Sitting
126.9,99,51,78,64,109,76,0.0107,-0.0095,1.0301,-0.13,-1.34,-0.76,Sitting
126.92,83,65,40,68,96,42,-0.0244,-0.0044,0.9781,0.4,0.58,-0.1,Sitting
126.94,101,35,34,81,86,65,0.0172,0.0347,0.9753,0.26,0.84,0.73,Sitting
126.96,112,44,51,85,80,79,0.0257,0.0035,0.9925,0.47,1.16,0.83,Sitting
126.98,144,32,30,99,107,78,0.0107,0.0316,0.9778,0.21,1.12,1.18,Sitting
127.0,101,55,39,87,119,56,-0.0155,0.0189,0.9422,-0.39,-0.18,-0.2,Sitting
127.02,123,55,56,91,117,67,0.0091,0.0198,1.0003,0.13,-0.32,-0.28,Sitting
127.04,149,61,41,94,95,42,-0.0164,-0.0043,0.9924,-0.38,-1.41,-0.2,Sitting
127.06,131,68,61,114,125,65,0.0458,-0.0102,0.9807,0.17,0.29,-0.77,Sitting
127.08,98,91,44,93,114,56,-0.0296,-0.0041,0.9583,-1.05,0.06,-0.02,Sitting
127.1,99,80,41,76,130,68,0.0135,0.0067,0.9959,-0.79,-0.09,-0.35,Sitting
127.12,141,61,58,92,66,84,-0.0186,0.0124,0.9903,0.91,0.62,-0.23,Sitting
127.14,134,73,82,104,121,70,-0.0101,0.0056,0.9915,-0.91,-0.81,-0.78,Sitting
127.16,111,57,61,79,116,61,-0.0021,-0.0243,1.0018,-1.33,0.3,0.39,Sitting
127.18,135,42,38,103,98,80,0.0119,0.0181,0.9994,-0.12,-0.42,0.51,Sitting
127.2,119,61,73,102,135,76,-0.0326,0.028,0.9883,0.07,0.05,0.01,Sitting
127.22,71,44,65,98,117,35,-0.0132,0.011,0.9865,-0.4,-0.52,0.71,Sitting
127.24,125,77,31,85,123,75,0.0121,0.0062,0.9756,0.8,0.43,0.72,Sitting
127.26,84,44,67,80,109,70,0.0328,0.0126,1.0242,-0.14,-2.12,-0.61,Sitting
127.28,119,63,66,113,101,60,0.0274,0.0062,1.001,0.2,-0.75,0.33,Sitting
127.3,109,47,62,114,109,114,0.0012,0.0169,1.0056,1.54,0.46,0.11,Sitting
127.32,116,50,38,106,120,46,0.0007,-0.0182,0.9398,-0.69,0.28,-0.41,Sitting
127.34,124,40,54,87,101,48,0.0193,0.0113,0.9749,1.78,-0.26,-0.1,Sitting
127.36,143,58,49,64,82,102,0.0015,0.0243,0.9985,0.77,-0.4,0.74,Sitting
127.38,141,48,44,98,77,76,-0.0062,0.0206,0.9947,-0.16,-0.79,0.07,Sitting
127.4,122,53,50,94,90,74,-0.0146,0.0102,0.9531,-0.41,-0.11,0.38,Sitting
127.42,125,56,52,79,124,71,0.0181,0.024,0.9934,-0.94,0.84,-0.75,Sitting
127.44,159,64,49,115,136,70,0.0253,0.0065,0.9882,0.96,-0.82,0.46,Sitting
127.46,117,53,58,70,135,46,0.0355,-0.0116,0.9574,-0.58,0.56,-0.71,Sitting
127.48,158,74,75,74,115,78,0.0042,0.0143,0.9968,-1.1,-1.59,0.43,Sitting
127.5,142,59,62,124,102,79,0.0378,0.0182,1.0275,-0.41,1.23,-0.2,Sitting
127.52,102,43,44,51,61,70,0.011,0.0044,1.0021,-0.33,0.45,-0.88,Sitting
127.54,112,55,57,108,110,90,0.0429,-0.0087,1.004,0.91,0.5,-1.17,Sitting
127.56,172,84,44,102,101,62,0.0238,-0.0117,0.9782,-0.68,-0.4,0.01,Sitting
127.58,140,65,47,71,89,63,0.0364,-0.0002,0.9928,0.27,0.51,-1.29,Sitting
127.6,163,38,41,83,73,72,-0.0172,-0.0141,1.0082,-0.75,0.42,0.85,Sitting
127.62,127,58,54,70,100,79,-0.01,0.0243,0.9775,1.22,-0.55,-0.19,Sitting
127.64,124,52,57,95,83,78,0.0167,-0.0014,0.9501,1.51,0.13,0.31,Sitting
127.66,141,53,23,68,101,50,0.0091,-0.0251,0.9826,-0.8,-0.14,0.05,Sitting
127.68,146,30,53,80,104,56,0.0192,0.0384,1.0051,-0.06,0.61,0.2,Sitting
127.7,138,51,47,107,86,65,0.0279,0.0157,1.0165,-0.02,0.62,-0.25,Sitting
127.72,148,35,55,69,86,65,-0.009,0.007,0.9901,-0.13,-1.2,-0.61,Sitting
127.74,132,84,40,95,76,80,0.0112,0.0437,0.9962,-1.23,0.01,-0.16,Sitting
127.76,120,62,87,84,72,72,-0.002,0.0312,0.9901,-0.08,-0.23,-0.01,Sitting
127.78,111,51,51,81,135,81,0.019,0.0182,1.0429,0.1,0.13,-0.69,Sitting
127.8,125,64,75,104,88,93,0.0405,0.0102,0.9925,1.12,-1.29,-0.36,Sitting
127.82,117,60,42,78,72,86,-0.0072,0.0291,0.9753,0.79,-0.39,0.17,Sitting
127.84,110,69,50,101,84,63,-0.0145,0.0297,0.9908,-0.73,-0.5,0.16,Sitting
127.86,122,58,54,97,103,37,-0.0271,0.0309,0.9947,1.48,-0.17,-0.16,Sitting
127.88,149,54,54,83,67,73,0.0214,-0.0239,0.9949,-0.98,-0.97,0.05,Sitting
127.9,77,65,64,89,117,78,0.0151,-0.0077,0.9638,-0.4,-0.6,1.03,Sitting
127.92,107,36,58,133,121,71,-0.0,0.0158,0.9996,-0.1,0.94,-0.61,Sitting
127.94,109,63,76,92,107,78,0.0031,-0.0035,0.9541,-0.37,0.38,-0.83,Sitting
127.96,145,85,47,69,98,69,0.0357,-0.0122,0.9795,0.18,0.54,0.99,Sitting
127.98,101,91,63,112,127,53,0.0252,-0.0156,0.9923,-2.03,-1.23,-0.28,Sitting
128.0,130,47,58,71,107,43,0.0029,-0.0112,0.9904,0.95,-1.23,-0.35,Sitting
128.02,109,69,24,66,104,78,0.0212,0.0018,1.0042,1.58,-0.45,0.78,Sitting
128.04,86,64,58,93,111,45,-0.0073,0.02,0.9963,-0.89,-0.22,-0.46,Sitting
128.06,143,61,71,115,85,32,-0.0275,0.0397,0.9775,0.35,0.75,0.12,Sitting
128.08,107,57,42,74,133,75,0.0266,0.0338,0.9627,-0.98,0.34,-0.56,Sitting
128.1,115,59,15,79,102,72,-0.0004,-0.0146,1.0002,0.15,-0.75,0.45,Sitting
128.12,161,62,47,94,105,91,0.0007,0.0428,0.9355,0.82,-0.1,-0.58,Sitting
128.14,98,71,20,108,106,76,0.0385,0.0034,0.9974,0.36,0.07,1.24,Sitting
128.16,114,61,56,107,111,68,0.0172,-0.0369,0.9921,-1.02,-0.18,0.46,Sitting
128.18,130,78,33,66,81,99,0.0279,0.0256,1.0071,0.34,1.9,-0.14,Sitting
128.2,142,41,66,44,102,76,0.0016,0.0202,0.979,-0.51,-0.79,-1.01,Sitting
128.22,147,87,68,128,106,60,0.0444,-0.0198,0.9965,-0.57,-0.22,-1.53,Sitting
128.24,153,33,55,98,124,69,0.0062,0.0083,0.9771,-0.85,-0.34,0.29,Sitting
128.26,112,58,37,88,99,70,0.0326,0.0059,0.9917,0.39,0.73,-0.33,Sitting
128.28,115,34,43,104,93,51,0.0112,0.0391,1.0409,0.43,-1.04,-0.32,Sitting
128.3,145,68,53,83,134,70,0.0093,0.0242,0.9955,-0.82,0.93,-0.66,Sitting
128.32,75,51,9,82,104,81,0.0236,-0.0181,1.022,-0.97,0.2,0.24,Sitting
128.34,132,73,20,88,98,89,0.0062,-0.0191,0.9668,-0.07,-0.3,0.43,Sitting
128.36,123,53,63,56,97,84,0.0078,0.0151,0.9938,-0.26,-0.32,1.41,Sitting
128.38,144,69,40,114,124,80,0.0078,0.064,0.9664,-1.83,0.2,-0.41,Sitting
128.4,125,59,37,58,129,78,0.0319,-0.008,0.9887,0.22,-1.46,0.39,Sitting
128.42,120,68,50,97,140,61,0.0065,0.009,0.9812,1.17,-0.35,0.11,Sitting
128.44,154,38,41,80,83,68,0.0457,0.0513,1.0017,1.4,0.64,0.95,Sitting
128.46,120,52,31,70,84,73,0.009,-0.0366,0.9764,0.33,0.33,0.1,Sitting
128.48,139,57,32,90,88,66,0.0042,0.0054,1.017,-0.04,0.23,0.18,Sitting
128.5,141,58,25,74,98,44,0.0118,0.0221,0.976,0.05,-0.98,-1.06,Sitting
128.52,121,46,35,108,78,55,0.0192,0.0031,1.0154,0.78,0.82,0.36,Sitting
128.54,142,40,49,89,83,98,-0.0096,0.0438,0.9695,-1.23,-0.81,-0.14,Sitting
128.56,117,86,32,94,101,67,-0.0111,-0.0107,1.0163,-0.21,-0.68,-0.14,Sitting
128.58,116,49,61,101,98,73,-0.015,0.0483,0.9644,-1.37,-1.42,-0.51,Sitting
128.6,141,35,27,96,111,81,0.0179,-0.0055,0.9995,-0.46,-0.82,0.34,Sitting
128.62,111,48,57,68,103,68,0.0092,0.0027,0.9937,0.21,0.03,-0.12,Sitting
128.64,118,69,68,73,109,84,0.0201,0.0298,0.9994,-0.26,0.23,-0.74,Sitting
128.66,159,65,59,79,107,57,-0.0076,-0.0382,0.9769,-0.27,-0.23,-0.19,Sitting
128.68,126,67,38,90,143,70,0.0048,0.0214,0.9814,1.64,-1.51,0.06,Sitting
128.7,93,50,70,82,87,40,0.0272,-0.0163,0.9664,-1.01,-0.19,-1.7,Sitting
128.72,148,42,39,86,119,74,0.0286,0.0204,0.964,0.7,-0.75,-1.02,Sitting
128.74,124,47,16,103,95,71,0.0148,-0.0317,1.0156,-0.61,1.39,-0.48,Sitting
128.76,112,59,53,70,103,48,-0.0324,-0.0121,0.9418,0.3,-0.35,-0.61,Sitting
128.78,100,85,40,122,131,72,-0.0208,-0.0128,1.0027,-0.97,-0.58,-0.25,Sitting
128.8,123,71,56,77,119,71,-0.0044,0.0362,0.9962,0.82,0.33,-0.23,Sitting
128.82,84,74,63,102,124,67,0.0174,0.0329,0.9866,-0.8,-1.14,-0.91,Sitting
128.84,131,54,73,78,103,68,-0.0114,-0.0156,0.9776,-1.11,-0.3,0.23,Sitting
128.86,144,48,41,80,105,72,-0.0254,0.0343,0.9552,1.0,-0.33,-0.22,Sitting
128.88,115,60,53,89,105,78,-0.0174,0.0214,0.9906,-0.34,0.31,0.41,Sitting
128.9,134,60,44,95,112,73,-0.0161,0.021,0.9835,0.56,-1.04,-0.6,Sitting
128.92,124,74,54,89,112,62,0.0183,0.0251,0.9573,0.91,0.34,-0.3,Sitting
128.94,103,64,45,100,117,76,-0.0291,-0.0265,0.9887,1.09,0.59,-0.45,Sitting
128.96,143,66,44,69,116,81,0.0102,0.0515,1.0076,-0.98,-0.97,-0.3,Sitting
128.98,118,69,41,99,86,72,0.0026,0.0061,1.0436,-0.33,0.69,-0.6,Sitting
129.0,137,54,67,78,69,58,0.0013,0.0478,0.9849,-0.04,0.91,-0.2,Sitting
129.02,115,80,39,51,133,62,0.0621,0.0268,0.9806,-1.49,0.39,-0.05,Sitting
129.04,150,84,64,102,100,109,-0.0121,0.0346,1.0019,2.31,-0.57,-0.22,Sitting
129.06,146,68,35,100,108,72,0.0324,0.0177,0.9772,-1.95,0.57,0.14,Sitting
129.08,147,63,57,95,93,55,-0.0064,0.0159,0.994,0.17,-0.5,-0.83,Sitting
129.1,151,63,37,67,78,74,-0.0109,0.0152,0.9901,0.18,1.22,-0.3,Sitting
129.12,125,61,16,91,85,68,-0.0076,0.027,0.9983,-0.64,-1.06,0.44,Sitting
129.14,106,68,55,106,118,74,0.0095,0.0047,0.9777,0.69,1.08,-0.4,Sitting
129.16,114,80,42,86,108,70,-0.027,0.0088,0.9979,1.67,0.1,-0.85,Sitting
129.18,107,62,43,66,83,88,-0.0052,-0.0071,0.9711,-0.29,-0.22,0.9,Sitting
129.2,145,61,56,97,108,96,-0.007,0.0036,0.9958,0.21,-0.61,-1.0,Sitting
129.22,117,24,25,88,120,88,0.0014,-0.0012,0.9658,0.44,0.3,-0.25,Sitting
129.24,166,45,58,65,96,61,0.013,0.0005,0.9675,0.34,0.82,-0.03,Sitting
129.26,146,46,25,92,100,48,0.0283,-0.0036,0.9859,-0.15,-0.36,0.09,Sitting
129.28,135,41,42,96,140,52,0.0209,0.0327,0.9781,0.78,0.69,-0.54,Sitting
129.3,109,54,34,64,131,43,0.019,0.0191,0.9628,0.94,0.46,0.59,Sitting
129.32,112,47,64,79,130,73,0.0284,-0.0007,1.0225,-0.37,-0.55,0.55,Sitting
129.34,139,53,57,84,114,99,0.0296,0.0039,1.0088,0.93,0.17,0.99,Sitting
129.36,110,55,71,86,99,35,-0.0326,-0.0109,1.0068,-0.14,0.78,-0.2,Sitting
129.38,97,60,60,62,97,43,0.042,0.0039,1.004,0.99,0.64,-0.89,Sitting
129.4,120,54,52,106,104,80,0.0142,0.0087,0.9946,-0.9,0.12,-0.55,Sitting
129.42,104,55,46,112,106,62,0.0179,0.0166,0.9886,1.94,0.07,1.22,Sitting
129.44,102,76,37,95,98,63,0.0289,-0.0032,0.9897,0.57,-0.95,0.45,Sitting
129.46,89,72,39,53,138,47,0.0405,0.0222,0.9792,0.93,0.29,-0.21,Sitting
129.48,68,54,55,83,110,55,-0.0155,0.0245,1.0135,-1.16,-0.2,0.75,Sitting
129.5,104,42,35,76,102,47,-0.0171,-0.0147,1.0349,1.53,1.39,-0.46,Sitting
129.52,86,59,28,113,81,75,0.0239,-0.013,0.9733,1.22,-0.45,-0.28,Sitting
129.54,104,37,55,107,95,82,-0.011,0.0133,0.9906,-0.11,0.4,-0.05,Sitting
129.56,155,64,82,64,114,79,0.0277,0.005,0.9985,0.37,-1.87,0.07,Sitting
129.58,96,46,29,65,73,87,0.0085,0.0114,0.98,-1.01,0.11,-0.58,Sitting
129.6,123,57,58,83,95,66,-0.0247,0.0225,1.0312,1.14,-0.2,0.27,Sitting
129.62,101,67,34,82,105,70,0.0203,0.0181,0.9905,0.23,0.34,-0.0,Sitting
129.64,139,67,48,106,111,73,-0.0102,0.0337,0.9987,-0.6,-0.94,0.11,Sitting
129.66,129,23,66,111,96,48,-0.0258,0.0174,1.0265,0.34,-0.94,0.61,Sitting
129.68,116,60,73,105,91,95,-0.0479,0.0648,0.9685,-0.33,-0.53,0.83,Sitting
129.7,140,79,60,100,119,57,-0.0056,0.0076,0.993,-0.68,1.42,0.48,Sitting
129.72,170,47,52,55,87,58,0.0495,0.0098,0.9857,0.58,-0.39,-0.59,Sitting
129.74,147,59,29,81,85,65,-0.0047,0.0225,0.9656,-0.35,-0.46,-0.3,Sitting
129.76,147,88,51,89,93,46,0.0348,0.0221,1.005,-0.71,-0.57,-0.37,Sitting
129.78,128,52,34,103,117,52,-0.0099,0.0316,0.999,0.47,-0.62,0.0,Sitting
129.8,119,64,61,88,105,61,-0.018,-0.0035,0.9671,-1.23,0.72,0.56,Sitting
129.82,136,69,73,100,119,92,0.0235,-0.0011,0.9841,0.43,-0.21,-0.05,Sitting
129.84,146,47,76,96,102,70,-0.0073,-0.0073,0.9731,-1.85,0.22,1.41,Sitting
129.86,116,80,47,105,93,73,0.0067,0.0243,0.9871,0.54,0.94,0.67,Sitting
129.88,102,54,50,115,99,66,-0.0192,0.0149,0.9738,0.34,0.95,-1.51,Sitting
129.9,99,74,60,79,130,63,-0.0082,0.0116,1.0155,1.08,-0.05,0.6,Sitting
129.92,114,72,29,68,77,50,0.0184,0.0221,0.993,0.9,0.17,-0.96,Sitting
129.94,140,56,58,97,87,77,0.0228,0.0094,0.9696,-0.99,0.32,0.65,Sitting
129.96,116,43,37,98,122,77,0.0136,0.0243,0.9944,0.53,0.04,0.77,Sitting
129.98,104,76,49,123,115,86,0.0206,0.0242,0.9871,-0.22,1.18,-0.38,Sitting
130.0,76,57,38,98,84,73,0.0312,-0.0107,0.9771,-1.23,-0.06,-0.58,Sitting
130.02,89,61,47,62,75,45,0.0065,0.0319,0.9787,-0.45,-0.51,0.19,Sitting
130.04,113,40,22,86,97,89,0.029,-0.0028,0.9951,0.54,-2.01,0.04,Sitting
130.06,115,51,73,60,115,71,-0.0219,-0.0077,1.012,0.01,-0.09,-1.38,Sitting
130.08,100,71,71,102,100,48,0.0042,-0.0238,0.9846,1.48,0.87,0.88,Sitting
130.1,98,31,29,85,143,89,-0.0043,0.0247,0.9996,0.67,-1.07,0.22,Sitting
130.12,158,72,23,114,110,63,0.0299,0.0647,0.9525,1.16,-1.25,-0.25,Sitting
130.14,124,54,63,74,121,92,-0.0085,0.0204,0.9839,-0.21,-0.42,0.83,Sitting
130.16,137,43,59,109,122,38,-0.0007,0.0003,0.9978,0.55,-0.07,-0.57,Sitting
130.18,144,54,55,103,100,104,0.015,0.0157,0.9632,-0.04,-0.69,-0.56,Sitting
130.2,95,50,35,96,107,64,-0.0029,-0.0199,0.9776,-1.66,1.01,-0.14,Sitting
130.22,118,59,53,101,120,83,-0.006,-0.0058,1.0369,0.49,-0.67,0.61,Sitting
130.24,113,60,63,91,97,43,0.0433,0.0202,1.012,0.09,0.53,0.22,Sitting
130.26,118,90,42,92,91,52,-0.0381,-0.024,0.9565,0.36,0.83,-0.49,Sitting
130.28,85,65,49,79,116,89,-0.0033,0.0301,1.0219,0.63,0.36,0.52,Sitting
130.3,100,56,24,78,96,68,0.0129,0.0364,0.9908,-0.48,0.45,-0.38,Sitting
130.32,125,56,59,84,94,102,-0.0215,0.0393,0.9713,-0.98,-0.78,0.22,Sitting
130.34,109,55,56,82,131,53,0.0116,0.0035,1.014,1.5,-0.6,-0.6,Sitting
130.36,110,75,39,79,112,67,0.0211,0.0057,0.9894,-0.41,-1.7,-0.88,Sitting
130.38,120,75,60,109,93,81,-0.0277,0.0227,1.0414,2.41,0.78,-0.5,Sitting
130.4,94,45,47,73,101,66,-0.0078,0.0452,1.0126,0.48,-0.3,-0.09,Sitting
130.42,116,86,53,78,138,54,0.003,0.0054,0.9915,0.05,0.92,-0.14,Sitting
130.44,120,58,49,114,105,51,0.0182,-0.0151,1.0189,0.07,0.4,-0.24,Sitting
130.46,117,47,47,78,92,80,-0.0238,0.0327,1.0222,0.19,0.5,0.18,Sitting
130.48,106,60,59,87,119,66,-0.0569,-0.0201,1.0065,0.11,-0.86,-0.63,Sitting
130.5,114,70,36,99,102,38,0.0015,0.029,0.9747,-1.27,-0.15,-0.1,Sitting
130.52,102,56,59,109,126,76,-0.0006,0.0085,0.9764,0.78,0.61,-0.03,Sitting
130.54,105,50,47,87,103,71,-0.0144,0.0371,1.0146,-0.14,0.18,0.26,Sitting
130.56,136,34,24,83,100,52,-0.0256,0.0559,0.9542,-0.41,-1.11,0.67,Sitting
130.58,154,83,48,102,116,53,0.0131,-0.0135,0.9737,-0.32,0.59,0.09,Sitting
130.6,127,80,60,53,111,83,-0.0152,0.0007,1.0,0.08,-0.69,0.33,Sitting
130.62,119,55,70,90,112,76,0.0215,-0.0213,0.9638,-1.15,1.61,0.62,Sitting
130.64,85,70,49,107,106,82,0.0232,0.0296,0.9998,0.12,-0.83,-0.12,Sitting
130.66,125,68,64,96,90,68,0.0276,0.0057,1.0186,0.52,0.51,-0.45,Sitting
130.68,120,66,67,92,94,74,0.026,0.0103,1.0276,-0.48,0.41,0.4,Sitting
130.7,104,51,41,107,91,78,-0.01,-0.0068,0.9873,1.44,0.59,0.44,Sitting
130.72,114,69,25,94,78,73,0.0101,-0.0022,0.9601,0.5,0.06,-0.21,Sitting
130.74,103,74,30,54,124,55,-0.0014,-0.0515,1.0124,-0.15,0.3,-0.43,Sitting
130.76,109,47,63,86,123,37,0.0318,0.0118,0.9826,-0.03,-0.29,-0.9,Sitting
130.78,101,70,49,104,98,96,0.0095,-0.0101,1.0012,-1.47,-0.48,-0.84,Sitting
130.8,118,45,43,97,103,51,0.0348,0.0452,1.004,-0.15,-0.85,1.0,Sitting
130.82,132,83,68,117,106,48,-0.0003,-0.0039,0.9648,-0.91,0.52,-0.52,Sitting
130.84,125,83,33,81,110,82,0.019,-0.0166,0.9633,-0.84,-0.53,-0.18,Sitting
130.86,137,97,47,96,90,53,-0.019,0.0103,0.9901,0.93,0.45,1.34,Sitting
130.88,92,69,41,78,91,56,-0.0066,-0.0006,0.9879,0.6,0.68,0.67,Sitting
130.9,125,38,51,66,119,77,0.0096,-0.0442,1.0142,-0.01,0.67,-1.16,Sitting
130.92,100,52,61,81,86,81,-0.0241,0.0212,1.0167,-0.94,-0.05,-0.25,Sitting
130.94,121,76,32,115,77,77,-0.0269,0.0005,1.0154,-1.33,-1.78,0.36,Sitting
130.96,96,56,42,129,139,59,0.0012,0.0298,0.9889,0.43,-0.39,-0.22,Sitting
130.98,107,64,26,85,116,68,-0.0023,0.0382,1.0204,1.0,-0.77,-0.52,Sitting
131.0,119,40,73,87,134,74,0.0202,-0.0066,0.9996,1.17,0.32,-0.81,Sitting
131.02,103,59,55,104,120,64,-0.0297,0.0365,1.0045,0.12,-0.41,0.12,Sitting
131.04,98,57,67,73,100,64,-0.0017,0.0618,0.9864,-0.2,0.03,1.15,Sitting
131.06,138,79,53,64,124,75,0.0116,0.0294,0.9644,0.19,1.01,0.71,Sitting
131.08,126,38,39,100,112,56,-0.0119,0.0115,0.9729,-0.61,0.86,0.2,Sitting
131.1,143,77,56,73,116,54,0.0298,0.0112,1.004,0.1,-0.31,-1.34,Sitting
131.12,114,36,65,123,109,61,-0.0144,-0.0084,1.0021,-0.34,-1.16,0.61,Sitting
131.14,83,57,46,89,110,61,0.0154,0.0285,0.9831,0.55,0.3,-0.29,Sitting
131.16,89,67,52,94,139,77,0.0269,-0.0135,0.9969,0.23,0.26,0.57,Sitting
131.18,126,69,46,85,82,76,0.0175,-0.0001,1.0196,-0.29,-0.93,0.02,Sitting
131.2,107,74,44,83,101,91,0.0056,-0.0154,0.9895,-0.23,-1.28,-0.64,Sitting
131.22,119,42,52,88,88,59,0.0242,0.0334,1.0094,-0.18,-0.02,-0.0,Sitting
131.24,159,78,56,82,110,69,0.0317,-0.0102,1.0132,-1.22,0.9,0.91,Sitting
131.26,136,75,47,69,113,72,0.0083,-0.0199,0.9813,0.75,0.53,1.14,Sitting
131.28,128,38,58,104,124,58,0.0278,0.029,0.9907,0.26,0.53,0.61,Sitting
131.3,112,65,56,72,65,54,0.0465,-0.0125,1.0013,-0.14,-0.49,-0.19,Sitting
131.32,86,56,45,126,86,50,0.0301,0.023,0.9926,1.72,0.16,-0.82,Sitting
131.34,119,55,36,83,105,88,-0.0035,-0.0165,1.022,0.56,0.13,0.07,Sitting
131.36,173,69,67,77,116,57,-0.0052,0.0191,0.9884,-0.38,-0.13,0.65,Sitting
131.38,141,60,56,99,137,51,0.0138,0.0074,0.9739,0.0,0.34,0.88,Sitting
131.4,123,41,63,78,79,91,-0.0115,0.0021,0.9618,0.51,-1.07,0.05,Sitting
131.42,104,45,49,82,76,56,0.0028,-0.024,1.0253,1.05,-0.59,-0.43,Sitting
131.44,123,68,41,86,76,72,0.0092,0.0019,1.005,-0.16,0.87,0.25,Sitting
131.46,104,32,50,88,93,66,-0.016,-0.0024,0.9675,0.67,0.7,0.21,Sitting
131.48,94,68,60,79,78,95,0.0222,0.0037,1.0127,-0.65,0.15,-0.58,Sitting
131.5,154,70,46,78,103,79,0.0004,-0.037,0.9799,-0.5,0.22,-0.02,Sitting
131.52,109,64,60,92,109,66,-0.0265,-0.0193,0.9908,-0.09,0.62,-0.38,Sitting
131.54,99,53,55,116,78,50,0.0553,0.0129,0.991,-0.98,0.12,-0.83,Sitting
131.56,136,80,46,107,73,62,-0.0005,0.0016,0.9809,-0.12,1.49,-0.24,Sitting
131.58,146,74,59,110,115,100,-0.0128,0.0269,0.9927,-0.4,-0.93,-0.27,Sitting
131.6,128,79,51,85,99,71,0.0058,0.0244,0.9455,-0.86,1.51,-0.02,Sitting
131.62,130,53,32,80,113,55,-0.0075,0.0312,0.9771,-0.57,-0.05,-0.85,Sitting
131.64,89,46,74,96,103,84,0.0254,-0.0014,1.0029,0.67,-0.91,-1.07,Sitting
131.66,106,74,55,78,132,65,0.0017,0.0263,1.0027,0.9,0.01,-0.22,Sitting
131.68,102,85,48,84,94,72,0.0326,0.0263,0.9789,1.27,-0.29,-0.47,Sitting
131.7,127,41,21,103,98,82,0.0095,-0.0028,1.0382,-0.94,-0.96,-0.83,Sitting
131.72,125,81,66,110,108,45,0.031,0.0434,0.9971,0.96,-0.21,-0.23,Sitting
131.74,132,58,49,101,68,76,-0.0207,0.0176,0.9982,-0.49,0.17,-0.81,Sitting
131.76,143,36,37,61,101,78,-0.0156,0.0169,1.0279,-0.86,-0.41,1.16,Sitting
131.78,99,58,62,95,82,89,0.0105,-0.0011,0.9749,1.11,-0.12,-1.48,Sitting
131.8,107,24,63,106,143,62,-0.0218,0.0413,1.0214,-0.87,0.19,-0.03,Sitting
131.82,99,54,25,88,109,41,0.0427,-0.0087,0.989,0.39,-0.05,-0.3,Sitting
131.84,108,62,61,77,105,54,0.0259,0.0309,0.9907,0.74,0.34,0.62,Sitting
131.86,98,63,27,76,121,60,0.0252,0.0216,0.9673,-0.25,0.14,-0.53,Sitting
131.88,160,34,60,102,124,71,0.029,0.0058,0.9816,-0.39,-0.29,0.87,Sitting
131.9,131,64,62,91,135,59,0.0187,0.0152,1.009,0.34,-1.62,0.08,Sitting
131.92,126,53,48,101,86,82,0.0012,0.0307,0.9926,-1.47,-1.09,0.86,Sitting
131.94,94,31,45,85,112,32,0.0104,-0.0232,0.9877,-2.04,0.02,-0.59,Sitting
131.96,95,69,53,115,101,54,0.0187,0.0049,1.0086,-0.52,-0.79,0.14,Sitting
131.98,115,54,36,73,133,86,0.0213,0.0199,1.0106,-0.57,0.4,-0.56,Sitting
132.0,126,42,45,72,101,85,0.0083,-0.0014,0.979,-1.15,0.11,-0.15,Sitting
132.02,113,54,33,96,76,57,0.0232,0.0151,0.9723,-0.28,-1.28,0.47,Sitting
132.04,128,39,32,63,107,89,-0.025,0.0112,0.9917,1.38,-0.57,0.14,Sitting
132.06,118,44,78,101,103,81,0.0149,-0.0215,0.971,0.33,1.54,-0.18,Sitting
132.08,123,36,61,83,108,66,-0.0031,0.0006,1.0308,0.03,-0.81,-0.11,Sitting
132.1,93,79,51,126,114,61,-0.0195,0.0127,0.9423,0.6,-0.97,0.78,Sitting
132.12,126,72,48,78,101,28,0.0291,0.0001,0.9631,-0.75,-0.69,-0.21,Sitting
132.14,121,66,37,116,120,61,0.0099,0.0197,1.0059,-0.49,0.35,-0.13,Sitting
132.16,162,68,40,76,129,49,0.0408,-0.0153,0.9607,0.45,-0.17,0.03,Sitting
132.18,119,67,5,66,109,69,-0.0078,-0.0009,1.002,-0.57,0.16,0.01,Sitting
132.2,134,62,69,81,113,70,-0.0344,0.0326,0.9912,1.32,-0.64,0.06,Sitting
132.22,155,57,64,106,100,73,0.0166,0.02,1.0039,1.1,0.61,0.33,Sitting
132.24,102,76,45,101,108,44,0.0024,0.0465,1.0103,0.2,-0.59,0.11,Sitting
132.26,88,35,53,92,111,90,0.0069,0.0013,0.9774,-0.14,-1.36,0.68,Sitting
132.28,132,84,64,85,95,67,-0.0251,0.01,0.9978,-0.09,-0.29,-0.04,Sitting
132.3,90,45,52,80,115,84,0.0249,-0.0221,0.9957,-1.15,0.05,0.52,Sitting
132.32,106,46,53,118,80,70,0.0053,-0.0143,0.9885,-1.52,-1.57,-1.45,Sitting
132.34,124,66,58,69,117,90,0.0243,-0.0179,0.963,0.59,-0.03,0.35,Sitting
132.36,114,51,34,115,80,76,0.0013,-0.0149,1.0149,0.34,0.36,-0.7,Sitting
132.38,89,53,59,89,107,65,-0.0003,-0.0016,0.9947,1.0,1.32,-0.42,Sitting
132.4,95,41,28,70,119,59,0.0222,0.006,0.9674,-0.02,-0.48,0.14,Sitting
132.42,122,85,42,97,117,81,0.0131,0.0072,0.9989,-1.16,-0.51,0.78,Sitting
132.44,115,75,74,93,107,70,0.0125,0.029,0.9988,0.25,0.08,0.48,Sitting
132.46,112,80,29,96,89,86,0.0404,0.0161,1.0073,0.78,0.96,-0.03,Sitting
132.48,133,36,29,65,114,52,0.0312,0.0102,0.9976,0.46,-0.06,0.24,Sitting
132.5,114,32,43,127,70,66,-0.0069,-0.0243,0.9819,-0.13,-1.19,0.68,Sitting
132.52,92,69,72,112,131,70,0.0533,0.0317,0.9673,0.66,-0.89,-0.17,Sitting
132.54,108,73,71,87,133,52,0.0109,0.0145,0.9954,-0.28,2.1,-0.57,Sitting
132.56,130,71,40,61,68,79,0.0167,0.0049,0.9529,0.09,-0.16,0.93,Sitting
132.58,123,53,75,82,93,74,-0.0117,0.0094,0.9793,0.46,-0.05,0.19,Sitting
132.6,100,49,47,115,111,88,0.0218,0.0303,1.0175,0.2,0.24,0.83,Sitting
132.62,107,54,43,100,147,91,0.0576,0.0264,0.994,-0.35,-0.3,-0.56,Sitting
132.64,140,40,56,80,95,84,-0.032,-0.0076,1.0005,-0.25,-1.37,-0.24,Sitting
132.66,161,66,87,82,96,84,-0.0075,0.0354,0.9856,-0.72,1.0,0.63,Sitting
132.68,124,78,53,95,116,80,-0.0509,-0.0298,1.0187,-0.56,-1.06,0.37,Sitting
132.7,88,35,53,107,98,67,0.0205,-0.0324,1.0088,0.57,0.07,0.44,Sitting
132.72,127,73,58,75,90,95,-0.0001,0.0188,0.9559,-0.93,0.87,0.03,Sitting
132.74,120,36,44,125,101,57,-0.0154,0.0185,0.9899,-0.01,0.33,0.5,Sitting
132.76,121,70,28,80,113,90,0.0074,0.0281,1.0022,0.33,-0.92,-0.15,Sitting
132.78,104,83,29,109,91,60,-0.0219,0.0341,1.0104,0.54,1.42,-0.27,Sitting
132.8,113,44,29,73,100,74,0.0424,0.0021,1.0012,-0.15,-0.05,-0.45,Sitting
132.82,145,53,30,61,133,51,0.0197,0.0254,1.0129,0.9,-0.53,-0.78,Sitting
132.84,104,46,35,82,139,70,0.0179,0.0038,1.0225,-0.54,-0.52,-0.49,Sitting
132.86,160,33,31,78,88,84,0.0012,0.0112,1.0019,0.52,-0.15,0.15,Sitting
132.88,118,53,48,124,91,59,0.0118,0.0253,0.9957,0.52,0.44,-0.48,Sitting
132.9,121,78,55,147,153,97,-0.0092,0.0296,1.0045,-0.01,1.56,-0.31,Sitting
132.92,162,51,57,81,110,53,0.003,0.0356,0.9654,0.01,0.48,-0.58,Sitting
132.94,99,78,52,74,108,65,-0.0043,0.0006,0.9897,-0.16,0.32,0.37,Sitting
132.96,141,60,68,118,112,61,0.0153,0.0178,0.9826,-0.5,0.84,-0.18,Sitting
132.98,127,75,35,84,124,82,-0.0386,0.0116,0.991,-0.34,-0.15,0.06,Sitting
133.0,92,54,48,86,112,87,0.03,-0.0134,0.9673,-0.79,0.43,-0.25,Sitting
133.02,112,33,16,84,115,88,0.0062,0.0279,0.9691,-0.41,0.27,0.54,Sitting
133.04,115,60,12,101,120,63,0.0034,0.015,1.0143,0.32,0.31,0.98,Sitting
133.06,146,35,53,84,120,54,0.0261,0.0605,1.0203,-1.07,0.1,-0.36,Sitting
133.08,149,62,69,89,125,75,0.0661,0.012,0.9909,0.68,0.57,-0.15,Sitting
133.1,109,91,25,109,93,85,0.0213,-0.0048,0.9911,0.15,-0.3,1.08,Sitting
133.12,122,45,56,52,110,76,0.015,0.0265,1.0074,-0.07,-0.07,-0.2,Sitting
133.14,143,42,56,92,128,86,0.0317,-0.0086,0.9648,0.09,0.65,-0.07,Sitting
133.16,125,49,55,88,61,70,0.0102,0.0123,1.0303,-0.1,-1.26,-0.39,Sitting
133.18,132,59,45,85,125,66,-0.0022,0.0046,1.0149,0.34,2.2,-0.14,Sitting
133.2,130,52,44,101,90,101,-0.002,-0.0023,0.9522,-0.61,0.06,-0.07,Sitting
133.22,142,60,30,103,80,61,0.0399,0.0127,0.9912,-0.65,-0.4,0.22,Sitting
133.24,127,65,19,102,92,59,-0.0037,-0.0101,1.0206,1.12,-0.64,-0.13,Sitting
133.26,117,60,45,87,125,85,0.0027,0.0402,0.9872,0.04,-0.44,-0.46,Sitting
133.28,122,48,49,82,107,67,0.0144,0.0387,0.9978,0.1,-0.41,-0.6,Sitting
133.3,136,40,58,90,91,60,0.0504,0.0475,0.9803,-0.35,-0.81,-0.42,Sitting
133.32,102,35,43,90,101,64,0.0195,-0.0197,0.9721,-1.16,0.52,0.2,Sitting
133.34,110,52,10,95,104,78,-0.0018,0.0161,0.9997,-0.31,0.89,0.2,Sitting
133.36,103,61,63,122,126,63,0.0044,0.0539,0.9797,-0.05,0.49,-0.14,Sitting
133.38,168,82,44,79,77,62,0.0198,-0.0058,0.9778,-0.91,0.71,-0.01,Sitting
133.4,120,81,46,79,108,116,0.0194,0.038,1.0047,0.76,-0.21,0.32,Sitting
133.42,121,53,39,77,124,75,0.035,0.0275,0.9866,-0.32,-0.54,0.22,Sitting
133.44,143,60,23,85,101,48,0.055,-0.0127,1.0155,1.31,1.59,-0.36,Sitting
133.46,133,54,60,75,110,63,-0.0023,-0.0036,1.0162,0.84,-0.18,0.22,Sitting
133.48,82,56,55,78,108,78,0.0103,0.0381,1.0107,0.16,-0.81,1.0,Sitting
133.5,130,65,23,72,105,73,-0.0018,0.006,1.0024,1.5,-0.09,0.57,Sitting
133.52,94,44,25,96,93,72,0.0313,0.0671,1.0138,0.13,0.06,-0.47,Sitting
133.54,150,70,37,97,88,64,0.0103,0.0186,1.0076,-0.1,0.31,-0.29,Sitting
133.56,123,61,45,70,110,48,0.0358,0.027,1.0152,1.44,0.58,0.7,Sitting
133.58,136,30,70,78,115,70,0.017,0.0025,0.9904,1.18,-0.65,0.98,Sitting
133.6,96,53,49,88,111,54,0.0307,-0.0287,1.0032,-0.0,0.46,0.39,Sitting
133.62,127,76,53,70,75,84,0.0184,0.008,0.9835,0.54,1.4,-0.01,Sitting
133.64,134,49,52,87,79,56,0.0277,-0.0002,0.9643,0.78,-0.92,0.48,Sitting
133.66,79,75,44,60,106,69,0.0045,0.0238,0.9862,-0.35,0.77,-0.32,Sitting
133.68,130,59,41,84,74,85,0.0189,0.0019,0.9478,0.27,-1.61,0.61,Sitting
133.7,130,66,40,100,94,80,0.0116,0.0308,0.9817,0.24,-1.0,-0.24,Sitting
133.72,79,32,59,108,107,61,0.0299,0.0157,0.9872,0.83,0.02,0.59,Sitting
133.74,125,89,47,89,112,87,0.0315,-0.0202,1.0237,1.2,-0.06,0.4,Sitting
133.76,111,60,66,63,112,57,0.0227,0.0131,0.967,0.55,-1.26,-0.27,Sitting
133.78,127,53,60,68,101,60,0.0176,0.0065,1.0161,-0.12,0.9,-0.41,Sitting
133.8,97,64,71,59,119,71,0.0221,0.0128,0.9997,-1.83,0.0,-0.48,Sitting
133.82,103,75,82,116,102,39,0.0608,0.0273,1.0005,-1.09,-0.62,0.34,Sitting
133.84,132,46,46,96,123,55,0.0194,-0.032,0.9712,0.26,0.28,-0.02,Sitting
133.86,111,57,47,116,119,76,0.026,0.044,1.0252,-0.66,-0.36,-0.43,Sitting
133.88,163,65,33,71,81,67,-0.008,0.0241,0.9592,-0.18,0.45,-0.61,Sitting
133.9,113,59,44,82,126,90,-0.0226,-0.0143,0.9999,-0.64,-1.12,0.95,Sitting
133.92,164,55,48,81,105,76,0.0044,0.0355,0.949,-0.43,0.14,0.06,Sitting
133.94,130,90,65,97,100,64,0.0299,0.0475,1.0169,0.03,0.27,-0.34,Sitting
133.96,87,79,17,44,101,67,-0.0001,0.0217,0.9879,0.63,-0.31,-0.39,Sitting
133.98,134,50,38,100,91,65,0.0252,0.0042,0.9784,1.06,-0.17,0.82,Sitting
134.0,103,69,51,88,114,77,0.013,0.0152,0.9839,0.13,0.47,0.32,Sitting
134.02,101,42,47,89,80,70,0.0097,-0.008,0.9716,-1.44,0.43,0.3,Sitting
134.04,141,27,38,112,69,76,0.0058,0.0504,0.9589,0.36,-0.47,-0.03,Sitting
134.06,120,53,56,112,76,73,0.0233,0.0051,1.0078,-0.25,0.03,-0.88,Sitting
134.08,168,54,25,77,121,52,0.0165,0.0098,0.9744,-0.23,-0.23,1.04,Sitting
134.1,121,98,65,101,108,83,0.0388,-0.02,0.9917,0.35,0.66,-1.37,Sitting
134.12,113,78,65,113,106,83,0.0357,-0.021,1.0017,0.79,-0.21,0.46,Sitting
134.14,135,56,54,95,110,90,-0.0071,-0.0112,0.9818,-1.12,1.07,0.93,Sitting
134.16,110,73,48,109,105,74,0.0066,0.0366,0.9643,-0.41,0.54,-0.19,Sitting
134.18,121,58,60,95,108,58,-0.0058,0.0057,0.9873,2.08,-0.99,-0.22,Sitting
134.2,110,100,78,67,143,86,-0.0059,-0.0059,1.0151,0.06,-1.4,-0.76,Sitting
134.22,98,72,53,71,68,55,0.0216,0.0008,0.975,-0.42,-0.85,0.39,Sitting
134.24,130,59,93,92,118,67,-0.0228,0.02,0.9733,0.34,-0.95,-0.2,Sitting
134.26,112,68,43,78,126,94,0.0019,-0.0158,0.9611,-0.33,-0.19,0.06,Sitting
134.28,99,28,34,96,115,59,-0.0151,-0.0003,0.9522,1.87,0.56,-0.59,Sitting
134.3,126,36,39,86,88,58,-0.0219,0.0361,1.022,-0.15,-0.38,0.22,Sitting
134.32,118,56,51,94,95,72,0.0321,0.0273,1.0078,-0.55,-1.64,-0.85,Sitting
134.34,169,74,46,101,120,72,0.0221,-0.0001,0.9958,0.36,0.55,-0.24,Sitting
134.36,102,59,44,77,116,69,0.0188,0.0092,0.9556,0.4,0.06,-0.03,Sitting
134.38,120,58,72,57,124,61,0.0144,0.0071,0.9874,-0.19,-0.51,1.04,Sitting
134.4,116,43,43,59,119,61,-0.0106,0.0264,0.988,0.56,-0.89,0.22,Sitting
134.42,127,35,30,58,73,58,0.0385,0.0156,0.9957,0.62,0.7,0.16,Sitting
134.44,101,65,46,70,96,80,0.0542,0.0068,0.9983,0.27,0.56,0.35,Sitting
134.46,152,54,61,115,133,75,0.0272,0.0165,1.0247,-0.07,0.48,0.33,Sitting
134.48,162,63,33,94,86,59,-0.001,0.0453,1.024,-1.37,0.41,0.48,Sitting
134.5,133,63,51,67,102,73,0.0301,-0.0086,0.9835,-0.78,0.77,0.2,Sitting
134.52,116,66,25,87,74,77,0.0085,-0.003,1.028,-0.89,-0.82,-0.66,Sitting
134.54,111,52,15,92,125,82,0.0393,-0.0167,0.948,0.41,0.23,0.46,Sitting
134.56,92,65,60,106,121,81,0.0243,0.0114,0.9633,-0.2,0.3,-1.17,Sitting
134.58,143,55,45,96,122,71,-0.0124,0.0053,0.9705,1.09,-0.28,0.26,Sitting
134.6,113,64,51,87,133,82,-0.0143,0.0365,0.9433,0.11,0.46,-1.74,Sitting
134.62,143,39,72,95,90,48,0.0238,0.0411,1.0105,0.69,0.91,-0.62,Sitting
134.64,132,49,23,73,90,63,0.0146,0.0245,1.0027,-0.1,0.2,0.28,Sitting
134.66,114,56,64,73,134,74,0.0296,0.0196,0.9712,-0.0,-1.35,0.42,Sitting
134.68,118,77,47,82,105,88,0.0074,-0.0226,0.9824,-0.14,-0.58,-0.18,Sitting
134.7,144,49,40,96,105,71,-0.0277,0.0167,1.0251,0.25,0.56,0.96,Sitting
134.72,121,72,62,101,72,96,-0.0014,0.0189,1.0067,0.81,0.6,0.44,Sitting
134.74,153,38,56,83,96,70,-0.0001,0.0495,1.0105,0.44,0.36,-0.45,Sitting
134.76,91,47,49,72,75,59,0.0288,0.0347,0.9653,-0.02,0.86,-0.04,Sitting
134.78,88,68,46,62,77,80,0.0378,0.0217,0.9888,0.67,-0.29,-0.49,Sitting
134.8,119,63,41,52,90,56,0.0087,0.0173,1.0064,-0.73,-0.5,-0.53,Sitting
134.82,125,36,67,119,119,62,-0.0024,0.049,1.0196,-0.3,-0.11,0.98,Sitting
134.84,103,51,29,95,77,48,-0.0077,-0.0076,0.9635,1.4,0.51,1.12,Sitting
134.86,83,58,29,114,111,72,0.0429,-0.0044,0.9996,-0.44,0.25,0.6,Sitting
134.88,129,60,60,102,70,83,0.0141,0.0405,0.9769,-1.04,0.07,-0.05,Sitting
134.9,104,78,43,92,107,66,0.0148,0.0187,0.9771,1.28,-1.19,0.01,Sitting
134.92,90,47,53,81,122,81,0.0093,-0.0195,1.0327,-0.73,1.15,-0.41,Sitting
134.94,93,48,78,89,128,85,-0.0271,-0.0198,1.0151,-0.82,0.16,0.68,Sitting
134.96,114,67,34,100,94,63,-0.0161,-0.0047,0.9547,0.67,0.44,0.34,Sitting
134.98,119,75,72,85,158,43,-0.0012,-0.0042,0.9945,0.46,-1.19,0.29,Sitting
135.0,74,58,55,67,109,66,0.0313,0.0199,0.9735,0.18,-0.08,-0.39,Sitting
135.02,78,47,60,76,124,62,0.016,0.0115,0.9865,-0.83,-1.09,0.57,Sitting
135.04,152,82,42,77,111,95,0.0114,0.0678,0.9981,-0.26,-0.45,0.2,Sitting
135.06,95,67,63,127,96,97,0.0215,0.0237,0.979,-0.76,1.35,-0.13,Sitting
135.08,115,64,43,105,97,76,0.0144,0.0206,1.0141,-0.53,0.61,0.27,Sitting
135.1,124,64,45,116,108,72,-0.0139,0.0275,0.9956,-0.71,-1.08,0.77,Sitting
135.12,134,32,67,82,75,89,0.0233,0.0196,1.0247,-0.87,0.66,-0.28,Sitting
135.14,127,55,52,85,108,68,0.0301,0.0285,0.9992,0.08,0.74,0.1,Sitting
135.16,143,103,59,87,109,38,0.0262,0.0137,1.0271,-0.34,0.25,0.71,Sitting
135.18,165,49,46,92,105,70,0.0199,0.0366,0.9733,0.1,-0.14,-0.43,Sitting
135.2,143,49,48,71,72,84,0.0116,-0.0179,0.9899,-0.05,0.68,0.77,Sitting
135.22,135,31,31,114,89,80,-0.0069,0.0471,1.0247,-0.79,0.46,0.25,Sitting
135.24,98,65,65,92,121,59,0.0013,0.0263,1.0152,0.94,0.52,0.2,Sitting
135.26,141,76,42,114,124,53,-0.0092,0.0384,0.9773,-0.28,0.71,1.61,Sitting
135.28,123,57,47,78,92,91,0.0404,0.036,1.0164,0.74,0.06,0.34,Sitting
135.3,99,79,61,91,94,56,0.0178,0.0398,0.9797,-0.99,-0.44,-0.73,Sitting
135.32,136,73,65,120,101,88,0.0152,-0.01,0.9848,0.04,-0.63,0.72,Sitting
135.34,148,73,56,92,121,58,0.0299,0.0237,1.0116,0.62,0.89,-0.87,Sitting
135.36,126,42,63,132,110,55,0.0128,0.03,0.9964,0.09,-0.46,-0.47,Sitting
135.38,122,73,65,87,79,86,0.0121,-0.0049,0.9713,-1.5,0.77,-0.02,Sitting
135.4,138,67,34,77,107,32,0.0092,0.0225,1.0076,-0.17,-0.35,-0.06,Sitting
135.42,113,80,66,100,106,91,0.0392,0.0358,1.009,0.71,0.58,0.92,Sitting
135.44,115,53,32,112,81,82,0.002,0.0119,1.0286,-0.19,0.06,-0.16,Sitting
135.46,115,61,55,100,115,54,0.0176,0.0047,1.018,0.01,0.38,-0.11,Sitting
135.48,116,47,36,73,93,75,0.0434,0.0214,0.9577,0.76,0.31,0.41,Sitting
135.5,122,49,38,67,118,68,0.0336,0.011,0.96,1.14,1.17,-0.28,Sitting
135.52,107,89,62,59,69,73,-0.0017,0.0392,0.9877,-1.76,0.09,0.19,Sitting
135.54,157,59,50,63,129,62,0.0169,-0.0252,0.9822,1.3,-0.79,0.69,Sitting
135.56,148,39,60,111,115,71,0.0183,-0.023,0.9964,-0.26,0.14,-0.06,Sitting
135.58,116,72,36,78,106,65,0.0148,-0.0067,0.9886,-0.74,1.65,-1.13,Sitting
135.6,95,82,70,112,114,67,0.0331,0.0522,0.9957,-0.75,1.35,0.17,Sitting
135.62,139,46,61,95,99,41,0.0463,0.0105,1.0092,0.54,-1.26,-0.68,Sitting
135.64,153,57,43,79,97,70,-0.0084,0.0071,0.981,-1.12,-1.05,-1.05,Sitting
135.66,140,57,26,53,92,85,0.0144,0.0468,1.0109,-1.0,0.87,-0.34,Sitting
135.68,88,52,51,83,63,78,-0.0269,0.008,1.0196,0.49,0.57,0.85,Sitting
135.7,102,50,53,61,119,89,-0.0003,0.0325,0.9856,-0.44,0.62,0.26,Sitting
135.72,148,74,55,83,102,62,0.0323,0.0385,0.9929,-0.87,0.81,0.5,Sitting
135.74,82,49,60,129,64,56,0.0223,0.0218,0.9723,0.92,1.38,-0.2,Sitting
135.76,159,28,62,128,119,78,0.0007,-0.0019,0.9984,-0.0,-0.99,0.32,Sitting
135.78,107,36,28,60,111,60,0.0013,0.0342,1.0149,-0.04,-0.36,-0.22,Sitting
135.8,112,56,55,83,110,76,0.0102,0.0187,0.9959,0.88,0.01,-0.42,Sitting
135.82,156,55,28,51,124,93,-0.016,0.0264,0.96,-0.7,1.28,0.46,Sitting
135.84,99,55,19,99,103,95,0.017,0.031,0.9794,0.27,0.72,-0.07,Sitting
135.86,132,57,58,99,103,63,0.0177,0.0295,0.9888,-0.43,-0.11,0.22,Sitting
135.88,105,49,44,107,111,60,0.0086,-0.0191,0.9885,0.75,-0.21,1.08,Sitting
135.9,121,82,67,78,102,24,-0.0043,-0.003,0.9891,-0.45,-0.31,-0.93,Sitting
135.92,121,48,41,109,98,82,0.0304,0.023,1.0209,-0.99,0.32,1.09,Sitting
135.94,138,63,38,118,93,33,0.0408,-0.0008,1.003,0.57,0.38,0.74,Sitting
135.96,96,56,43,89,93,42,0.0098,0.0284,1.0303,0.05,0.2,0.58,Sitting
135.98,107,67,60,96,112,75,-0.0176,0.0031,0.9794,-0.59,-0.51,0.45,Sitting
136.0,106,71,44,85,100,57,0.0313,0.0236,1.0022,-0.05,0.94,0.06,Sitting
136.02,97,54,29,131,94,54,0.0112,0.062,1.0213,-0.01,0.61,-0.02,Sitting
136.04,119,43,22,67,104,77,-0.0021,0.008,1.0061,0.44,-0.82,0.31,Sitting
136.06,119,53,30,91,105,57,0.0136,-0.008,1.0138,-2.18,-0.4,0.18,Sitting
136.08,105,64,46,88,96,43,-0.0018,0.0141,0.9929,0.35,-0.86,-0.47,Sitting
136.1,115,60,46,97,96,67,0.0141,0.0435,0.9718,-0.35,0.82,-0.05,Sitting
136.12,90,83,37,63,105,78,0.0299,-0.0155,1.004,0.95,0.34,0.28,Sitting
136.14,135,47,45,111,94,57,-0.0029,0.0,1.0196,0.93,0.62,0.08,Sitting
136.16,108,92,45,89,82,75,-0.0099,-0.0095,0.9803,0.75,0.46,-0.92,Sitting
136.18,100,66,63,85,126,70,0.0163,0.0322,1.0203,0.54,-0.03,-0.95,Sitting
136.2,107,75,12,106,108,59,-0.002,0.0399,0.981,-0.39,0.96,0.8,Sitting
136.22,103,42,46,70,100,89,-0.0139,0.0099,0.9935,0.35,-0.56,0.39,Sitting
136.24,101,49,45,85,102,56,0.041,-0.0185,0.9938,0.13,-1.02,-0.25,Sitting
136.26,142,49,45,72,99,63,-0.0128,0.013,1.0123,0.09,-0.01,0.53,Sitting
136.28,66,99,56,117,110,59,-0.0059,-0.0091,1.0272,1.29,1.49,-0.66,Sitting
136.3,155,68,57,108,126,77,0.0082,-0.0016,1.0105,-0.88,0.14,-0.29,Sitting
136.32,87,53,47,88,115,83,0.0145,0.0083,0.9703,-2.22,0.33,0.07,Sitting
136.34,133,82,41,120,84,74,0.0338,0.0016,0.9875,0.35,-0.03,0.09,Sitting
136.36,103,38,33,81,117,62,0.0172,0.0183,0.9737,-0.32,-0.23,0.41,Sitting
136.38,105,42,39,68,94,60,0.0324,-0.0017,0.9731,0.99,0.06,0.02,Sitting
136.4,112,28,73,93,119,62,-0.0191,0.0542,1.0168,-0.45,-0.73,0.14,Sitting
136.42,103,45,32,98,86,48,-0.007,0.0133,0.9927,0.94,0.67,0.77,Sitting
136.44,100,67,38,77,117,65,0.0184,0.0267,0.9794,0.46,-0.77,-0.21,Sitting
136.46,137,45,22,97,94,59,-0.0176,0.0078,1.0173,-1.1,0.02,-0.42,Sitting
136.48,139,51,49,77,122,94,0.0257,0.0145,1.0018,1.85,-0.45,-0.06,Sitting
136.5,143,45,43,106,112,77,0.0223,0.0185,1.0096,0.63,-0.47,-0.95,Sitting
136.52,138,87,68,94,104,50,-0.0189,0.0048,1.0125,0.17,0.58,-0.21,Sitting
136.54,131,72,61,88,94,82,-0.0034,-0.0065,0.9908,-1.13,-0.0,-1.01,Sitting
136.56,116,40,41,86,82,75,0.0288,0.0414,1.0028,-0.54,1.15,-0.17,Sitting
136.58,110,61,46,99,104,59,0.0247,0.0097,0.9623,-0.69,0.75,-0.37,Sitting
136.6,123,46,73,107,93,57,0.0134,0.0345,0.9683,0.41,-0.96,-0.11,Sitting
136.62,124,64,50,122,81,76,0.025,-0.0083,1.0059,2.31,-0.98,0.71,Sitting
136.64,112,42,55,91,88,69,0.0122,-0.0067,0.9677,-1.7,-0.5,1.08,Sitting
136.66,120,49,55,69,138,85,-0.0106,0.0043,0.9728,0.74,1.29,-1.07,Sitting
136.68,116,57,56,94,78,69,0.0206,-0.0022,0.9882,2.25,0.07,-0.6,Sitting
136.7,116,29,71,102,98,71,0.0281,-0.0129,1.0143,0.98,0.07,-1.01,Sitting
136.72,123,45,50,110,112,43,0.0112,-0.0151,1.0003,-0.26,0.75,0.18,Sitting
136.74,127,61,52,72,86,101,0.0173,-0.0011,0.9937,0.2,-1.18,-1.07,Sitting
136.76,119,52,41,97,109,66,0.0249,0.0174,0.9937,-0.01,0.47,-0.06,Sitting
136.78,153,74,42,88,80,67,0.0118,0.0532,0.9637,1.0,-0.68,-0.11,Sitting
136.8,121,47,25,65,128,74,0.011,-0.0109,0.9918,-0.67,0.65,-0.41,Sitting
136.82,111,38,61,55,141,56,0.0077,-0.0206,0.9517,-0.23,-1.01,-1.24,Sitting
136.84,150,60,41,103,107,65,-0.0044,0.0117,0.9719,-0.89,0.2,0.06,Sitting
136.86,93,79,38,103,104,70,-0.0154,0.0012,0.975,0.34,0.76,-0.08,Sitting
136.88,75,46,31,76,91,42,-0.0186,0.0276,1.0153,-1.06,0.56,0.16,Sitting
136.9,108,39,56,77,135,78,0.0103,0.0103,1.0103,-0.38,0.02,-0.14,Sitting
136.92,122,72,61,66,99,82,-0.0054,0.0157,0.9945,-0.28,0.53,-0.45,Sitting
136.94,128,96,65,113,96,55,0.0464,0.0095,0.9875,-0.74,1.24,0.47,Sitting
136.96,156,58,52,103,123,94,0.0044,0.0061,0.9899,-0.57,-0.42,0.56,Sitting
136.98,96,76,50,85,116,52,0.0422,-0.0334,0.9613,-0.72,0.25,-0.51,Sitting
137.0,135,79,44,72,126,82,0.0354,0.0101,0.9992,-0.47,-1.29,-0.59,Sitting
137.02,114,71,42,97,102,32,0.0074,0.0375,1.0062,-0.39,0.31,0.09,Sitting
137.04,134,63,38,101,137,82,0.0355,0.0241,1.0275,1.27,-1.81,-0.4,Sitting
137.06,130,61,48,79,115,31,0.0265,-0.0015,1.0124,-1.13,-0.97,0.46,Sitting
137.08,128,72,82,88,94,82,0.0079,0.0275,0.9971,1.61,-1.17,0.88,Sitting
137.1,68,64,44,78,116,94,0.0022,0.0019,0.942,-0.29,0.02,-1.37,Sitting
137.12,139,89,54,91,103,93,0.0199,-0.0042,0.9914,-1.91,0.06,-0.03,Sitting
137.14,136,71,80,81,91,38,0.0088,0.0076,0.9833,0.5,0.98,-0.33,Sitting
137.16,153,54,37,56,133,64,-0.0096,-0.0145,0.9794,-1.06,0.34,-0.02,Sitting
137.18,127,59,51,71,93,62,0.0059,0.0022,0.9805,-0.15,-0.08,-1.01,Sitting
137.2,115,67,45,60,127,85,0.038,0.003,1.0066,-0.58,-0.42,-0.52,Sitting
137.22,113,56,47,84,88,90,0.007,-0.0069,0.9653,-0.06,-1.3,0.43,Sitting
137.24,124,62,55,94,110,52,0.0193,-0.0007,1.0236,-0.09,0.06,-0.38,Sitting
137.26,146,59,59,73,115,50,0.0212,0.0073,0.9934,-0.8,-0.43,-0.2,Sitting
137.28,117,72,48,81,96,58,0.0164,0.0287,0.9685,-0.03,0.21,0.42,Sitting
137.3,122,85,57,90,105,73,0.011,-0.0078,1.011,0.29,0.42,-0.64,Sitting
137.32,131,40,28,104,64,41,0.0245,0.0148,0.9669,0.02,2.18,0.56,Sitting
137.34,147,57,36,107,105,75,0.0364,0.0079,0.9802,-0.5,-0.59,-0.02,Sitting
137.36,113,30,49,82,116,73,-0.0176,0.0116,0.9981,-1.18,-0.15,0.1,Sitting
137.38,130,38,38,93,129,88,0.0403,-0.001,1.0042,-0.56,-1.46,0.02,Sitting
137.4,111,55,53,83,125,93,0.0315,-0.0148,1.0102,1.4,-0.08,0.49,Sitting
137.42,77,84,39,79,98,59,-0.0192,0.0119,1.0103,1.05,-0.51,-0.76,Sitting
137.44,106,58,55,103,115,75,0.0148,-0.0152,0.9748,1.71,-0.6,0.25,Sitting
137.46,96,75,67,109,95,65,0.0299,-0.0049,0.9911,-1.58,-1.09,-0.65,Sitting
137.48,103,58,50,85,113,92,0.0364,-0.0064,0.9669,-0.52,1.85,0.34,Sitting
137.5,168,38,38,68,97,64,-0.0074,0.0263,0.9718,-0.56,0.9,-0.77,Sitting
137.52,120,83,46,101,91,46,0.0137,0.0197,1.0147,0.25,0.07,0.13,Sitting
137.54,106,70,46,91,123,58,0.0243,0.0116,0.982,1.16,0.56,0.65,Sitting
137.56,87,56,48,60,161,84,0.0295,0.0027,0.9682,0.52,-0.19,-0.26,Sitting
137.58,113,64,93,68,127,24,0.0348,-0.0011,0.9366,0.69,0.98,0.18,Sitting
137.6,123,39,69,103,99,70,0.0079,-0.014,0.9815,-0.82,1.53,-1.2,Sitting
137.62,140,55,59,77,124,48,0.0354,-0.0075,1.0106,0.48,0.74,0.48,Sitting
137.64,117,54,67,74,96,64,0.0214,-0.0051,0.9803,0.47,1.05,0.06,Sitting
137.66,168,48,53,117,85,66,0.0323,0.0194,0.9666,0.35,-0.5,0.51,Sitting
137.68,103,85,47,85,106,67,0.0097,0.0432,0.9772,-0.53,-0.38,-0.08,Sitting
137.7,126,56,23,80,107,46,0.021,0.0216,0.9996,0.16,1.28,1.28,Sitting
137.72,128,70,65,90,113,73,0.0138,0.0212,0.9979,-0.09,0.81,-1.06,Sitting
137.74,130,77,55,82,104,54,0.0082,-0.0028,0.9754,1.04,-0.64,0.95,Sitting
137.76,122,65,36,59,116,82,-0.003,0.0143,1.004,-0.0,1.02,0.87,Sitting
137.78,120,54,36,69,97,83,0.0136,0.0469,1.0031,0.3,-0.11,0.98,Sitting
137.8,148,56,28,115,98,67,-0.0019,0.0308,0.9722,0.75,-0.22,-0.19,Sitting
137.82,99,62,65,91,120,37,0.03,-0.0304,1.0184,-0.34,-0.41,1.11,Sitting
137.84,101,64,56,84,102,55,0.0403,-0.0247,0.9505,-0.57,-0.07,0.24,Sitting
137.86,144,65,57,74,101,79,-0.0015,0.0169,1.0075,1.09,-0.77,-0.7,Sitting
137.88,108,44,76,80,79,55,0.0105,0.0283,1.0199,0.2,0.21,0.31,Sitting
137.9,125,53,62,91,123,73,-0.0018,0.0551,1.0185,1.6,0.42,-0.25,Sitting
137.92,121,64,36,88,83,78,0.0146,-0.0335,1.0205,0.03,0.57,-0.1,Sitting
137.94,130,46,43,117,71,66,0.0284,-0.0046,0.9709,-0.01,-0.29,0.19,Sitting
137.96,131,71,28,74,145,79,0.0189,0.0394,0.9912,0.13,-0.38,0.1,Sitting
137.98,109,25,28,85,101,78,0.0184,0.0248,0.9773,-0.57,0.33,0.31,Sitting
138.0,128,64,46,92,85,94,0.003,0.0273,0.9868,-0.4,1.37,1.77,Sitting
138.02,78,80,52,103,90,68,0.058,0.0105,1.0215,-0.78,1.17,0.51,Sitting
138.04,104,55,45,83,76,69,0.0213,-0.0033,1.0237,0.08,0.47,-0.36,Sitting
138.06,149,59,51,67,101,62,-0.0066,0.0116,0.9854,-0.19,-0.07,0.66,Sitting
138.08,95,64,70,87,108,71,-0.0015,0.0228,0.9906,0.92,-1.25,-0.59,Sitting
138.1,89,59,37,125,103,60,0.008,0.0244,0.976,-0.23,0.09,0.32,Sitting
138.12,96,31,47,123,97,54,0.0487,0.0072,0.9782,-0.19,-0.37,0.44,Sitting
138.14,111,63,63,103,145,70,0.0209,0.0158,0.9514,-0.55,0.54,-0.25,Sitting
138.16,110,32,44,80,89,86,0.0251,-0.0154,0.96,-0.18,-0.36,0.27,Sitting
138.18,130,66,32,86,113,45,-0.0188,0.0242,0.9822,-0.75,-0.72,0.13,Sitting
138.2,157,97,49,67,121,59,0.0377,-0.0076,0.9678,1.08,0.69,0.55,Sitting
138.22,88,65,58,110,101,81,0.0019,0.0225,1.0131,0.17,1.15,0.57,Sitting
138.24,131,85,36,90,93,77,0.0173,0.0336,1.0146,-0.78,0.74,1.5,Sitting
138.26,130,45,50,92,89,61,-0.0017,0.0562,0.9702,-0.65,-0.37,-0.84,Sitting
138.28,114,69,23,85,62,88,-0.0314,-0.009,0.9926,0.23,-0.97,-0.64,Sitting
138.3,140,86,90,55,109,69,0.022,-0.0095,0.9972,0.93,-1.09,-0.54,Sitting
138.32,80,51,44,87,91,69,-0.0336,0.0067,0.9765,-1.21,0.18,-0.89,Sitting
138.34,132,65,81,81,120,61,0.0243,-0.0046,0.9706,-0.12,-0.56,-0.08,Sitting
138.36,140,73,46,75,113,75,-0.0012,-0.0006,0.9743,0.07,-0.38,-0.27,Sitting
138.38,88,60,37,80,60,60,-0.0071,0.0079,1.0044,-0.73,-0.18,0.85,Sitting
138.4,156,47,35,100,113,73,0.0453,0.0414,1.0077,-0.23,0.26,0.8,Sitting
138.42,119,79,59,65,95,89,-0.0015,0.0297,0.9948,-1.15,1.06,-1.12,Sitting
138.44,148,65,38,61,103,81,-0.0045,-0.0093,0.9754,0.39,-0.02,-1.15,Sitting
138.46,147,46,36,118,139,81,0.0075,0.014,0.9905,-0.4,0.05,0.88,Sitting
138.48,112,59,63,80,92,25,-0.0178,0.0005,0.9902,-0.48,-0.02,-0.36,Sitting
138.5,143,67,37,86,79,59,0.002,0.017,0.998,-0.34,-1.36,-1.11,Sitting
138.52,105,52,83,56,101,71,-0.0063,-0.0064,0.987,0.14,0.93,0.56,Sitting
138.54,128,64,61,69,119,79,0.0011,0.0204,0.9808,-0.57,0.79,-0.14,Sitting
138.56,128,63,35,95,87,82,-0.0015,0.0319,0.979,0.17,-0.59,0.97,Sitting
138.58,148,69,52,81,94,43,-0.016,-0.0185,0.9835,0.2,0.04,0.46,Sitting
138.6,123,48,57,92,78,72,-0.0263,0.015,0.9811,-2.48,-0.17,-0.08,Sitting
138.62,114,33,48,78,122,53,0.0112,-0.0066,1.0003,-0.55,0.72,0.41,Sitting
138.64,148,74,30,110,119,56,0.0376,0.0102,1.0098,0.24,-1.39,-0.76,Sitting
138.66,103,40,50,122,73,61,-0.0205,-0.0097,0.986,-0.83,-0.16,0.84,Sitting
138.68,115,68,36,98,129,62,0.0181,0.0593,1.0009,1.3,0.09,-0.17,Sitting
138.7,132,61,67,96,124,80,-0.0233,-0.0137,0.982,1.02,0.46,0.07,Sitting
138.72,138,66,46,110,88,63,-0.0458,0.0008,0.9517,0.66,1.13,0.65,Sitting
138.74,90,72,59,112,150,68,0.0214,-0.0106,0.9857,0.71,1.0,-0.03,Sitting
138.76,153,59,62,94,112,80,-0.0246,-0.0018,0.9972,-1.07,-0.58,-0.29,Sitting
138.78,132,61,43,59,122,61,0.0217,-0.0012,1.0152,-0.23,0.04,-0.18,Sitting
138.8,153,74,54,103,76,73,0.0211,0.0268,1.0316,0.44,0.87,0.56,Sitting
138.82,138,84,27,94,103,84,0.0268,0.0199,1.0027,1.33,1.22,0.84,Sitting
138.84,122,51,46,125,122,62,0.0007,-0.0103,0.9869,0.81,0.65,-0.8,Sitting
138.86,140,61,48,73,119,70,0.0203,0.0027,0.9614,0.85,0.6,1.22,Sitting
138.88,135,61,43,100,159,83,0.029,-0.0139,0.9989,-1.27,-0.27,0.34,Sitting
138.9,121,82,59,80,86,66,-0.0011,0.0195,1.0307,-1.14,0.38,-0.35,Sitting
138.92,108,41,41,105,123,97,0.0384,0.004,0.9845,0.6,0.31,0.04,Sitting
138.94,100,88,24,84,105,45,-0.0176,0.0091,0.9849,0.55,0.13,-1.2,Sitting
138.96,119,57,66,91,106,60,0.0078,-0.0049,1.0255,0.08,0.85,0.31,Sitting
138.98,89,64,26,76,91,69,0.0227,0.0113,0.9669,0.08,1.57,1.11,Sitting
139.0,105,70,58,108,92,77,-0.0495,-0.0041,0.9958,0.7,1.15,0.89,Sitting
139.02,122,73,60,68,75,83,0.0278,0.0323,0.9739,0.12,0.03,-0.7,Sitting
139.04,107,57,81,72,96,64,0.0541,-0.0022,0.9924,0.92,-0.1,-0.94,Sitting
139.06,106,48,56,93,87,74,0.0565,0.0371,0.9518,0.49,1.67,-0.63,Sitting
139.08,137,51,23,81,116,55,0.0172,0.0038,1.0187,-0.34,0.29,1.02,Sitting
139.1,132,43,47,108,114,96,0.0347,0.0434,0.9484,0.92,-0.1,1.46,Sitting
139.12,132,49,50,52,102,68,0.0357,0.021,0.9634,0.16,-0.16,0.53,Sitting
139.14,121,61,46,105,129,44,-0.0345,0.0202,0.9882,-0.48,-0.27,0.52,Sitting
139.16,82,67,63,83,109,72,-0.0174,0.0196,0.985,-0.16,0.38,0.29,Sitting
139.18,121,91,45,86,100,33,0.0486,-0.0065,1.0041,0.73,-0.19,0.35,Sitting
139.2,149,49,50,111,91,87,0.0165,0.0296,0.9859,0.63,0.31,-0.69,Sitting
139.22,146,57,41,111,121,63,0.0134,-0.0131,0.9814,-0.02,-0.13,-0.38,Sitting
139.24,103,45,58,90,116,61,-0.0172,0.0047,0.9763,-0.24,0.67,-0.19,Sitting
139.26,129,41,47,90,139,95,0.0122,-0.0025,0.9738,-0.5,0.81,-0.09,Sitting
139.28,75,49,52,100,130,60,0.0129,0.0009,1.0016,-0.67,-0.17,-0.07,Sitting
139.3,119,53,56,103,49,60,0.0021,-0.0008,1.0388,-0.08,-0.99,-0.23,Sitting
139.32,160,80,65,78,110,67,-0.0006,0.0344,1.0092,0.01,-0.91,-0.92,Sitting
139.34,131,58,31,105,112,82,-0.0023,0.011,0.9833,-0.78,-0.13,0.22,Sitting
139.36,152,47,30,50,102,81,0.0215,0.0358,0.9398,-0.27,0.39,-0.35,Sitting
139.38,138,54,40,62,123,46,0.0019,-0.0004,0.9796,1.12,0.22,0.89,Sitting
139.4,104,74,61,91,106,59,-0.0042,-0.0166,0.9601,0.63,1.02,-0.73,Sitting
139.42,148,57,21,122,79,54,0.0136,-0.0157,1.0096,0.84,1.29,0.54,Sitting
139.44,91,47,48,103,114,70,-0.0058,0.0387,1.0097,-0.23,-0.76,0.66,Sitting
139.46,137,68,38,77,99,94,0.0287,0.0077,1.0154,-1.11,-0.95,-0.72,Sitting
139.48,124,82,51,79,105,79,0.0045,0.0153,1.0131,-0.77,0.53,0.1,Sitting
139.5,130,79,48,81,125,84,-0.0014,0.0428,0.9814,-0.01,-0.26,0.4,Sitting
139.52,114,72,53,97,101,53,-0.0404,0.0433,0.9505,-0.31,0.02,-0.06,Sitting
139.54,115,74,61,87,87,52,0.015,0.0104,0.949,-0.95,-0.03,0.92,Sitting
139.56,98,51,68,78,104,54,0.005,0.0471,1.0101,-0.31,0.76,-0.44,Sitting
139.58,110,87,58,67,88,38,0.0214,0.0385,0.9985,-0.49,-0.01,-0.22,Sitting
139.6,126,63,50,110,79,77,0.0083,-0.0111,0.9879,-0.17,-0.71,-0.94,Sitting
139.62,114,92,34,98,114,72,0.0146,0.0099,0.9625,-0.95,0.38,-0.64,Sitting
139.64,123,69,67,100,106,66,0.0131,-0.0357,1.0113,0.69,-0.68,-0.23,Sitting
139.66,106,67,40,76,137,69,0.0584,-0.0014,1.0129,0.61,0.13,-1.16,Sitting
139.68,112,40,69,57,132,67,0.0629,0.0111,0.9898,-0.37,0.26,0.19,Sitting
139.7,142,64,49,90,118,63,0.0365,0.0074,0.989,-0.29,-1.21,-0.11,Sitting
139.72,142,72,48,97,113,76,0.0162,0.0341,0.9705,1.65,0.25,0.01,Sitting
139.74,124,63,40,96,121,73,0.0036,0.0288,0.9641,-0.0,0.14,0.97,Sitting
139.76,154,68,75,67,103,97,-0.0161,0.0181,1.0034,-0.14,-0.89,-0.44,Sitting
139.78,112,45,59,64,108,72,0.017,0.0031,0.9778,0.11,-0.63,-0.2,Sitting
139.8,144,55,62,135,102,83,0.0091,-0.0227,0.9842,-0.64,0.31,0.19,Sitting
139.82,95,51,20,104,113,78,0.0101,0.0081,0.9958,0.23,0.52,0.26,Sitting
139.84,139,45,51,79,141,46,0.0188,0.0391,0.9911,-0.1,0.15,0.62,Sitting
139.86,126,58,94,97,80,45,0.0104,0.0321,0.9453,0.4,0.33,-0.52,Sitting
139.88,96,76,49,105,109,65,-0.0096,0.0314,0.9754,-0.42,-1.62,0.52,Sitting
139.9,146,49,49,136,110,66,-0.0147,-0.0399,0.9878,-0.69,0.91,0.04,Sitting
139.92,101,66,64,104,128,66,0.0083,0.0155,1.0631,0.72,0.73,-0.81,Sitting
139.94,148,43,58,92,129,70,0.0117,0.0384,1.0518,-0.87,1.12,0.26,Sitting
139.96,97,70,46,89,87,63,0.0269,0.0418,0.9963,-0.2,1.15,0.58,Sitting
139.98,125,53,40,79,125,63,-0.0034,0.0186,0.9897,-0.4,-0.4,0.41,Sitting
140.0,87,62,56,102,65,86,0.029,0.0059,0.983,0.37,-0.57,-0.6,Sitting
140.02,157,42,51,79,102,103,0.0242,-0.0037,0.9587,-0.12,-0.79,-0.41,Sitting
140.04,123,66,70,87,101,65,-0.0112,0.0003,1.0089,0.48,1.14,0.08,Sitting
140.06,138,59,37,96,106,65,0.0211,0.0125,0.9964,-0.6,1.0,-0.29,Sitting
140.08,92,51,54,45,108,59,0.033,0.0465,1.0217,-0.78,-1.93,-0.16,Sitting
140.1,103,76,49,108,92,67,0.0185,0.0344,0.9798,-0.18,0.96,0.6,Sitting
140.12,141,56,45,102,85,104,-0.0189,0.0102,0.9915,1.68,-0.58,-0.01,Sitting
140.14,106,60,32,80,115,62,-0.0004,-0.0028,1.0246,-1.31,-1.28,-0.07,Sitting
140.16,117,75,37,83,66,65,0.0034,0.0293,1.0163,-1.3,-1.25,0.33,Sitting
140.18,143,75,63,97,98,79,-0.0296,0.0202,0.9844,0.3,-0.23,1.57,Sitting
140.2,132,61,43,82,105,83,0.013,0.0027,0.9481,0.84,0.01,-1.07,Sitting
140.22,116,41,52,68,70,53,-0.0008,-0.0162,0.9907,0.89,-0.39,-0.64,Sitting
140.24,106,49,57,82,124,85,-0.0145,0.0419,0.9755,-0.53,-0.86,0.56,Sitting
140.26,119,64,73,94,120,93,0.0347,0.0005,0.9675,0.1,-1.82,-0.3,Sitting
140.28,142,83,64,63,115,45,0.0015,0.0281,0.9885,-0.16,-0.98,-0.69,Sitting
140.3,107,62,44,83,122,62,0.0189,0.0226,0.9661,0.05,1.52,-0.57,Sitting
140.32,107,69,63,100,110,74,0.0143,0.0456,0.9661,0.0,0.86,-0.81,Sitting
140.34,135,47,56,89,90,97,0.0149,0.0329,0.9693,-0.27,-0.9,0.17,Sitting
140.36,110,84,82,70,79,61,-0.0096,0.0095,0.9986,-0.1,-0.09,0.44,Sitting
140.38,128,64,49,80,82,68,0.0179,0.0429,1.0038,-0.23,-1.3,0.86,Sitting
140.4,148,58,25,71,99,83,0.0292,0.0254,0.9903,-0.23,0.21,-0.58,Sitting
140.42,167,25,39,90,102,75,-0.0028,0.0338,1.0043,0.91,0.35,-0.91,Sitting
140.44,132,48,16,108,82,47,0.058,0.0195,0.9624,1.04,0.63,0.39,Sitting
140.46,123,65,58,94,113,93,0.0208,-0.0044,0.9592,-0.63,-0.28,-0.8,Sitting
140.48,144,52,51,98,92,58,0.0051,-0.0244,1.0134,1.08,-1.35,-0.07,Sitting
140.5,102,53,40,74,88,49,0.0242,0.0186,1.0133,-1.34,0.92,0.09,Sitting
140.52,145,66,36,116,101,66,0.053,0.0076,1.0228,-0.43,0.76,0.33,Sitting
140.54,104,67,72,76,120,54,-0.0226,0.0125,1.0083,-0.25,-0.46,-0.36,Sitting
140.56,102,46,66,94,74,64,0.0021,0.0251,1.0174,-0.04,-0.89,-0.39,Sitting
140.58,171,56,38,103,121,76,-0.0023,-0.0088,0.956,-0.62,1.32,-0.13,Sitting
140.6,129,52,52,86,124,52,0.0142,-0.0295,1.0112,0.74,0.0,0.34,Sitting
140.62,152,94,47,101,117,80,-0.0076,0.0166,0.9849,0.05,-0.89,-0.23,Sitting
140.64,110,43,57,110,134,75,0.0137,-0.0185,1.0079,0.31,-0.68,0.13,Sitting
140.66,113,68,63,89,92,49,0.0172,-0.0123,0.9964,0.03,-0.3,0.22,Sitting
140.68,83,52,48,62,98,58,-0.0137,0.052,0.9839,-0.17,-0.69,0.68,Sitting
140.7,149,61,24,67,123,87,-0.0077,0.0322,1.0031,0.11,1.0,0.12,Sitting
140.72,140,48,65,86,108,73,0.0288,0.0331,0.9747,-0.41,0.01,0.74,Sitting
140.74,99,64,71,87,112,82,0.0018,0.014,1.0191,-0.89,-0.58,-0.12,Sitting
140.76,107,54,52,136,136,86,0.0067,-0.0121,0.9859,0.07,-1.14,-0.08,Sitting
140.78,107,69,76,82,127,71,0.0289,0.0326,0.9611,0.75,-0.7,1.14,Sitting
140.8,125,83,50,70,116,98,0.0424,0.0104,1.0325,0.53,0.52,-0.01,Sitting
140.82,132,60,32,79,143,50,-0.0245,0.0274,0.9806,-1.41,-0.08,0.31,Sitting
140.84,132,45,37,77,96,62,0.0001,0.0075,1.0,-1.3,1.66,0.42,Sitting
140.86,133,53,32,73,108,61,0.0326,0.0214,0.9951,1.3,0.37,-0.22,Sitting
140.88,114,84,44,85,104,69,-0.0033,0.0221,0.995,0.33,-1.41,-0.33,Sitting
140.9,136,63,62,66,107,81,0.0309,0.008,0.974,-0.31,-0.75,0.25,Sitting
140.92,127,61,30,85,101,59,0.0024,0.0482,0.983,-0.31,-0.38,-1.18,Sitting
140.94,122,41,45,88,83,56,-0.0071,0.0473,0.9852,-1.04,2.08,0.24,Sitting
140.96,120,54,67,91,118,92,-0.0213,0.0194,0.9851,-1.12,1.37,0.86,Sitting
140.98,140,66,41,93,112,67,0.0192,-0.0264,0.9726,-1.15,0.47,0.62,Sitting
141.0,121,45,18,94,151,92,0.0121,0.0211,0.9848,-0.39,1.41,-0.11,Sitting
141.02,129,69,61,85,115,107,0.0082,-0.0013,0.9681,-0.88,0.99,-0.12,Sitting
141.04,128,57,60,102,103,52,-0.0351,0.0232,1.0052,-2.53,1.13,-0.27,Sitting
141.06,161,55,30,103,78,48,-0.0208,0.0155,0.9827,0.57,0.23,0.99,Sitting
141.08,132,74,42,88,114,74,-0.0039,0.019,0.9735,-0.7,0.36,0.33,Sitting
141.1,82,85,53,74,134,62,-0.0174,-0.0081,1.0107,0.09,-2.04,-0.48,Sitting
141.12,123,66,36,103,132,64,-0.005,0.007,1.0104,0.85,0.02,0.2,Sitting
141.14,117,70,35,72,98,70,0.0154,0.0515,1.0059,-1.05,-0.14,-0.6,Sitting
141.16,139,85,46,75,99,49,0.0183,0.0265,0.993,0.86,-0.01,-0.02,Sitting
141.18,105,51,29,44,62,56,0.0435,0.0194,1.0044,1.02,-0.28,-0.85,Sitting
141.2,113,52,40,110,131,99,-0.0027,0.0444,0.9624,-1.19,-0.18,-0.14,Sitting
141.22,117,67,44,76,87,82,0.0151,0.024,0.9905,0.09,-1.07,-0.14,Sitting
141.24,138,85,25,114,118,51,-0.0035,0.0168,0.997,2.12,-1.87,0.05,Sitting
141.26,88,49,39,101,73,59,0.0126,0.0172,0.9679,-0.43,0.86,0.84,Sitting
141.28,118,64,62,102,97,77,0.0112,0.0109,0.9898,0.9,1.68,-0.82,Sitting
141.3,119,46,50,92,113,71,-0.0018,0.0122,0.9961,-0.26,-0.93,-0.15,Sitting
141.32,116,67,56,76,138,48,0.0037,-0.0005,0.9972,0.09,-0.96,-0.47,Sitting
141.34,162,47,66,137,110,73,0.041,0.0293,1.0044,0.48,-1.14,0.4,Sitting
141.36,97,76,99,78,97,55,0.0299,0.0175,0.9695,-0.47,0.17,-0.13,Sitting
141.38,162,74,54,61,105,92,-0.0042,0.0145,0.9864,1.13,-1.05,0.27,Sitting
141.4,97,56,52,73,138,51,-0.0015,-0.0071,0.9823,0.79,0.45,-0.45,Sitting
141.42,117,83,20,72,95,40,0.0025,0.0327,0.9756,0.33,1.44,-0.48,Sitting
141.44,113,30,45,86,104,42,0.0053,0.0131,0.9694,0.17,-1.22,-0.63,Sitting
141.46,134,52,67,105,116,72,-0.0066,0.0164,0.968,0.66,-0.35,-1.01,Sitting
141.48,138,61,41,107,71,69,-0.0079,0.0093,0.9545,0.25,-0.28,0.34,Sitting
141.5,118,58,18,90,99,102,0.0333,0.0182,0.9916,-0.64,0.3,0.79,Sitting
141.52,126,70,37,80,92,88,0.0,0.0263,0.9781,-0.07,1.14,0.44,Sitting
141.54,70,65,40,128,102,87,0.0338,0.0211,0.9905,-1.0,-0.5,0.2,Sitting
141.56,83,69,39,70,102,76,-0.0153,0.0244,0.9909,-0.23,-0.38,0.04,Sitting
141.58,90,70,57,99,103,84,0.0204,0.037,0.9477,0.59,0.55,-0.42,Sitting
141.6,111,46,49,75,106,72,0.0097,0.0278,0.9941,-1.45,-0.88,0.11,Sitting
141.62,103,37,63,80,88,50,-0.0236,-0.0183,0.9679,0.36,1.41,0.21,Sitting
141.64,133,46,46,84,85,36,-0.0008,0.027,0.9847,-0.34,0.88,0.23,Sitting
141.66,94,57,37,76,94,77,0.0006,0.0582,0.9698,-0.06,0.24,-0.34,Sitting
141.68,140,61,14,88,95,72,0.0286,0.0304,1.0172,0.28,-0.43,0.43,Sitting
141.7,121,74,52,76,128,74,0.0107,-0.0012,1.0501,-0.52,-0.84,0.67,Sitting
141.72,112,59,44,78,87,86,0.0116,-0.0019,0.9566,0.58,0.02,-0.82,Sitting
141.74,121,68,43,120,84,84,0.0135,-0.0095,0.9847,0.78,1.04,-0.08,Sitting
141.76,131,67,41,76,131,74,0.0212,-0.0011,0.9842,-0.0,0.32,-0.96,Sitting
141.78,131,90,63,90,108,96,0.0079,0.019,0.9856,-1.74,-0.1,0.33,Sitting
141.8,99,59,24,93,111,77,-0.0029,0.0124,0.994,-0.07,-1.72,0.41,Sitting
141.82,158,46,34,52,123,61,0.0044,-0.0082,1.0142,0.14,0.1,-0.08,Sitting
141.84,108,68,46,102,97,69,-0.0097,0.0243,1.0023,0.4,-0.7,-0.82,Sitting
141.86,125,55,41,83,138,74,0.0461,0.0207,0.9887,-2.13,-0.72,0.5,Sitting
141.88,80,68,56,83,116,64,-0.0153,0.0166,1.0237,0.69,0.38,-0.02,Sitting
141.9,136,49,50,110,116,74,0.0268,0.0024,1.01,0.48,-0.51,1.4,Sitting
141.92,123,38,36,91,98,75,0.0215,-0.011,0.9814,0.36,0.14,-0.8,Sitting
141.94,106,39,81,83,110,56,0.0007,0.0212,0.9912,1.89,0.58,0.71,Sitting
141.96,133,75,38,87,110,84,-0.0307,0.0152,0.9798,0.3,0.61,-1.38,Sitting
141.98,97,59,29,43,94,59,0.0289,0.0148,0.997,1.43,-0.06,-0.78,Sitting
142.0,101,80,75,82,141,67,0.027,0.0472,0.9959,0.16,0.01,-0.53,Sitting
142.02,124,56,25,94,96,94,-0.006,0.0126,0.9867,2.13,0.71,0.21,Sitting
142.04,124,64,69,128,118,71,0.0055,-0.0308,1.0019,0.35,-0.59,0.63,Sitting
142.06,120,68,46,102,98,72,0.0172,0.0329,1.0072,-0.81,-0.05,0.57,Sitting
142.08,126,58,58,95,120,87,-0.0159,-0.0145,1.0153,-0.26,-0.56,0.07,Sitting
142.1,154,42,64,84,101,103,0.0025,0.0277,1.0261,0.4,0.73,0.81,Sitting
142.12,109,69,37,82,103,83,0.01,-0.0201,0.9571,-1.23,-0.61,-0.51,Sitting
142.14,145,76,90,89,84,84,-0.0266,0.0134,0.9607,1.58,-1.67,0.39,Sitting
142.16,126,52,71,75,102,55,0.0091,0.0419,0.9705,0.24,-0.04,0.55,Sitting
142.18,93,72,77,57,91,58,-0.0157,0.0272,1.0033,-0.54,-0.36,-0.42,Sitting
142.2,116,49,58,83,124,76,0.0592,-0.0057,0.9795,-0.1,0.09,-0.05,Sitting
142.22,92,60,51,71,125,75,0.0189,-0.0008,0.9861,0.06,0.92,-0.03,Sitting
142.24,101,59,43,98,87,66,0.0147,0.0147,1.0029,-0.56,0.99,0.4,Sitting
142.26,88,81,52,117,89,59,0.0107,-0.0324,1.0049,0.07,-0.13,0.06,Sitting
142.28,140,63,24,86,98,62,0.0051,0.0452,1.0006,0.61,0.59,0.39,Sitting
142.3,113,47,41,74,135,66,0.0054,-0.023,0.9826,-0.14,-0.81,-0.18,Sitting
142.32,134,40,65,81,119,72,-0.001,-0.0064,1.0078,0.81,-0.18,0.38,Sitting
142.34,118,72,54,78,94,85,0.0111,0.0087,0.9734,0.76,0.69,0.64,Sitting
142.36,150,56,56,89,118,76,0.0081,0.0527,0.9681,-0.69,1.21,-0.55,Sitting
142.38,122,40,75,92,102,66,0.0127,-0.0047,1.003,0.48,-0.73,-0.28,Sitting
142.4,97,72,49,132,80,51,-0.0225,0.0434,0.9824,0.45,-0.08,-0.37,Sitting
142.42,126,73,48,144,85,61,0.0223,0.0086,0.9739,-0.36,-1.26,0.83,Sitting
142.44,124,76,44,58,124,64,0.0081,0.0152,0.978,0.31,-0.24,0.12,Sitting
142.46,140,62,57,87,56,64,0.0138,-0.0045,0.9776,0.53,0.89,-0.82,Sitting
142.48,96,51,57,93,77,67,-0.003,0.0281,0.9667,-1.1,0.19,-0.61,Sitting
142.5,115,52,49,92,108,54,-0.0139,0.0089,0.9709,-0.8,-0.14,-0.13,Sitting
142.52,84,77,76,83,108,88,-0.0082,0.0027,1.0013,-0.44,2.24,0.73,Sitting
142.54,116,38,5,87,137,66,0.0295,-0.0039,1.0016,-0.12,-0.72,0.9,Sitting
142.56,133,72,34,99,80,64,0.009,0.0252,1.0074,-0.94,0.05,0.19,Sitting
142.58,82,58,28,98,143,74,-0.0142,-0.0082,0.9859,0.09,-0.05,0.62,Sitting
142.6,121,44,39,104,128,93,-0.003,-0.0008,1.016,-0.15,-0.09,0.1,Sitting
142.62,102,29,46,92,112,103,0.003,0.0315,0.9936,1.53,-0.75,0.39,Sitting
142.64,97,69,46,88,116,75,0.0038,0.0286,0.9894,-1.13,-0.41,-1.28,Sitting
142.66,120,47,49,116,115,99,0.0272,0.0339,0.9671,0.05,-1.53,0.48,Sitting
142.68,125,69,45,106,127,89,-0.0083,0.0054,0.9815,0.19,-1.41,1.12,Sitting
142.7,123,66,32,59,99,55,0.0003,0.0452,0.967,0.01,-0.88,-0.15,Sitting
142.72,110,46,84,91,97,69,0.0066,-0.0195,1.0156,0.08,-1.2,-0.38,Sitting
142.74,108,70,39,80,60,77,-0.016,0.0179,0.9989,-0.41,0.59,0.17,Sitting
142.76,120,65,59,132,106,61,-0.0178,0.0141,0.9584,-0.53,0.18,-0.35,Sitting
142.78,103,68,64,80,113,72,0.0002,0.0667,0.9856,-0.4,0.54,0.46,Sitting
142.8,109,77,47,91,90,78,0.0027,0.0296,0.9472,-0.86,-1.7,0.04,Sitting
142.82,133,42,45,102,126,80,0.0147,0.0294,0.9654,0.64,0.47,0.18,Sitting
142.84,187,60,52,110,73,58,0.026,0.0121,0.9881,-0.78,1.7,0.14,Sitting
142.86,117,79,78,115,87,78,-0.0012,-0.0167,1.0119,1.18,0.85,-0.56,Sitting
142.88,121,64,42,111,86,71,0.0104,0.0125,0.9891,2.26,-0.6,0.71,Sitting
142.9,140,57,42,72,128,64,0.0293,0.0168,1.0154,1.23,1.04,-0.61,Sitting
142.92,119,53,45,85,95,75,0.0025,-0.022,0.9834,1.53,-1.15,-0.77,Sitting
142.94,103,47,52,101,135,85,0.0333,-0.0152,0.9891,-0.91,-0.31,0.16,Sitting
142.96,123,68,13,73,107,77,0.0475,0.0217,0.9647,0.07,-1.34,-0.37,Sitting
142.98,105,45,78,99,104,47,-0.0303,0.0253,0.9838,0.28,1.0,-0.62,Sitting
143.0,126,63,66,86,110,71,0.0261,0.0194,0.9822,0.4,0.37,-0.25,Sitting
143.02,144,79,64,91,114,60,0.0229,-0.0216,1.0101,0.06,-0.53,0.97,Sitting
143.04,133,81,43,75,124,94,-0.01,0.0135,0.9779,0.31,0.12,-0.22,Sitting
143.06,127,41,44,89,141,99,-0.0015,0.0067,0.9902,-0.14,1.17,-0.95,Sitting
143.08,145,56,23,87,122,79,0.0215,0.0475,1.0088,-0.88,1.97,-0.32,Sitting
143.1,133,38,35,98,91,79,-0.0287,0.0291,1.0265,-0.61,0.81,0.11,Sitting
143.12,133,71,57,83,111,68,0.0411,0.0287,0.9456,-0.09,0.65,-0.53,Sitting
143.14,100,44,26,83,109,50,0.0122,0.0239,0.9724,0.01,-0.03,0.39,Sitting
143.16,182,53,21,87,127,56,0.0064,0.0017,0.964,-0.62,1.17,-0.62,Sitting
143.18,131,52,34,93,110,89,0.0285,0.0064,1.0016,0.14,-0.12,-0.19,Sitting
143.2,145,48,15,54,77,66,0.0211,-0.0062,1.0035,-1.72,0.43,0.5,Sitting
143.22,115,59,52,108,119,45,0.0078,0.015,1.0105,0.51,-0.29,0.42,Sitting
143.24,106,65,70,88,89,68,0.0343,0.0318,0.9688,-0.69,1.62,-0.52,Sitting
143.26,119,57,51,87,89,82,0.0206,0.0222,0.9839,0.19,-0.74,0.34,Sitting
143.28,108,62,44,85,91,74,0.0044,0.0383,0.9765,-0.89,-0.22,0.3,Sitting
143.3,89,63,30,69,107,49,-0.0021,0.0618,0.9932,0.16,0.31,0.89,Sitting
143.32,90,76,74,104,110,26,0.0154,-0.0382,0.9715,-0.56,0.24,0.15,Sitting
143.34,129,40,47,94,118,36,-0.0131,0.0257,0.9843,0.18,1.4,0.56,Sitting
143.36,104,57,33,71,123,92,0.0227,-0.0042,1.0029,-0.12,-0.06,0.2,Sitting
143.38,123,58,47,61,115,82,0.0388,-0.013,0.9993,-0.36,0.05,0.14,Sitting
143.4,115,60,41,96,101,79,0.0269,-0.0295,0.9876,-0.38,-0.8,0.22,Sitting
143.42,132,69,33,78,124,77,0.0128,-0.0224,1.0361,-1.24,-1.03,-0.25,Sitting
143.44,100,74,50,68,93,67,-0.0083,-0.0467,0.9727,0.57,0.91,0.57,Sitting
143.46,112,64,40,90,95,53,0.0143,0.01,1.0118,-0.85,0.33,-1.18,Sitting
143.48,106,43,51,79,107,69,-0.0253,0.0115,0.9884,-0.44,-1.35,-1.32,Sitting
143.5,85,73,47,40,99,98,-0.0222,0.0141,0.957,-0.83,-0.25,0.95,Sitting
143.52,71,51,58,121,123,59,0.0058,0.0134,1.0014,0.23,0.81,-0.38,Sitting
143.54,104,77,53,97,101,66,0.0441,-0.0055,1.0528,-0.34,0.73,-0.34,Sitting
143.56,151,46,50,88,114,76,-0.0081,0.0059,0.9821,-1.14,1.21,-0.06,Sitting
143.58,133,93,72,82,128,37,-0.0012,0.0153,0.9975,0.94,-0.61,0.79,Sitting
143.6,111,71,63,74,146,49,-0.0027,0.0455,0.967,0.13,-0.05,0.58,Sitting
143.62,123,55,39,102,111,68,0.0146,-0.0182,1.0239,0.31,-0.81,0.37,Sitting
143.64,144,72,79,83,82,85,0.0155,0.0139,1.0058,-0.54,-0.99,-0.26,Sitting
143.66,132,62,74,62,99,96,0.006,0.0,0.9924,0.23,-0.15,-0.0,Sitting
143.68,132,71,69,92,135,68,0.0105,0.0049,0.9979,0.72,-0.43,-0.11,Sitting
143.7,98,35,71,105,100,86,0.0219,0.0137,0.9965,0.07,0.24,0.04,Sitting
143.72,119,63,75,106,100,59,0.0432,0.0141,1.0088,-1.22,-1.56,-0.02,Sitting
143.74,98,40,66,94,103,80,0.0269,0.0079,1.0024,0.19,0.25,0.24,Sitting
143.76,133,58,44,101,103,53,0.0356,-0.014,1.0337,0.3,1.32,-0.29,Sitting
143.78,117,71,46,102,63,48,0.0031,0.0307,0.9799,-0.45,0.79,0.34,Sitting
143.8,105,44,48,97,106,79,-0.0008,0.0562,1.0031,0.1,0.78,-0.4,Sitting
143.82,131,49,70,98,96,76,-0.0069,0.0253,0.9681,-0.29,-0.14,-0.14,Sitting
143.84,109,35,45,87,101,59,0.0119,-0.0153,0.9689,-1.06,0.33,0.77,Sitting
143.86,99,70,86,104,118,76,0.0015,-0.0232,0.9433,-0.16,0.9,-0.26,Sitting
143.88,115,41,44,112,98,62,0.0159,0.0318,0.9783,-0.8,0.73,0.52,Sitting
143.9,125,51,75,106,97,63,0.0247,-0.0105,1.012,-1.53,0.48,0.62,Sitting
143.92,127,74,68,112,128,98,-0.0272,-0.0055,1.0241,-0.79,-1.6,0.37,Sitting
143.94,96,79,47,74,97,83,0.0171,0.0183,1.0447,0.64,-1.14,-0.52,Sitting
143.96,107,63,48,50,124,74,0.0102,0.0097,0.9822,0.3,-0.94,-0.55,Sitting
143.98,102,50,24,103,112,42,0.029,0.0091,0.9751,0.3,-1.05,-0.73,Sitting
144.0,961,270,221,378,447,165,-0.0217,0.0817,0.994,-0.62,0.48,1.63,Fall
144.02,1028,273,201,427,431,195,0.0281,-0.0339,0.986,0.17,-0.77,-0.07,Fall
144.04,1006,295,224,409,460,177,-0.0026,0.0122,0.9672,-1.34,0.42,1.63,Fall
144.06,1004,279,182,428,441,181,0.0294,0.0058,1.0041,-0.48,0.66,-0.76,Fall
144.08,998,285,217,419,446,181,0.0219,0.0341,1.0216,0.39,2.57,-0.37,Fall
144.1,1027,286,219,338,425,164,0.0725,-0.0406,1.0064,-0.84,1.18,0.91,Fall
144.12,978,276,218,369,477,183,0.0109,-0.0002,1.017,-1.35,0.1,0.96,Fall
144.14,1006,267,220,396,430,159,0.0276,0.0187,1.0529,-0.19,-0.7,-0.09,Fall
144.16,1013,282,209,354,443,191,0.0074,0.0124,0.9976,-0.49,0.08,0.48,Fall
144.18,1007,296,211,375,397,184,-0.0136,-0.0374,1.049,1.82,0.77,0.4,Fall
144.2,1043,291,218,370,446,189,-0.0121,0.0405,1.0131,-0.59,-0.81,0.66,Fall
144.22,1051,299,193,404,431,153,0.0005,0.0429,0.9457,0.3,-1.15,0.99,Fall
144.24,1046,294,186,373,441,142,0.0405,-0.0141,1.022,-1.56,0.91,-0.42,Fall
144.26,1055,326,167,381,407,143,0.0437,-0.0394,0.9957,-0.68,0.63,0.04,Fall
144.28,988,265,178,361,415,136,-0.0064,-0.0044,0.9844,-1.04,-0.11,0.12,Fall
144.3,1026,292,196,370,439,172,0.0225,0.0102,0.992,-0.27,1.74,0.14,Fall
144.32,1014,255,215,359,383,166,0.0389,0.0039,1.0255,-0.07,1.82,-0.01,Fall
144.34,1057,287,220,353,372,175,-0.0047,-0.0418,1.0581,-1.31,-0.79,0.97,Fall
144.36,1028,296,201,352,400,189,0.0599,0.0145,0.9982,1.89,-1.46,1.45,Fall
144.38,1069,299,182,327,413,150,0.0275,0.0111,0.9067,-3.15,-0.1,0.47,Fall
144.4,1082,280,181,349,390,161,-0.0395,-0.0247,0.985,-0.96,-0.58,0.05,Fall
144.42,1087,282,178,322,392,143,-0.0268,0.0087,0.8979,-0.16,-0.94,-0.07,Fall
144.44,1026,295,181,324,421,154,0.0468,0.0302,1.1244,-0.49,1.19,0.74,Fall
144.46,1015,283,157,311,372,158,0.0232,-0.0006,1.0166,1.67,-1.76,0.32,Fall
144.48,1015,290,197,348,387,149,0.0268,0.055,1.0684,-0.56,1.8,-0.38,Fall
144.5,1065,325,194,327,367,164,0.0209,0.0325,1.0032,0.91,-0.72,-0.57,Fall
144.52,1032,307,179,367,375,169,0.0277,-0.0145,0.9919,1.99,-0.25,-0.46,Fall
144.54,1096,289,188,325,381,144,0.0419,0.0223,0.9828,-0.59,0.2,0.53,Fall
144.56,1071,301,181,329,411,152,0.0734,0.0053,1.0097,-0.06,-0.31,-0.06,Fall
144.58,1040,304,200,298,381,148,0.0025,0.0018,1.023,1.29,0.71,0.39,Fall
144.6,1051,316,181,336,379,145,-0.0166,-0.0164,1.0346,-1.15,-1.14,-0.86,Fall
144.62,1033,302,178,292,396,136,0.0046,0.0587,0.9784,1.0,-0.48,-2.18,Fall
144.64,1036,273,186,323,393,126,0.034,0.0014,0.98,-0.99,-0.61,1.59,Fall
144.66,1079,306,171,323,346,134,-0.0034,-0.044,0.9906,1.68,0.54,0.11,Fall
144.68,1040,323,174,299,363,115,-0.0007,-0.0068,1.0376,-1.21,-0.89,0.68,Fall
144.7,1077,289,147,296,398,137,0.0427,-0.0233,0.9618,-0.24,0.62,-0.73,Fall
144.72,1096,312,186,310,358,104,-0.0043,-0.0273,1.0604,-0.54,-0.88,-0.91,Fall
144.74,1035,304,165,312,354,129,0.0343,0.0543,1.01,-0.36,-0.09,-2.13,Fall
144.76,1086,303,181,350,349,126,0.0187,0.0585,0.9852,1.88,0.5,0.62,Fall
144.78,1066,276,160,316,371,137,0.014,-0.0062,0.9992,-1.18,0.18,0.28,Fall
144.8,1072,324,171,316,337,161,0.0083,-0.0189,0.9035,0.36,0.62,0.53,Fall
144.82,1078,292,189,313,413,131,-0.0049,0.0333,1.005,1.01,-1.23,-0.24,Fall
144.84,1083,331,174,299,344,159,-0.0058,-0.002,0.993,0.82,-0.27,0.24,Fall
144.86,1088,322,164,288,348,110,0.0395,0.006,1.0458,0.5,1.73,0.15,Fall
144.88,1085,333,186,299,393,128,0.0184,-0.0371,1.0562,0.13,-1.23,0.81,Fall
144.9,1047,328,219,282,372,160,0.0259,0.0036,1.1161,-1.16,-1.79,0.11,Fall
144.92,1065,309,161,317,383,139,-0.02,0.0235,0.9586,0.7,0.36,1.94,Fall
144.94,1022,334,169,299,361,143,0.0289,0.0216,1.0519,0.47,0.05,-0.87,Fall
144.96,1122,330,154,320,361,140,0.0566,0.0009,0.9848,-1.28,-0.37,0.33,Fall
144.98,1018,299,139,288,364,147,-0.0382,-0.0045,0.9704,-0.36,-0.14,0.56,Fall
145.0,1068,311,142,299,368,143,0.0265,-0.0065,1.0188,0.32,0.55,0.0,Fall
145.02,1113,324,182,301,355,127,-0.0298,0.071,1.1069,0.39,0.76,0.07,Fall
145.04,1083,315,192,315,367,141,0.0492,0.0416,1.0629,0.12,-0.36,-0.54,Fall
145.06,1026,319,172,290,345,132,0.0212,0.0468,1.0109,2.14,-1.14,-0.62,Fall
145.08,1070,309,184,319,376,134,-0.0161,-0.0156,0.9648,-0.72,-2.46,-0.48,Fall
145.1,1085,282,209,333,346,136,0.0182,0.0466,1.0294,1.06,0.28,0.31,Fall
145.12,1086,329,160,307,366,84,0.0081,-0.0204,1.0246,0.31,0.78,0.0,Fall
145.14,1043,297,159,320,343,147,0.0591,0.014,1.0214,-0.96,0.04,-0.49,Fall
145.16,1058,305,169,328,375,141,0.004,0.0283,0.9952,-0.97,-0.34,-0.46,Fall
145.18,1062,332,161,290,383,112,-0.0058,0.0079,0.9732,-2.17,-0.74,-0.56,Fall
145.2,1054,298,182,322,343,133,0.032,-0.0226,1.0788,-0.29,-1.45,0.53,Fall
145.22,1038,308,188,308,339,129,-0.019,0.0934,0.9915,0.3,-0.57,0.88,Fall
145.24,1079,311,175,331,372,151,0.0162,0.0067,0.9181,0.83,-0.37,-0.93,Fall
145.26,1079,313,163,341,409,149,0.0297,0.0328,0.9692,-1.25,-0.56,-0.48,Fall
145.28,1065,326,148,331,364,123,0.0443,0.0433,1.065,-0.76,0.67,-0.09,Fall
145.3,1069,309,177,335,373,143,0.0386,0.0023,1.0031,1.18,-1.38,-0.85,Fall
145.32,1060,309,194,315,361,135,0.0106,0.0058,1.0351,-0.08,-0.89,-0.99,Fall
145.34,1052,304,182,314,394,110,0.0762,0.0063,1.0111,1.97,-0.52,0.4,Fall
145.36,1068,323,177,323,370,148,0.029,-0.007,1.0036,-0.65,-0.75,0.5,Fall
145.38,1046,300,199,322,338,165,0.0032,-0.0032,0.9776,-0.46,0.82,0.11,Fall
145.4,1071,287,177,321,373,137,0.0052,0.0286,0.9985,-0.98,1.0,0.55,Fall
145.42,1062,300,166,336,360,148,0.0094,0.0006,0.9827,-0.51,-0.41,0.7,Fall
145.44,1086,302,192,325,379,154,0.0585,0.0053,1.104,-0.86,-2.15,-0.01,Fall
145.46,1070,285,204,310,339,164,0.009,0.061,0.9685,0.28,0.37,-0.38,Fall
145.48,1022,300,155,329,357,138,0.0398,-0.0353,0.9471,-0.47,-2.1,0.66,Fall
145.5,1054,307,213,305,381,160,0.002,0.0018,0.9949,0.95,-0.46,-0.08,Fall
145.52,1028,289,194,308,375,131,0.0089,0.0109,1.0202,-1.05,-1.35,-0.42,Fall
145.54,1076,293,203,330,394,112,0.0703,0.0249,1.0109,0.83,-0.36,-0.96,Fall
145.56,1048,303,171,350,420,181,0.059,-0.0051,0.9957,1.13,2.85,-0.84,Fall
145.58,1065,284,207,349,386,153,0.0264,0.0195,0.9503,1.03,0.65,-0.2,Fall
145.6,1060,303,189,309,398,142,0.0602,0.0089,0.9514,-0.94,1.51,-0.29,Fall
145.62,1034,302,192,361,414,130,0.0232,0.0042,1.0261,0.62,-0.85,1.19,Fall
145.64,998,263,173,342,409,155,0.0056,-0.0261,0.981,0.47,-1.44,0.39,Fall
145.66,1050,257,200,352,420,160,0.0213,-0.0188,0.9574,0.87,1.5,0.71,Fall
145.68,1031,304,203,350,393,126,0.0137,0.0256,1.0058,-1.03,-1.25,-0.16,Fall
145.7,1062,285,206,375,428,162,-0.0018,0.0082,1.0239,2.12,-0.16,-0.18,Fall
145.72,1007,273,193,359,405,179,0.0656,0.0201,1.0026,1.26,-0.21,0.28,Fall
145.74,1008,304,189,373,399,161,-0.0022,0.0315,0.9549,-1.09,0.3,-1.06,Fall
145.76,1030,296,206,377,409,186,0.0455,-0.014,1.0422,-0.64,-0.69,-1.36,Fall
145.78,1047,290,187,349,402,168,0.0359,0.0317,1.0296,0.44,1.82,1.6,Fall
145.8,1087,301,212,334,444,146,0.0541,-0.0524,0.9736,-0.56,-2.55,1.32,Fall
145.82,998,286,225,359,462,170,0.0331,-0.0163,0.9901,-0.28,0.12,-0.69,Fall
145.84,1057,285,184,386,419,176,0.0243,0.0272,0.9842,-0.4,1.39,-1.0,Fall
145.86,1006,288,185,373,452,190,0.008,-0.0096,0.982,-0.03,-0.69,0.57,Fall
145.88,1022,267,208,406,426,173,0.0034,0.0493,0.9886,-0.18,-0.55,-1.72,Fall
145.9,1006,289,212,404,421,150,-0.0608,0.0043,0.9402,0.32,2.51,0.77,Fall
145.92,1005,248,197,382,456,177,-0.0625,-0.0191,0.9382,-0.91,-1.45,-1.04,Fall
145.94,962,272,220,410,440,169,0.0366,-0.0224,0.985,0.25,-0.86,0.36,Fall
145.96,984,286,209,375,470,179,0.0406,0.0347,0.961,0.36,-1.71,-0.69,Fall
145.98,984,239,205,417,425,156,0.0408,0.0327,1.0585,-0.33,0.49,0.77,Fall
146.0,980,280,194,414,460,170,0.0241,-0.0233,1.0038,-1.39,-0.36,-0.79,Fall
146.02,980,268,215,376,461,184,0.0146,0.0188,1.0024,0.28,0.18,1.48,Fall
146.04,944,282,229,389,467,174,0.0775,-0.0268,0.9502,-0.44,-1.78,0.95,Fall
146.06,904,263,217,410,450,165,0.0091,-0.0242,0.9967,0.1,-1.06,0.77,Fall
146.08,939,221,237,381,475,189,-0.0083,0.0232,0.9486,-2.09,-2.1,0.67,Fall
146.1,942,303,220,418,517,204,0.0584,0.0315,0.9888,-1.2,0.39,0.19,Fall
146.12,1003,280,249,422,468,179,-0.0096,0.0247,1.0621,0.07,1.0,-0.66,Fall
146.14,1008,273,207,447,453,154,0.0371,-0.0493,1.1057,0.41,-3.38,0.63,Fall
146.16,936,236,230,427,451,195,0.0167,-0.0167,0.9808,0.33,-1.95,0.44,Fall
146.18,931,258,215,418,482,193,-0.0446,-0.0058,1.0124,-0.5,-1.31,-0.27,Fall
146.2,994,253,209,430,491,195,0.0304,-0.0098,0.8852,-1.95,-1.65,0.01,Fall
146.22,967,255,253,447,470,227,0.047,0.044,1.007,0.06,-0.99,0.5,Fall
146.24,984,258,226,427,468,204,0.0193,-0.0125,0.9755,0.05,-0.06,-0.19,Fall
146.26,932,262,217,420,466,190,0.0435,-0.0292,1.0521,-0.44,1.12,-1.18,Fall
146.28,936,239,257,380,476,206,-0.0119,0.0218,0.9895,-1.13,-0.52,1.33,Fall
146.3,928,231,225,433,478,188,-0.0194,-0.0353,0.9896,2.09,-0.69,-0.33,Fall
146.32,947,271,216,460,497,213,0.0299,0.0077,0.9539,-0.12,-3.22,0.54,Fall
146.34,909,252,236,434,490,203,0.0881,-0.0061,0.9803,0.37,-0.95,0.17,Fall
146.36,930,227,222,448,512,208,0.0095,-0.0305,0.9748,-3.41,-1.89,1.4,Fall
146.38,954,245,244,455,490,206,0.044,0.0091,1.1104,0.36,0.72,-0.25,Fall
146.4,954,247,238,412,467,220,0.012,0.4509,1.0183,125.6865174267862,150.0489711548441,-0.8,Fall
146.42,945,249,255,424,517,212,0.0309,0.3673,1.0769,85.52764782643072,177.69818864405963,1.19,Fall
146.44,915,241,238,437,449,209,0.0159,0.39080000000000004,0.9178,151.3142493624711,121.07663998797247,0.02,Fall
146.46,949,241,250,487,492,224,-0.018,0.39540000000000003,1.015,119.00469609936671,202.4686502111391,0.24,Fall
146.48,908,242,234,438,519,204,0.0266,0.3794,1.0053,109.34053197087451,173.65715539500877,1.43,Fall
146.5,900,211,251,421,526,235,0.0068,0.3667,1.0596,78.1359594291854,208.80616473440932,-0.33,Fall
146.52,898,242,260,470,517,222,0.0277,0.4162,1.016,72.36266621177892,166.52438286048314,-0.4,Fall
146.54,949,230,267,457,491,188,0.0183,0.3652,1.0044,113.5646728437357,194.52903747740422,-0.91,Fall
146.56,897,233,248,437,479,208,0.0735,0.42000000000000004,0.9935,93.5804838454717,227.723015355788,-0.03,Fall
146.58,865,230,271,484,485,202,0.0501,0.45480000000000004,0.9582,120.08026315853853,165.4378003795577,-1.61,Fall
146.6,963,231,266,478,529,216,-0.0072,0.3739,1.0213,111.33483842496706,172.74831833310353,-0.78,Fall
146.62,955,215,262,457,514,198,0.067,0.4052,1.0066,147.88047462532498,141.28655888274005,1.62,Fall
146.64,921,222,228,466,515,200,0.0531,0.40190000000000003,1.0404,114.35757012290645,196.29694699623047,0.43,Fall
146.66,917,233,253,470,514,221,-0.0326,0.376,1.0462,129.14285128680584,217.64558642541948,-1.05,Fall
146.68,934,237,276,437,537,228,0.0236,0.4122,1.0429,117.49619729542225,234.48294602085073,-1.0,Fall
146.7,872,243,245,495,507,202,0.0117,0.3811,1.0147,96.17860583497199,190.6240099312962,0.41,Fall
146.72,880,224,223,470,568,218,0.0237,0.4549,1.0496,141.1129061223028,186.18596613483865,1.25,Fall
146.74,924,242,238,457,496,206,0.0409,0.4138,1.0288,79.04953306597352,221.9621575701199,-0.0,Fall
146.76,856,197,224,465,529,214,0.0455,0.40900000000000003,1.0111,110.02822178488172,161.49039666202373,-0.72,Fall
146.78,921,211,263,464,551,187,0.0101,0.4511,0.9924,99.16682968380535,223.39068308926704,-0.94,Fall
146.8,51,51,51,51,51,51,0.01947693430115517,0.12725222842597028,0.32799512440851564,-0.03,-2.35,-0.04,Fall
146.82,59,59,59,59,59,59,-0.03899773675442941,0.0166978990105117,0.24956391438584435,0.75,0.04,0.56,Fall
146.84,37,37,37,37,37,37,0.12303073978665599,-0.02203336592274674,0.04962059632400275,1.91,-0.91,0.17,Fall
146.86,15,15,15,15,15,15,0.02918282826979987,0.05856320343928113,0.33061291650250285,0.92,1.71,0.34,Fall
146.88,38,38,38,38,38,38,0.019320842143944958,0.029104743150808906,0.24700186952989936,-0.09,-2.68,-0.19,Fall
146.9,18,18,18,18,18,18,0.03229216738115545,0.07233164233903874,0.15810831817377527,1.72,0.08,-0.25,Fall
146.92,24,24,24,24,24,24,0.049554332532139186,-0.021166290500655008,0.07393245824907436,-0.38,-1.26,1.17,Fall
146.94,3970,3957,250,3313,564,241,1.6307897989226976,3.0004982499676576,4.076541475812271,228.59643529439546,364.7227021209334,-0.27,Fall
146.96,3564,4039,249,3864,560,216,1.6300619717795846,1.8308468236747022,4.480556518975456,186.2046097782979,302.8792835511895,0.48,Fall
146.98,3705,3948,236,3322,539,207,1.9271895568887356,2.648450649270468,3.3833934594373836,295.23916942824627,278.8543982465827,-0.69,Fall
147.0,3571,3760,244,3520,524,223,1.3163135909388701,2.600897478992809,3.9986041168938873,269.1148706195343,306.03105355138115,0.8,Fall
147.02,3597,3963,273,2969,544,220,1.6841494963441672,2.2622276555649754,4.290495336166277,276.8762613740229,331.72476503832576,0.54,Fall
147.04,3707,3956,235,3301,507,238,1.943894380664992,2.596581711350837,3.4376668102549037,276.6957370281916,343.85415632875504,2.27,Fall
147.06,4013,3900,265,3016,545,210,1.6743075465608679,2.49337545871615,3.313480142336843,254.22890460819823,231.58323858585223,-2.09,Fall
147.08,333,669,110,598,140,96,0.8909953381204574,0.11924798178541715,0.22486061675045546,0.024937337406651605,0.1899698432960152,0.12931073427864895,Fall
147.1,430,516,127,558,99,115,0.8706804959665055,0.15800452211841137,0.16905455268145084,-0.22773426737752428,-0.4964458901225675,0.12851197628723462,Fall
147.12,279,896,64,527,74,91,0.87543598956231,0.14712031011035856,0.16403042194369216,-0.15821478400082575,-0.26421020723444394,-0.09917099537496182,Fall
147.14,372,645,106,601,145,60,0.8999191245286048,0.1566904219756518,0.2197716951294327,0.5505484399056487,-0.564553083741229,-0.10886400647945621,Fall
147.16,449,500,111,451,94,43,0.8984987353261035,0.14859302975613328,0.23975733834526364,-0.090950969378981,-0.9386498815350642,-0.35485295581854487,Fall
147.18,311,704,113,509,137,49,0.8582966413076966,0.11488037596728154,0.21176530755114806,1.4608921516865974,0.19494697251403173,-0.4304332184823353,Fall
147.2,406,615,125,791,179,42,0.8522275242411921,0.14090904888253075,0.18231405437266668,-0.27419932131145097,-0.18009531282546068,1.2594546244879816,Fall
147.22,254,773,97,744,103,100,0.8608681282178257,0.1466490261028545,0.18091787182732683,0.041726952710894966,0.1318793536084051,-0.4417980061332258,Fall
147.24,313,608,77,587,66,75,0.8902966127379279,0.15318890606778396,0.20660147370860102,-0.17997683442062423,-0.48965809517812714,0.4340051004828013,Fall
147.26,247,614,122,734,78,115,0.8612365719387056,0.14105986544684126,0.21362181463610852,-0.22744277509402952,0.2011794498689893,0.219330689029071,Fall
147.28,336,631,135,821,61,65,0.8546500121246957,0.1547555084637638,0.2345534950585177,0.17233760684944072,-0.2993108522470598,0.15794938449649673,Fall
147.3,290,631,135,594,140,69,0.8941882404706674,0.19131423699951244,0.21211437838625719,-0.260603196625345,0.18535102744105192,-0.027894518271959226,Fall
147.32,349,561,138,663,173,79,0.8572063361440254,0.1476717218663519,0.22138266482122532,0.1491888469227908,-0.04474443735450075,0.017507339461183928,Fall
147.34,439,868,133,708,75,57,0.9055896052566963,0.146277961580828,0.2008259508919896,-0.4816589109951385,0.39811737690577204,-0.4525971849363722,Fall
147.36,449,788,52,725,82,64,0.8836991762640644,0.16475175377138596,0.22680524447057526,0.3860878524502334,0.6807502763289007,0.7601416664030347,Fall
147.38,265,725,123,514,88,94,0.8722065356829839,0.14545099792633498,0.21922113376922375,0.6888258495799958,0.42105486058427694,-0.11193195832573273,Fall
147.4,369,559,58,565,168,41,0.8560329628351181,0.1358940322915787,0.1876585445997105,-0.27654584396186827,0.17496576775486244,-0.007852604802267732,Fall
147.42,241,742,95,799,94,67,0.8875319079394743,0.14908230996993677,0.24424338505719762,0.049490762170882774,-0.10594117435064739,-0.19956827395711482,Fall
147.44,400,555,127,790,119,76,0.872010192933463,0.1555780299153275,0.20164353609720032,0.19292090109282084,-0.27873728388612445,-0.3813365730954682,Fall
147.46,351,566,128,570,172,59,0.8759136543061501,0.1315653308230511,0.2268101411224246,-0.15205820250655247,0.6960460480162609,-0.00884816803576425,Fall
147.48,385,695,132,837,90,95,0.9070331340781363,0.15544260985147854,0.22179118299770392,0.08622759575128124,0.6672168117322594,-0.3812003480540347,Fall
147.5,347,589,136,662,175,55,0.8842864117365566,0.15269048218603218,0.19640165362371992,0.2747816519738041,0.3091976689567514,0.6127122651061585,Fall
147.52,272,541,112,455,142,41,0.882992380647356,0.1516627296702426,0.213988392079896,-0.5716384874596564,0.19324362228598804,-0.042341334201350105,Fall
147.54,300,791,130,500,152,41,0.8550973855039616,0.12336335654550475,0.21582261728438332,-0.24981395201782766,-1.0893257212329148,0.7440450173440577,Fall
147.56,430,615,136,783,107,74,0.8607880872334637,0.1477226765220542,0.182110696843094,-0.1944659296998313,-0.6533181253626363,0.08719896312406383,Fall
147.58,384,635,88,580,82,59,0.8480110081601578,0.14263994063684504,0.21260627824998593,0.7546155773560096,-0.06049818742773487,-0.3920568747881096,Fall
147.6,389,800,79,531,157,54,0.8887733492993503,0.13827311639869305,0.1993977533170624,0.11384444017841944,0.3125648120500289,-0.11948673106422153,Fall
147.62,441,529,148,637,87,92,0.8677817840687427,0.15344869789563378,0.22952799320408776,-0.39497777661149414,-0.8513572110095081,-0.47783663038709356,Fall
147.64,221,689,148,835,71,69,0.9016467883157054,0.1520489626296829,0.21620435276297673,-0.1255464650401615,0.059039563106377785,-0.10733683917968309,Fall
147.66,301,793,81,589,104,82,0.8326827454049349,0.1774764170281422,0.23696142757233146,0.32646700820116237,0.8113711673822995,0.0922561485826901,Fall
147.68,388,706,86,785,115,67,0.8502986894555273,0.16829716930783709,0.22659374813587485,-0.06587759150388252,-0.6414484107542064,0.17152143567943784,Fall
147.7,251,644,97,693,89,55,0.8969789061718116,0.17013426908320065,0.20397762725391141,-0.1081357415824366,-0.35295194306648364,-0.023124545177253285,Fall
147.72,274,858,141,780,144,77,0.8745649777161325,0.1484479647712026,0.20465722445789383,0.7519147366300839,-0.4240319877581035,-0.0006440491258030109,Fall
147.74,422,849,60,783,132,58,0.8995539227954149,0.12863277756433203,0.22571122082162828,0.20080072185975123,0.031129701894117377,0.058125142309273875,Fall
147.76,355,838,128,782,171,66,0.892946419341187,0.1857256665096338,0.23120727778723477,0.37679396143595034,-0.17049962187869255,-0.18450004970287676,Fall
147.78,284,831,146,611,96,117,0.8994125969694373,0.16794869969837184,0.23005742418556585,0.3299610022730675,0.2914050249905504,-0.10352300024456247,Fall
147.8,299,626,80,779,79,113,0.8842688405189457,0.10603812325151828,0.1953079177866353,0.6426756373437621,0.3641680078822487,0.44229860023288925,Fall
147.82,302,582,146,833,177,46,0.8568687812811525,0.13122872432910465,0.23568284516316645,-0.10023948389971908,0.3229184355717939,-0.5407482440047157,Fall
147.84,399,551,146,607,168,73,0.8863474154064818,0.16544041281030045,0.20157731669918783,-0.3682575672539835,-0.8337480789848645,-0.7304716026315297,Fall
147.86,221,720,90,741,75,112,0.8984599894188237,0.13671668416490765,0.2457798349109442,0.6979900002242853,-0.6797051590949478,-0.320654782868691,Fall
147.88,365,741,62,454,118,119,0.8763857635493939,0.12965422240662086,0.21162322951087545,0.0023975618721406816,-0.04028548929858945,-0.16173346582997192,Fall
147.9,332,554,134,846,90,119,0.8909738570159654,0.12487996899284387,0.2425967863269733,0.26670387393193445,-0.29346296774283204,-0.4529085906837608,Fall
147.92,418,709,127,465,171,99,0.9032978937416589,0.11523856991841161,0.22685785001477304,-0.4206175370021069,-0.11202508006234672,-0.17568227098602823,Fall
147.94,227,516,121,559,89,109,0.8554367523982117,0.14086162153796228,0.20564101837414844,0.1324151825871293,0.33161580131949986,-0.11908838032128495,Fall
147.96,406,833,124,828,174,104,0.887168270279178,0.1423995230446317,0.2651922646971146,0.38995912908030966,-0.4044061739061534,-0.15055009746401873,Fall
147.98,213,531,147,831,126,79,0.9049277297529323,0.15116494606417677,0.2151918657452773,-0.0848237658190019,-0.5928896206998848,-0.08875737240686477,Fall
148.0,240,891,88,558,172,74,0.8996785060876461,0.16741673432987056,0.20188709560901996,0.4006374142864007,0.40789534901081304,-0.09984395708141873,Fall
148.02,349,780,54,649,168,54,0.8382155391394998,0.14424155690375878,0.20112361969384027,0.327400755626762,0.24701086239427536,-0.2154751167994567,Fall
148.04,304,743,73,565,139,80,0.9128060723239203,0.1598195655583327,0.2300037005871425,-0.057905267686463056,0.5968904744684695,-0.14046341880587287,Fall
148.06,233,579,98,496,164,70,0.8594990611000433,0.17694270889354893,0.23129156633209771,0.6573206847296674,0.9748007791541391,-0.4414521467568296,Fall
148.08,435,643,105,844,85,92,0.8631322755307405,0.14485225793095152,0.2087746307245984,0.5378034281243281,0.22104095699467946,-0.2821547099700054,Fall
148.1,427,852,143,474,170,47,0.864403914506305,0.1727634652317942,0.20251441089968908,-0.2040120826321234,-0.44314976396356365,0.45152986049666305,Fall
148.12,224,742,134,505,102,46,0.8932065504266438,0.13309788585831597,0.2278456401693731,-0.7456077415387082,0.23786527937249066,0.15519278494162655,Fall
148.14,340,567,100,615,61,89,0.8562828885015564,0.14789265554028552,0.22570824742699885,0.765349040367972,0.2349046560287415,0.13223928808773638,Fall
148.16,378,604,102,480,70,101,0.8567775673595694,0.11850209620126688,0.22405196406405958,-0.44453317856631375,0.3489529520240638,-0.05693130914371173,Fall
148.18,405,744,60,726,147,110,0.8445969668729585,0.1581166549469754,0.21889877916365433,-0.5627797544486544,-0.1889868655018533,0.4004461558577765,Fall
148.2,381,546,130,621,93,100,0.9035972861934757,0.15897869006735177,0.1990418294683359,-0.8552283762909726,0.8563464620355867,-0.17852821038464586,Fall
148.22,212,583,50,748,104,83,0.8934511021232475,0.1633824258337736,0.232912508297836,-0.7668587510567345,-0.5166848797375109,0.39050115485266534,Fall
148.24,297,827,111,638,146,93,0.888121831133457,0.12190469840570317,0.2323361833793341,0.3307810309805173,0.6559077316490961,-0.3316247124389391,Fall
148.26,298,588,134,478,138,65,0.9010779672638412,0.13607512285446893,0.24123002145101002,-0.21769932443090098,-0.32127001603265054,0.5294135026576464,Fall
148.28,284,709,72,468,70,81,0.8404795715870605,0.15591882903730933,0.22317793421023133,-0.022394970751926768,1.0555783804093364,-0.508880477926156,Fall
148.3,211,569,55,503,64,103,0.8709243518713851,0.14788906224230616,0.2263459125656661,0.6844194008066233,0.7116115003761766,-0.49319289912821573,Fall
148.32,350,810,62,664,82,77,0.8942554932434026,0.15086736100085468,0.21437158809963394,0.3935887127214329,0.24743029481973022,0.49332188077552896,Fall
148.34,447,832,80,469,78,76,0.8699574485234352,0.16472134175935427,0.22524365126796372,-0.41781163493121837,0.42631844212396114,0.02760310122232213,Fall
148.36,413,535,54,689,96,95,0.8691987862465167,0.17997973499083517,0.2397731310828285,0.08046459718884022,0.22557624074419344,0.2932317156499622,Fall
148.38,228,788,90,763,116,58,0.8549337585748844,0.16530945971505018,0.20209605040912074,0.23811917077893197,-0.8194411109664259,0.5155775314983563,Fall
148.4,381,773,65,848,64,103,0.8723672339541926,0.12097844834194686,0.22115740329829597,1.2631061330020807,-0.4405855878245184,-0.07740664113530962,Fall
148.42,318,542,122,769,63,82,0.8575996698436358,0.12772096392647608,0.22483380753852483,0.4540066525870448,-0.7122005783017195,0.15594037948713804,Fall
148.44,295,590,79,664,157,70,0.8810880572648767,0.16235101390290504,0.24438693493777316,-0.179257338032528,-0.8910387045773952,-0.04593122189646169,Fall
148.46,229,841,97,602,156,90,0.9174653437161543,0.1375988525042314,0.23137012795684547,0.026497696015785294,0.12986439187961982,-0.06793804633413124,Fall
148.48,411,707,76,685,72,65,0.9099767194854206,0.17836436788537421,0.2013373960168465,-0.08668581353689753,0.5663754192770929,0.2610153364381865,Fall
148.5,405,661,120,826,113,52,0.8454740139956689,0.12431267762844661,0.15857730499830958,-0.8781568385260478,-0.18827590652605733,-0.222208052839917,Fall
148.52,208,644,92,695,143,77,0.9102169858109488,0.15048073420613187,0.22525380014628993,0.9876908492878782,0.7934020052468762,-0.13601093006974518,Fall
148.54,314,649,92,790,86,83,0.829848397854594,0.1473690952985137,0.22928506572397683,0.3947533653531741,-0.6912059990459665,-0.6289335508405527,Fall
148.56,395,549,91,587,76,100,0.852624035350068,0.14264559450839953,0.22133016756393978,-0.10748375138076124,-0.1684564646312062,-0.7853979538269261,Fall
148.58,232,544,145,830,148,57,0.8775951060673516,0.17542003937651776,0.19588539423124168,0.5580005627608525,-0.01680780967786695,-0.48481254668897833,Fall
148.6,449,739,114,723,69,45,0.8775602830132269,0.15495160875283986,0.21749525492596986,0.0984308598223921,0.7452612886894587,-0.5725522237306524,Fall
148.62,400,654,101,458,161,96,0.8791317771087361,0.13511182492877544,0.23158460161932493,0.18013050743908932,-0.42715147377090934,-0.34532995845423176,Fall
148.64,449,752,124,587,78,87,0.877592008977622,0.15104818931781253,0.21770020900344686,-0.20410922089625227,0.18084139332656776,0.32149364476120995,Fall
148.66,286,729,135,768,80,78,0.859312793051621,0.13581009222052873,0.2649800566714082,0.814057034242062,-0.21912245805811612,0.6686019516483864,Fall
148.68,207,643,54,656,148,85,0.858999569295099,0.11787777186343429,0.22744475086773194,0.4142560036287339,0.10561727174571288,0.005991476164671822,Fall
148.7,354,594,64,731,87,119,0.8658055833610495,0.15532742256563115,0.2277325504982476,0.6147623072689391,0.15380104066200204,-0.4866978584165758,Fall
148.72,379,596,100,818,146,73,0.8542103349827923,0.14807459839791462,0.19368827138549186,-0.01217098530535817,0.43082205966229525,0.15831024142372044,Fall
148.74,245,659,130,694,147,80,0.8808704793542977,0.12984648885988942,0.23837305113424612,1.0925862376153532,0.451684462185674,0.7494326152261722,Fall
148.76,337,580,51,616,81,70,0.9198982001924242,0.14961306143362754,0.2313394031588545,0.28200155038700786,0.3956299438836355,-0.3044551149536053,Fall
148.78,299,600,69,516,131,73,0.8738011837429336,0.11576084009398703,0.2469472008215424,0.16803613273053297,0.3561186620587529,0.06857475190875316,Fall
148.8,237,571,56,463,67,72,0.8691094400233262,0.14793132367479847,0.23770198251768998,-0.1017278031824001,-0.2997895624643375,0.28971247155278584,Fall
148.82,221,633,61,464,132,58,0.8668530223029733,0.16347257953854735,0.2310759984370796,-0.27752714518693855,-0.5019750119948687,-0.19487534266676,Fall
148.84,416,727,139,664,179,102,0.8902261570456067,0.1312446558693805,0.2022843927121642,-0.6980747752723275,0.8402740619004608,0.3249629249192798,Fall
148.86,414,569,51,585,170,66,0.866491142341719,0.17568400455961944,0.20832176676765718,0.8580305259784989,0.48731473164642103,-0.0008445046843428786,Fall
148.88,324,732,128,787,128,115,0.8560311342123194,0.14108435184234408,0.2130773949892361,-0.5938996542271658,-0.341214050468959,-0.03396575411498069,Fall
148.9,385,545,123,727,93,71,0.9086297382740004,0.14130994576019698,0.2316721614881668,-0.6853302126060038,0.04878850102974132,0.33230221688726064,Fall
148.92,329,724,85,728,88,51,0.860159948876043,0.1767586157875811,0.19349063039835734,-0.522934156116897,0.1401380291356948,-0.31169147732458163,Fall
148.94,328,763,91,525,97,93,0.8725849138291228,0.16316462419323957,0.22849048961157967,0.444234437467111,-0.14543863447591968,-0.7557821550071646,Fall
148.96,375,857,128,496,167,103,0.861329676651092,0.12661918033363634,0.19030615009877264,0.08568157071603234,0.5827623118080043,-0.17788332444571214,Fall
148.98,238,801,132,549,155,83,0.8951186330715603,0.14075809998356342,0.24210087861724902,0.6743296662168339,0.17345791677478034,0.27389697802325585,Fall
149.0,266,773,114,739,174,40,0.8420056274284302,0.16064317515979457,0.1909540079892252,0.2774614492141861,0.883257031565771,0.42482405084515895,Fall
149.02,239,757,83,516,127,85,0.8958014683679625,0.16281394261332918,0.2049722782598722,0.26776636221977324,-0.18020385683025245,-0.34118487156946575,Fall
149.04,263,678,83,463,118,83,0.8880493397619763,0.1810842841761793,0.22117033197414146,-0.20075602004044676,0.2966403176806443,0.02571433628578257,Fall
149.06,276,509,96,600,75,118,0.8556439293173632,0.13925186329110745,0.22490559302954588,0.4067140636808716,0.1281624979892476,0.32206918869765766,Fall
149.08,348,863,100,828,91,95,0.8784918677160678,0.10579823470158112,0.2156912672466892,0.22737836201060832,-0.024386669116668803,-0.057622725931865626,Fall
149.1,223,588,108,752,171,80,0.8643510643315584,0.1372571638576524,0.20051283629844083,0.16804311329722915,0.37049453205904875,0.14013443913972906,Fall
149.12,339,685,110,680,83,116,0.8968398037485764,0.1481461797576234,0.24318197684561021,0.1880659513496455,0.12120933919359794,-0.40062239611358613,Fall
149.14,291,799,86,778,66,45,0.8939005696100861,0.14165614509252478,0.22256304977798896,-0.3210884142265657,-0.2686985372164279,-0.12103898574712937,Fall
149.16,404,784,62,775,90,80,0.8734540050622865,0.13643938028190875,0.205378431468079,-0.36424109404947075,-0.6687379280227591,0.6775622188764993,Fall
149.18,311,898,55,788,175,88,0.8746686765173912,0.18238574306659402,0.19712683128564396,-0.5146426686036567,0.5741643911941307,0.5443992320590461,Fall
149.2,394,713,148,456,82,112,0.9221555619116075,0.15073980525944428,0.22492559998770648,-0.15350250305445054,-0.5898833875299002,0.06810080011203987,Fall
149.22,303,560,124,452,71,43,0.8713866126260928,0.13403034052608184,0.20887259102546485,-0.49838689780125384,-0.7503252512147223,0.329552625610631,Fall
149.24,279,521,108,498,163,66,0.8551757796454181,0.1259228681387752,0.24430584533428434,-0.5951250530148867,0.016630303546311054,-0.1099447364977433,Fall
149.26,375,801,72,480,68,90,0.9053869490148885,0.14976478333906693,0.22112420719569487,0.5315200926193555,0.5569823073060588,0.20972399748268608,Fall
149.28,340,887,133,588,102,91,0.906847456978787,0.14638555331207825,0.24065637744612373,-0.09416242374706815,0.39976747796961454,0.2764394288493947,Fall
149.3,361,639,124,789,178,85,0.8587692539553949,0.15725961279773662,0.23170934554051026,0.14166523638128004,0.18593514396312377,-0.16980098878067237,Fall
149.32,355,697,56,837,157,92,0.8664694373460181,0.13227379364342437,0.2395794215236933,0.49759695313395313,-0.10147941394842339,-0.12598193863425194,Fall
149.34,436,870,122,817,164,93,0.8715494951479926,0.10669356780806791,0.2340341226573887,1.3100368486192158,-0.6829364788977746,0.14037285969339183,Fall
149.36,205,808,50,779,72,115,0.8772701428601293,0.14461458570327987,0.22167672864813473,-0.7179226866244619,0.11364439255275677,0.3965871786326256,Fall
149.38,213,501,118,643,118,44,0.868801936464735,0.16199393609924945,0.18692690569234882,0.4981788730986221,-0.23467633373250124,-0.23603860388897063,Fall
149.4,358,865,144,713,175,49,0.8671837915300239,0.1681149302641123,0.2122859026850573,0.382070725273637,-0.7124102165268456,-0.26095499222958657,Fall
149.42,259,682,74,691,157,46,0.865558622841203,0.15326733728027236,0.23225065109276208,0.7520195089248558,0.28783217482093376,-0.19253334899434263,Fall
149.44,447,702,100,513,65,62,0.8842050576770549,0.14974407711141158,0.21239943230529573,-0.4044566836167145,-0.40466846989659694,0.2917276087465806,Fall
149.46,310,573,135,635,112,96,0.9151235156553676,0.1301450534880688,0.23111189324114287,-0.19532961417687603,0.6260427448745653,0.18356809764351759,Fall
149.48,402,786,133,561,142,115,0.8575068558551929,0.1537041770449391,0.2332376112630893,-0.20722240041323495,0.008139824762150916,-0.33495475013136394,Fall
149.5,307,780,126,524,72,101,0.8914543588916378,0.132827130245616,0.20956091563421722,0.05355022766450087,0.03179641233651202,-0.06873661535082543,Fall
149.52,417,846,148,630,118,73,0.8864414501619026,0.14651608930191898,0.24375675921996495,1.1844569696042362,0.42468146395594997,0.6433213103920581,Fall
149.54,426,647,123,742,63,73,0.8619159513661454,0.17571420520088887,0.2405266113247393,0.09728444596031181,0.14835633484758093,0.13513317245530346,Fall
149.56,349,785,115,462,177,69,0.8760377086685935,0.15178369895138438,0.23105022499583378,0.6842203039493355,0.30034130354190125,-0.03557473509906468,Fall
149.58,279,678,82,695,73,74,0.9016791813535406,0.1306931630938415,0.2065987227597085,-0.6536680088587634,0.20673985059942554,0.2838063541406154,Fall
149.6,269,772,78,544,94,90,0.8783260139188349,0.13006857970564759,0.26358964436847276,0.502146069612346,0.380073275518456,-0.2577908352573089,Fall
149.62,286,508,103,741,152,106,0.8818427795998726,0.1682186097140448,0.20012211806324115,0.584295704808316,0.5904810983568666,-0.4408574532726589,Fall
149.64,206,611,138,680,136,93,0.8413903354487742,0.12520921111407388,0.20986614897665035,0.08083790759191663,0.7677539465626014,0.03966628928303583,Fall
149.66,216,780,149,636,153,61,0.9075556621827268,0.16093521115582865,0.1635399549808983,0.2159609550662536,0.31009693542441874,0.12001091600560498,Fall
149.68,424,721,70,628,118,96,0.9083766813119042,0.13154898485609032,0.22349320139500298,-0.5352526491042674,0.00018861812484051343,0.1675690561422304,Fall
149.7,230,608,99,731,63,81,0.8604831970353581,0.14704307710031622,0.24046492662514293,-0.4566437234122435,-0.28302056695128075,0.004782301422942598,Fall
149.72,410,703,96,789,92,88,0.8638873766565094,0.1455341445537206,0.19136840425888235,-0.3292611453741891,-0.35469727866504636,0.7813160326644611,Fall
149.74,234,846,143,842,79,45,0.8700346459533526,0.12668190727878367,0.23517182167890155,0.14712238681905768,-0.30144107982305984,-0.32062114717109846,Fall
149.76,393,734,64,658,117,108,0.8990634257723851,0.14349079755650407,0.2278232785867482,0.33366942689680107,0.49966334789673783,0.1128130607258988,Fall
149.78,389,612,121,481,78,99,0.8700278569594255,0.15024269578035224,0.21439465427236806,-0.17926433497081243,0.5424663019884123,0.11027170380629614,Fall
149.8,373,724,79,612,67,104,0.9010959379271593,0.1912695786612077,0.2381090718992643,-0.17594513641289286,-0.2783550996552908,0.21595995428474957,Fall
149.82,203,604,122,813,93,119,0.8973278514287831,0.15631953678848723,0.21340671698593364,0.9881793259175925,-0.2134649248316714,-0.11423463366735565,Fall
149.84,363,609,139,758,74,94,0.9007795082961013,0.13396144041731295,0.21178431623459154,-1.1978409648419193,1.0149612483434154,0.06566472230106474,Fall
149.86,374,584,145,510,86,45,0.8529985748587015,0.1496375255822982,0.19953074919099587,-0.39714767896019965,0.2878481238808657,0.3439644155663576,Fall
149.88,408,712,129,758,175,94,0.8903394421322078,0.14858340466525574,0.2039294145351722,-0.012975582723342765,0.6492970920173639,-0.02300533951596035,Fall
149.9,263,770,66,694,127,109,0.8697930967464129,0.14554108460027457,0.23253391494664996,0.18551141568712384,0.33361389925063456,0.01752446997975392,Fall
149.92,274,550,67,729,70,96,0.9279525904110697,0.16102782957240222,0.19650533090712727,-0.19278841024861176,-0.34985965788685036,-0.24838805556152077,Fall
149.94,273,644,83,597,116,100,0.8460004605445073,0.15537785997661052,0.21566154099632873,0.5472794057025085,-0.4124010044762701,-0.11005144820196906,Fall
149.96,391,864,79,577,174,59,0.8801384581574823,0.1526935271487621,0.24610610467267247,-0.3699801284571038,0.569835867984004,-0.2797598320438776,Fall
149.98,424,664,130,577,95,82,0.8930819240531068,0.13346626550967616,0.2041419368469829,0.40533916743103804,-0.5056306869149513,0.4187701518150315,Fall
150.0,401,584,78,848,117,110,0.9109877287385585,0.17119356824316062,0.23127128077556192,0.5702261065262149,-0.0446800061250155,-0.05959689666693634,Fall
150.02,434,620,71,684,123,117,0.8693985529767823,0.1300244955839584,0.20891296957849437,0.03847090813106355,0.5349103494030967,-0.34308918943006295,Fall
150.04,362,787,82,749,177,93,0.8594773184913211,0.16154163909131744,0.2306120675871634,0.20734930375199126,-0.41250256663130436,0.26379092355523553,Fall
150.06,346,766,105,777,122,106,0.878192017126052,0.12302394604374173,0.2322397902760867,-0.922957614792769,-0.7086004284571193,0.16460482932994347,Fall
150.08,285,561,114,819,111,103,0.9041326866831623,0.13070685670670137,0.227923928213636,0.08038740147270527,-0.37913858325641775,-0.10789217187479866,Fall
150.1,238,876,69,659,66,86,0.8686837955947829,0.17342328640693822,0.22255933651680962,-0.2608543506864799,-1.011686859245056,-0.616509062614119,Fall
150.12,430,862,112,503,162,107,0.9001564915417118,0.1426735273948182,0.23598392670438034,-0.6396071328595901,0.42374425611066685,0.0823927140595918,Fall
150.14,270,779,126,626,150,116,0.866105565277573,0.12372721465992197,0.21442377077952743,-0.10721647219430541,0.6568531580197806,-0.1251982908268727,Fall
150.16,360,616,77,712,123,49,0.9005438306657882,0.13993172528421477,0.23971144105309236,0.7042496438179013,-0.06291826724836885,0.3003209517065353,Fall
150.18,420,629,147,496,145,64,0.8876367367201017,0.12990366742484014,0.19966804935063603,-0.12500791036083686,-0.8102566972114252,1.2940451316738675,Fall
150.2,234,603,72,500,75,86,0.866332791501441,0.1160223568913687,0.20856651379573682,-0.30819145192577496,-0.2692244947617911,-0.0073577132057361175,Fall
150.22,245,682,120,737,62,100,0.8548835828352566,0.18056179677754527,0.2072553807278722,-0.05448189933433191,-0.19871117640038347,0.2440323680985954,Fall
150.24,371,684,50,583,130,77,0.8746376532612734,0.15909740333656255,0.19045649136574783,0.21149317097139858,-0.4398361064360617,-0.22276984004286926,Fall
150.26,263,896,87,746,64,118,0.8461003204381021,0.17301017877598734,0.18769933147606227,-0.5442618911838897,-0.29005147531550823,-0.052167815165182686,Fall
150.28,278,818,72,594,151,85,0.8478385641775371,0.13754443549925993,0.2286396767835207,-0.31824351660828915,0.2560939302783213,0.13614496485124947,Fall
150.3,286,878,84,480,60,49,0.893988546073199,0.14279222703868852,0.20047173960485665,-0.4781767414058765,-0.003154065086561185,0.33191674882559263,Fall
150.32,443,596,144,689,62,82,0.8849403532727281,0.1215669818420918,0.2193625815071051,0.14494495448826106,-0.3839934709743546,-0.136354108334084,Fall
150.34,393,553,149,692,64,65,0.9270819669435946,0.1409041510463398,0.24777407730931972,0.3175768842233936,-0.08330399953353211,0.6146120326980985,Fall
150.36,355,790,102,821,79,112,0.8651778721987459,0.1775368855699766,0.2566557584588204,-0.4013229869011703,-0.5854563900392884,0.24479127310669418,Fall
150.38,414,882,109,688,123,101,0.8848132065082115,0.13902767385243453,0.19474858496593514,0.24441209070886308,0.2887330522280834,-0.05468332305584838,Fall
150.4,250,766,92,547,88,102,0.9064916964983675,0.16738208468313,0.20075824654185848,-0.22995516911446684,-0.03497851844824925,0.20772924624436678,Fall
150.42,437,757,101,502,100,56,0.8722182040956171,0.12110131229749417,0.2286259064828566,0.9010938653529776,1.275428786509397,0.4057501450661902,Fall
150.44,379,537,146,597,138,80,0.8689042143995828,0.16487295320799378,0.2120802615942909,0.4898769806216531,-0.5426962331747848,-0.2654021374946019,Fall
150.46,208,853,63,587,68,115,0.8590645061095318,0.16023311838238252,0.22099313091159367,-0.2515226843866819,-0.4217336015481919,-0.09664987573957036,Fall
150.48,380,643,138,612,178,69,0.8922256925694099,0.12275328475006791,0.23248238084811126,0.07707516177712563,-0.014898853230941962,-0.1073250881623633,Fall
150.5,261,662,93,778,136,119,0.8923757884909566,0.14248720577978063,0.19922865372644344,0.08827738963945175,-0.9659225362700409,0.2812321184417696,Fall
150.52,274,793,103,697,93,53,0.8801522298652587,0.14835280227562986,0.23120026920765221,-0.8825899513074161,-0.13475837580390915,-0.6023444769228136,Fall
150.54,274,872,85,589,90,70,0.8916396489700595,0.17469514666555208,0.2132421708524102,0.5351590659629972,0.8395819946329611,-0.08508781157706496,Fall
150.56,239,564,63,669,149,112,0.8679874846881253,0.12477247369345479,0.19985832719934754,-0.2959694642022146,-0.14659060470246682,0.23584431231803343,Fall
150.58,272,736,119,479,173,113,0.9075786752047339,0.136058781803794,0.2143634420721625,-0.13913639524603094,-0.8951670596923577,-0.3310920904475603,Fall
150.6,305,628,103,765,93,113,0.8835697312920849,0.1253474255025127,0.16853078982355102,-0.13268197476749086,-0.03496179129021489,0.004557396289123518,Fall
150.62,328,747,104,473,131,51,0.8844651833272184,0.1576862123713948,0.2142880690098146,-0.15361033048152753,0.7619718945379927,0.04470976149653369,Fall
150.64,221,809,129,560,153,89,0.9039144308671893,0.1487806418339067,0.2239555506607148,0.3813325715950357,-0.07338502643349587,0.1497524287128353,Fall
150.66,220,833,101,481,147,103,0.9112466642089293,0.15798083051059408,0.1980937318234297,-0.4573351926061718,0.12337966828896192,0.42553974783830856,Fall
150.68,447,666,116,512,78,115,0.8814780541482513,0.15910935482230185,0.24312077018309372,-0.45499295275383794,0.3406286204984987,0.49439612191657956,Fall
150.7,239,677,128,489,89,67,0.8918564472226642,0.12039074551741234,0.2678068215863094,0.16028273432794296,-0.13201359491463843,0.22298201750245267,Fall
150.72,202,635,53,795,113,105,0.8890702032761704,0.1761982488661533,0.19750954307268923,0.3609241790717411,0.010286783377298289,-0.30944608255943845,Fall
150.74,267,893,130,827,126,71,0.8988958602535899,0.17628930538470766,0.23844288310492237,-0.3534923323918919,-0.3373579790189459,-0.13717648862686022,Fall
150.76,217,661,115,679,68,76,0.8914813685743243,0.1318106061736743,0.19516425223921913,-0.046889098789413525,0.08301878672938671,-0.26420574003277036,Fall
150.78,201,643,71,679,161,58,0.8966133322086145,0.14928644068994082,0.23988822333984386,0.10669358144575322,0.33537967119953715,0.12398737697249913,Fall
150.8,332,649,65,685,124,44,0.8841380376981024,0.15126906183082617,0.2006461358497249,-0.05081441628949968,0.08720703684861823,0.25624553554652957,Fall
150.82,388,717,64,782,135,108,0.907429431088688,0.1402615963064898,0.2110470313821505,0.1445284370649211,0.5133774479221056,0.5020215338511537,Fall
150.84,356,583,105,802,82,46,0.8999416580019687,0.15386484130231937,0.2548145871151949,-0.20889461077302668,-0.29034052857723425,0.16257448076330386,Fall
150.86,304,781,131,531,148,76,0.884339937776685,0.17551302068679245,0.1997115945366094,1.09429745088055,-0.07647159455649777,0.6515259693876276,Fall
150.88,392,773,71,616,116,70,0.8695347781775552,0.13037494432956237,0.20964750813479105,0.4780437819404974,0.29529253770936703,-0.26031378029971564,Fall
150.9,232,586,87,763,81,59,0.8955206112103236,0.13410742323538433,0.24486119910543383,0.6718072395525332,0.677019948433596,-0.38375365932859795,Fall
150.92,283,787,133,600,79,92,0.8724460814086478,0.16546320258595543,0.21723921837466964,0.17329097712164873,-0.62593090876044,-0.3872142406003889,Fall
150.94,225,582,123,532,114,64,0.8718036936606012,0.14833226017177975,0.24887515417940945,-0.058091857419977834,-0.3000709002518881,-0.27571247754783207,Fall
150.96,440,844,134,721,141,106,0.877422457865526,0.15547802376429729,0.2411126870211495,-0.1907615347032059,0.8545212131450424,-0.2908468671768619,Fall
150.98,231,786,121,578,69,59,0.8790338437530121,0.15145598767092738,0.23462117566043403,-0.02824744514424938,0.2563099085803244,0.40848883344624287,Fall
151.0,421,782,97,741,160,96,0.8437908401780382,0.16343160666846862,0.22632561712952132,0.6086431424516271,-0.1805803226171621,0.2662579926013774,Fall
151.02,290,642,112,777,137,108,0.865043855988579,0.13592990202633087,0.2244337237485213,0.3825472915668453,-0.17853328325116713,-0.5325914712000969,Fall
151.04,202,557,64,797,179,53,0.8504373768490628,0.183809083318626,0.20722841271764866,-0.16474393687935868,-0.5541431819069156,-0.11719726164827621,Fall
151.06,408,582,129,838,78,48,0.8679493217713331,0.14205334805311126,0.24473461943080668,-0.003932126632652471,-0.4103038076350472,0.06520621054897512,Fall
151.08,310,623,76,576,68,61,0.8974012411905983,0.15060726658582824,0.22915410248255344,-0.005496477759785772,0.665518023852343,-0.26679984124425066,Fall
151.1,389,756,141,843,102,97,0.8824746458028561,0.16325904848711775,0.20075596808752066,-0.1479695748289322,-0.3816123312738806,-0.6190644864005632,Fall
151.12,304,896,56,566,118,50,0.9189120104155045,0.13661442912466507,0.23017245855050594,-0.8654516085163667,-0.01326510432290736,0.3335200306504962,Fall
151.14,283,830,119,562,171,70,0.8785669744278733,0.11332326360118959,0.2158123620617011,-0.009782923689041483,-0.34845034500498806,0.3000565505219638,Fall
151.16,280,728,98,583,109,102,0.881596935543079,0.1433299587913741,0.2374758027431383,-0.7871936585351269,0.2708589129580977,-1.0401395724240434,Fall
151.18,301,825,94,495,122,108,0.8759177942343221,0.16040064496577988,0.22548827420592688,-0.06972516495029156,0.27521364269195997,0.36311137717158226,Fall
151.2,434,861,60,805,141,85,0.8682104483300918,0.16541275010538822,0.23721357284819325,0.2486978420600599,0.3681376987055412,-0.2828858177465183,Fall
151.22,346,769,139,744,65,74,0.8794887917134405,0.14220779334712005,0.22616766242863132,0.3197002190397853,-0.33328337946115205,-0.08440171230369928,Fall
151.24,276,641,130,597,101,102,0.8815492639761424,0.1378793549899488,0.17557425187931305,0.09143185000240821,-0.15060182604286734,-0.026495494097359025,Fall
151.26,272,873,94,743,143,58,0.9106782268281058,0.1579310143990829,0.23553262078948764,-0.45301291600728427,-0.7407940727653178,-0.04358385441411611,Fall
151.28,373,688,112,820,79,101,0.8958321326095241,0.15201170357748112,0.19888217495222313,-0.28640531077788983,0.2934236390104046,-0.7344843347578802,Fall
151.3,410,552,58,817,156,81,0.858083250820272,0.14417666549194047,0.21271481698233427,0.7061578981454167,0.07044014445653875,-0.003785162479991498,Fall
151.32,347,807,108,728,108,79,0.8775288432467186,0.1387599439735051,0.21778150199790094,-0.14608675554140296,-0.08793016213303452,-0.7629968197417485,Fall
151.34,343,631,120,661,151,47,0.8579245334388338,0.12943383471097375,0.26593860720496093,-0.09337334363948609,0.2223566241364279,0.20510745660340915,Fall
151.36,257,744,149,583,148,103,0.8767297016295297,0.15142049266220886,0.22953519972994504,-0.4032087000762452,-0.3720507946259159,-0.5006272396454542,Fall
151.38,246,743,55,753,119,59,0.833207481558802,0.18270805023649705,0.19214202169297417,0.12557675106295235,-0.09842295979020085,-0.01716167559404695,Fall
151.4,240,668,53,492,105,73,0.8801413381547947,0.15221994825081528,0.2428215377022303,1.016958866249073,-0.26771961702143743,-0.00027316235967064106,Fall
151.42,308,893,93,736,164,72,0.8671452972904341,0.17481375402682822,0.2243250687144355,0.03592512621950798,0.5953628046527685,-0.026568810493127305,Fall
151.44,332,645,63,726,104,63,0.8585946440735619,0.1762933966296076,0.24432988286424479,-0.6121706346888038,-0.41306164105456306,0.747943955189576,Fall
151.46,449,501,94,821,82,54,0.8822408727839732,0.13705091023762284,0.16336723789397573,0.5306349143183875,-1.0920228186975025,-0.15899285711327668,Fall
151.48,363,894,55,545,81,89,0.8819002126806771,0.17010894457600972,0.2310092486429569,0.039469356442137296,-0.04153395913495494,0.27982639238885054,Fall
151.5,322,605,79,524,104,62,0.8990434154018111,0.1588157079079713,0.21997682948113495,-0.6394137168370915,0.22640582682015004,0.054687923207419,Fall
151.52,319,528,70,573,162,80,0.8385414008464098,0.13252098532939685,0.22175120823221856,0.43788760045938013,-0.27763268613215863,0.050671358155181125,Fall
151.54,208,872,114,776,100,93,0.9045309481341587,0.16295524591346167,0.19223841054883944,-0.3164403741168175,0.5525587870122591,0.398622315063357,Fall
151.56,377,769,64,747,65,52,0.9130026547405029,0.19082360664511513,0.20771759745115623,-0.34723206044080895,-1.3468489856188806,-0.6918626916559097,Fall
151.58,284,896,138,844,84,67,0.8965114061644588,0.13800091788959115,0.2151017880859351,0.10778613063134239,0.45375360906799117,0.056446258046662305,Fall
151.6,275,530,90,707,143,109,0.8999826646577047,0.1499307985933344,0.21440099086986064,-0.5185553271540789,-0.8159694395903047,-0.21259596772198852,Fall
151.62,303,803,69,693,112,79,0.8799199424269307,0.12584123338852854,0.19957155494001227,0.28353890456788816,-0.35999138423317467,0.12985461695912304,Fall
151.64,201,775,131,633,145,80,0.8566188274868386,0.1264830933868108,0.23619841251919288,0.7124161860465663,-0.2793517401949157,-0.01113218907125594,Fall
151.66,257,681,118,478,173,105,0.8531773511851569,0.14788128663360253,0.2101530035116272,-0.7968252899794834,-0.5600402905029132,0.8169485869071444,Fall
151.68,420,818,132,811,133,41,0.8841945594573767,0.13543705783463778,0.21146028520127175,-0.3515249847507511,0.856225021780943,0.609889981848565,Fall
151.7,347,868,149,741,64,116,0.8852511748455459,0.143590622891377,0.23031412300195317,0.7353959300464682,-1.063236436747343,-0.19871508196776808,Fall
151.72,446,618,75,583,113,73,0.8506660954833084,0.16046378816432627,0.21342078260174238,0.5962885730567282,-0.17622645584967556,-0.6520351364620445,Fall
151.74,266,707,88,730,166,75,0.856307464628742,0.11903702885698522,0.2498751438268793,0.1284512551275034,-0.1922842265811773,0.1412888453175105,Fall
151.76,430,898,54,730,107,117,0.9023398213511844,0.17566874328787715,0.21551639690707936,-0.029568206247580553,-0.8278227203040248,-0.06295264655155312,Fall
151.78,211,650,95,728,60,85,0.8821853772063901,0.19779665476952327,0.24793742940311658,0.14333347766582583,0.033546853463384256,-0.6754214909022666,Fall
151.8,396,885,136,528,87,96,0.8742882312492597,0.19759622523367518,0.1909821234831688,-0.06289328554292863,0.5599859153663495,-0.27942428632085475,Fall
151.82,279,605,69,591,105,108,0.9199153561586387,0.16703063367972315,0.24926579910597238,0.692346454445238,0.058951247587781426,-0.02253360625578592,Fall
151.84,435,661,107,515,179,44,0.8772102006129443,0.1789815480091624,0.17536589916301543,-1.173413222617955,-0.6740362996978437,-0.06278573525224161,Fall
151.86,401,723,140,661,108,74,0.8794720169600941,0.13520491352879915,0.22877651018871809,-0.30903553683395263,0.4888927570932381,0.17119286709080783,Fall
151.88,315,650,122,652,160,94,0.8938282071041144,0.18759402823246707,0.22542728459341,0.5130087012273494,0.5189919301361354,-0.19165408416921612,Fall
151.9,267,742,58,818,122,106,0.8734983332245267,0.16844432152104918,0.2354105067282222,0.26023101927424974,0.5992223371633351,-0.47280337784782356,Fall
151.92,213,716,52,579,115,100,0.8379810662048314,0.1739431079116767,0.18798900364544335,0.403434912740218,-0.9994390771884043,0.16284308182238139,Fall
151.94,431,881,69,504,86,60,0.8786027299771719,0.18569948158685615,0.18942764877138318,0.6132336014521159,0.26239963777164155,-0.5835593128816601,Fall
151.96,423,756,133,687,62,76,0.8543574281067948,0.17884521529276295,0.2542497677569407,-0.28525092219481235,-0.14825294886079654,0.44652453257492963,Fall
151.98,352,748,91,494,87,76,0.911033931507608,0.17690263660535485,0.20621209832954865,0.35504854687003135,0.4381068721644706,0.17518273715355315,Fall
152.0,981,269,219,382,419,166,-0.0018,0.0006,0.9911,0.32,-0.55,0.34,Fall
152.02,1039,276,199,424,411,143,0.0015,0.0204,0.9611,-0.64,-0.74,-0.63,Fall
152.04,994,262,222,374,476,158,-0.0083,0.0432,1.0814,-1.12,1.17,1.19,Fall
152.06,999,290,234,421,442,182,-0.0055,-0.0098,1.0224,-3.03,0.71,-1.21,Fall
152.08,992,250,209,392,437,186,-0.0195,-0.0154,0.9722,-1.33,0.16,0.6,Fall
152.1,990,286,189,370,435,175,0.0592,-0.0521,1.0071,-1.05,1.09,0.52,Fall
152.12,960,265,173,362,424,178,0.0409,-0.0136,0.9935,0.22,-0.42,1.18,Fall
152.14,992,267,206,393,439,159,0.0798,-0.0101,1.0073,0.68,-0.56,0.44,Fall
152.16,962,311,203,355,431,166,0.0847,-0.0043,0.9655,1.33,2.07,2.11,Fall
152.18,1013,272,214,349,399,155,-0.0177,-0.021,1.0357,-0.2,-1.37,-1.06,Fall
152.2,1011,292,196,399,389,171,-0.0156,-0.0503,0.9554,-1.47,-0.63,-0.5,Fall
152.22,1001,265,225,388,459,148,0.0287,-0.0607,0.9021,1.66,0.09,0.31,Fall
152.24,1039,298,207,353,399,170,0.0518,-0.032,0.9378,-1.07,-1.05,-0.32,Fall
152.26,1058,263,176,350,437,186,-0.029,0.0441,0.9728,0.81,0.37,1.4,Fall
152.28,1057,275,210,369,426,159,0.0105,0.0339,0.9658,3.08,-0.29,0.44,Fall
152.3,1003,308,202,333,405,151,0.0427,0.0096,0.9935,1.25,1.3,0.99,Fall
152.32,1057,257,201,371,388,170,-0.0103,-0.0077,0.9749,-0.4,1.82,-0.93,Fall
152.34,1077,258,214,354,408,148,-0.0354,0.0487,0.9682,-0.52,2.58,0.23,Fall
152.36,1035,299,194,331,422,169,0.0463,-0.0309,1.009,0.37,-0.12,0.2,Fall
152.38,1006,294,206,375,412,160,0.0237,-0.0105,1.0359,-0.56,0.54,0.11,Fall
152.4,1057,307,183,348,416,158,0.0839,0.0018,0.9705,-0.69,1.09,0.26,Fall
152.42,1056,303,196,363,424,152,0.0056,0.0491,0.9801,0.31,-0.92,-0.34,Fall
152.44,1069,297,194,310,391,156,0.0099,-0.0254,0.9772,-0.82,0.0,0.07,Fall
152.46,1018,290,198,322,383,143,-0.0118,0.0034,0.9673,0.92,0.36,0.74,Fall
152.48,1081,274,190,349,418,120,-0.0023,0.019,0.9746,0.24,0.12,-0.69,Fall
152.5,1049,299,165,342,405,158,0.0315,0.0037,1.0106,0.27,-0.07,-0.42,Fall
152.52,1084,309,175,359,406,158,0.0432,-0.0007,0.9781,1.86,0.04,0.87,Fall
152.54,1078,297,180,338,388,147,-0.0054,-0.0247,0.9559,0.1,-0.63,0.03,Fall
152.56,1075,295,190,338,375,135,0.0516,0.0517,0.9776,0.29,-0.02,1.1,Fall
152.58,1086,305,182,365,331,152,0.0839,0.03,1.0077,1.65,1.12,-0.36,Fall
152.6,1085,289,185,282,379,178,-0.0121,0.0487,0.9722,0.49,-0.74,-1.15,Fall
152.62,1063,320,169,319,390,126,-0.0195,0.0288,1.0156,1.14,0.2,-0.15,Fall
152.64,1096,315,191,303,385,153,0.0262,0.0265,0.963,-0.55,0.87,-0.28,Fall
152.66,1161,318,168,317,386,131,-0.0138,0.0463,1.0221,0.44,-2.0,-0.36,Fall
152.68,1106,300,156,246,386,134,0.0415,0.0561,0.9821,1.19,0.29,-0.06,Fall
152.7,1057,282,181,310,391,141,0.0093,-0.031,1.0027,-2.73,1.05,0.41,Fall
152.72,1056,271,171,328,386,110,-0.0282,0.0479,1.0082,-0.7,0.37,-0.31,Fall
152.74,1090,302,177,314,364,116,0.0322,0.0149,1.0156,0.08,2.67,-1.27,Fall
152.76,1035,302,169,321,365,115,0.0002,0.0359,0.9942,-2.07,0.24,0.14,Fall
152.78,1033,313,201,307,404,119,0.0404,0.0337,0.963,1.41,-1.54,-1.26,Fall
152.8,1102,318,176,316,339,150,0.0267,0.0208,0.9905,2.01,0.96,0.43,Fall
152.82,1088,315,181,331,328,136,0.0009,-0.0017,0.9527,1.8,0.08,-1.23,Fall
152.84,1086,294,175,286,371,132,0.0182,0.0028,1.0352,-1.41,2.71,0.17,Fall
152.86,1042,332,184,270,367,145,0.0425,0.0493,1.0485,0.95,0.52,-0.45,Fall
152.88,1081,306,198,316,367,144,0.0446,0.0257,1.0521,-0.52,-0.91,0.18,Fall
152.9,1064,327,179,272,330,174,0.0591,0.0399,0.9893,0.62,-0.84,0.78,Fall
152.92,1105,318,148,308,349,163,-0.0195,-0.0004,0.9241,-0.67,0.65,-1.94,Fall
152.94,1065,314,179,319,349,183,0.0044,0.0201,1.0179,-0.7,-1.43,-0.27,Fall
152.96,1080,338,149,313,349,157,0.0166,0.0362,1.0411,0.31,1.56,1.11,Fall
152.98,1083,313,162,298,359,145,0.0454,-0.0025,0.9841,0.33,0.22,1.14,Fall
153.0,1061,273,170,286,340,126,0.0133,0.0437,1.059,-0.03,-0.42,0.88,Fall
153.02,1088,332,154,313,355,137,0.0002,0.0734,0.9329,1.75,0.97,0.09,Fall
153.04,1116,316,173,317,360,142,0.0701,0.0105,1.0252,-0.88,-0.24,-0.05,Fall
153.06,1067,328,158,309,353,135,0.0797,0.0363,1.0096,-0.15,-0.4,-0.09,Fall
153.08,1118,315,178,285,338,117,0.0027,0.0613,1.0201,0.26,-0.25,-1.01,Fall
153.1,1047,313,168,295,379,154,0.0063,0.0264,1.0107,-0.74,-0.73,-0.05,Fall
153.12,1060,315,149,327,396,151,-0.0039,0.019,0.9392,1.14,-1.04,0.12,Fall
153.14,1118,303,179,315,314,157,-0.0166,0.0265,0.9596,-0.22,-0.0,-0.13,Fall
153.16,1105,313,177,326,354,127,-0.0039,-0.0175,0.979,-1.99,-0.84,1.16,Fall
153.18,1093,312,199,326,372,138,0.0322,-0.032,0.9215,-1.16,0.14,-0.81,Fall
153.2,1048,329,186,300,394,149,-0.0097,0.0183,0.958,1.19,0.73,0.42,Fall
153.22,1093,317,179,339,351,126,0.0333,0.0243,0.9071,-1.08,0.43,1.44,Fall
153.24,1069,327,166,298,363,141,-0.0142,0.0167,0.9399,2.09,-2.79,-0.79,Fall
153.26,1041,292,174,319,351,137,0.0456,0.0047,0.9572,-1.57,0.2,-0.68,Fall
153.28,1067,329,172,289,336,122,-0.0396,0.0193,1.0226,0.93,1.39,-0.1,Fall
153.3,1083,330,178,329,391,156,-0.0393,-0.0404,0.9629,1.09,0.79,-1.89,Fall
153.32,1115,305,172,320,377,149,0.0114,-0.002,1.0148,0.26,0.12,0.38,Fall
153.34,1064,292,179,310,402,139,0.0368,0.0775,0.9929,-0.1,0.93,1.47,Fall
153.36,1029,311,176,363,409,129,0.0354,-0.0553,1.0022,0.49,-0.16,-0.56,Fall
153.38,1095,321,184,321,382,111,-0.0257,0.0364,0.965,-3.36,-1.57,0.59,Fall
153.4,1043,308,182,347,376,121,0.055,-0.0229,1.022,1.37,-0.94,1.61,Fall
153.42,1077,292,219,323,383,141,0.0014,0.0427,1.0753,-1.12,0.35,0.36,Fall
153.44,1065,311,186,302,356,137,0.013,0.0321,0.9655,-0.6,-0.39,1.27,Fall
153.46,1032,294,182,301,390,147,0.0494,0.008,0.9251,-1.09,-0.58,1.2,Fall
153.48,1045,319,180,322,396,142,0.0331,0.0395,1.0645,1.73,1.55,0.95,Fall
153.5,1061,340,179,326,404,151,-0.0274,-0.0169,0.9802,1.43,-1.88,-0.78,Fall
153.52,1074,303,162,333,396,106,0.0487,-0.0022,0.9613,-1.39,0.37,1.17,Fall
153.54,1033,286,189,309,406,140,-0.0146,0.0109,0.9803,0.57,0.47,-0.3,Fall
153.56,1036,299,146,324,404,129,0.0089,0.006,1.0477,-0.11,-1.21,0.79,Fall
153.58,1026,292,210,359,411,184,0.0028,0.052,0.9534,1.68,-0.04,-0.21,Fall
153.6,1062,314,164,335,415,176,0.0177,0.0102,0.9312,0.1,-0.1,-1.14,Fall
153.62,1002,295,210,360,405,152,0.0697,0.038,0.9945,-2.62,-1.55,-0.47,Fall
153.64,1070,290,186,365,437,139,0.0621,0.0199,0.9896,1.02,0.79,-0.9,Fall
153.66,1029,264,183,371,394,180,-0.0054,0.0115,0.985,-1.48,-0.74,-0.09,Fall
153.68,1044,293,210,333,393,133,0.0132,-0.0644,0.9996,0.42,0.72,1.3,Fall
153.7,1018,296,187,344,431,203,0.0144,0.0269,1.0163,0.27,1.1,-0.89,Fall
153.72,1006,295,204,365,457,164,0.0502,-0.0097,1.0779,0.14,-0.12,0.7,Fall
153.74,1092,295,174,393,393,142,-0.0275,-0.0159,0.9556,0.41,0.31,-1.29,Fall
153.76,986,287,189,384,462,137,0.0307,0.0239,1.0079,0.83,-0.84,-0.07,Fall
153.78,1016,238,221,395,422,172,0.0467,0.0279,1.0289,0.2,-0.43,0.11,Fall
153.8,1048,314,206,390,403,178,0.0167,-0.0097,0.9676,-2.15,-0.67,0.46,Fall
153.82,1016,293,174,395,410,161,-0.0319,0.0053,0.9965,2.84,-0.23,-0.39,Fall
153.84,1057,288,232,368,425,180,0.0464,-0.0573,1.0214,1.53,0.13,-0.22,Fall
153.86,1004,275,182,364,416,148,0.0205,0.032,0.9762,1.01,-0.27,0.73,Fall
153.88,1014,283,184,371,423,178,0.0486,0.043,0.9713,0.69,-2.07,0.64,Fall
153.9,1041,258,211,392,417,168,-0.0162,-0.0482,1.057,1.32,0.83,-0.73,Fall
153.92,1014,308,233,383,406,158,0.0407,0.0533,0.9938,-0.34,-1.99,1.42,Fall
153.94,1041,285,236,368,437,160,0.0566,-0.0454,0.9995,-0.77,-0.31,0.19,Fall
153.96,982,282,178,384,448,181,0.011,0.0342,0.977,-1.63,0.52,0.26,Fall
153.98,1009,252,208,372,415,190,0.0458,0.0843,0.9744,-0.79,-1.63,0.59,Fall
154.0,1020,273,234,412,453,162,0.0318,0.0393,1.0323,-0.1,1.29,-1.93,Fall
154.02,1036,241,226,373,432,185,-0.0179,-0.0294,0.9755,-1.71,-2.9,1.39,Fall
154.04,1009,270,230,418,468,193,0.0249,0.0294,1.0077,-1.35,0.48,-0.17,Fall
154.06,977,266,244,376,474,172,0.0261,-0.0107,0.9944,-0.07,0.44,-0.57,Fall
154.08,962,279,218,403,465,215,0.0538,0.0308,0.9741,-0.62,2.48,-0.3,Fall
154.1,932,233,209,385,470,204,0.0446,-0.0203,0.9761,0.59,-2.11,0.9,Fall
154.12,967,257,219,398,504,168,0.062,0.0064,0.9796,1.42,1.13,-0.49,Fall
154.14,973,267,243,404,443,170,0.0054,-0.0004,0.9999,1.63,-1.95,-0.5,Fall
154.16,969,255,203,414,491,207,-0.0326,-0.0293,1.0219,-0.41,-3.41,-1.72,Fall
154.18,954,263,256,422,472,211,0.0679,0.0085,0.9824,-0.29,-1.06,0.65,Fall
154.2,989,265,245,416,483,211,-0.0016,-0.0323,0.9804,-1.87,0.19,-0.79,Fall
154.22,959,270,238,451,482,206,-0.016,0.0319,0.9495,2.0,0.78,-0.95,Fall
154.24,959,257,225,446,525,183,0.0362,0.0155,1.0144,-0.19,-0.24,0.21,Fall
154.26,924,264,212,429,474,193,0.0177,-0.0364,1.1151,-2.21,-0.83,0.45,Fall
154.28,915,255,231,401,476,198,0.0562,0.0155,1.0571,-0.54,0.79,0.16,Fall
154.3,941,281,223,417,488,176,0.0325,0.0036,1.0203,-0.1,1.31,0.33,Fall
154.32,977,232,222,439,465,210,-0.0514,0.0524,1.0189,0.65,0.33,1.33,Fall
154.34,906,240,225,430,514,193,-0.0108,0.0198,0.9873,-0.89,0.83,-2.34,Fall
154.36,940,236,228,443,500,200,0.0044,0.0134,1.0036,0.84,-0.79,0.22,Fall
154.38,966,256,255,452,519,194,-0.0256,-0.0002,1.0162,1.5,0.58,-0.53,Fall
154.4,900,248,247,431,533,194,0.0168,0.40340000000000004,1.0525,136.4845767369803,143.72354848035508,-0.89,Fall
154.42,939,233,250,482,500,211,0.0217,0.4113,1.0063,75.11093610895169,224.08671572349706,1.15,Fall
154.44,970,225,249,458,533,249,0.0106,0.3896,0.9409,136.42779683408585,147.40250015929595,0.73,Fall
154.46,936,223,252,452,491,241,0.0077,0.393,0.9862,97.3058178595311,181.01532387185355,0.24,Fall
154.48,930,237,240,433,508,193,-0.0308,0.4476,0.9449,130.77412877120491,234.7093741321189,-0.38,Fall
154.5,926,241,255,482,484,215,0.0464,0.41090000000000004,0.931,142.86597411967657,168.8817040373742,-0.31,Fall
154.52,941,266,248,459,543,216,0.0764,0.3715,1.0783,102.09306219548864,176.00674499271682,0.44,Fall
154.54,916,214,225,479,531,202,-0.0039,0.40990000000000004,0.9738,108.66212572009988,190.58511504993263,-0.45,Fall
154.56,942,242,225,449,519,221,0.023,0.4465,0.9535,134.52778119835438,220.64899175359642,0.93,Fall
154.58,903,240,239,468,502,190,0.0424,0.43560000000000004,1.0495,87.45548578525218,141.17182158677306,1.13,Fall
154.6,879,253,244,504,548,194,-0.0016,0.46490000000000004,0.959,78.05822871343467,236.59433952526553,1.17,Fall
154.62,913,233,219,444,534,200,0.0066,0.44,0.9974,123.70168937350414,134.9720933136466,0.41,Fall
154.64,902,233,242,511,526,230,-0.0084,0.4166,1.0292,122.79217730373252,135.82983601269206,0.01,Fall
154.66,912,234,246,454,492,224,0.0178,0.4605,0.9683,83.19062630344133,142.17908839044716,-0.16,Fall
154.68,888,269,265,468,499,217,0.0188,0.4098,0.9917,130.25226858903892,140.43385140743243,-0.54,Fall
154.7,931,237,243,486,497,223,0.045,0.386,1.0992,68.52964756027093,221.33580673070577,0.39,Fall
154.72,927,238,254,487,514,248,0.0155,0.3687,0.9768,147.55922888169607,164.72732030629257,1.24,Fall
154.74,905,198,245,473,522,207,0.0334,0.4398,0.9618,104.38536074220886,237.4359220451417,-0.89,Fall
154.76,930,217,256,480,509,207,0.0567,0.4299,0.9923,108.87341887171158,139.99991162125048,0.89,Fall
154.78,876,221,243,476,555,219,0.061,0.3417,0.9958,115.65402078141213,159.7181895072158,-1.04,Fall
154.8,46,46,46,46,46,46,0.05721151187798111,0.010875598119425296,0.08484384066117177,1.43,-0.32,1.13,Fall
154.82,11,11,11,11,11,11,0.02856145729459337,0.08889192168449601,0.3114340310895297,-0.98,-1.58,-1.35,Fall
154.84,32,32,32,32,32,32,0.02946735631458132,0.10366029546976642,0.1602545237863036,2.73,-0.01,0.68,Fall
154.86,43,43,43,43,43,43,0.010698248528536092,0.12003946641661656,0.19688029745803526,0.69,1.58,-0.7,Fall
154.88,10,10,10,10,10,10,0.029325912409901032,0.0034218757906842867,0.08283165130016297,-0.43,-0.63,0.55,Fall
154.9,47,47,47,47,47,47,0.05713240624324534,0.127190361384165,0.15112875188196492,2.07,0.72,0.35,Fall
154.92,49,49,49,49,49,49,-8.221976649436247e-06,0.08260741532337064,0.06805711968894922,-0.34,0.35,0.36,Fall
154.94,3591,3592,253,3069,501,216,1.7834428860322828,2.2124132998591888,3.8438086968735874,254.5595753341484,250.72320506577108,0.17,Fall
154.96,3699,3779,252,3584,518,195,1.7143930861591354,3.047442999597991,3.551716553397144,193.0949883107138,313.43500937913467,1.32,Fall
154.98,3878,4048,257,3483,555,222,2.6495096673218868,2.8485286597113073,3.8059335639219896,291.3075572218163,326.30256498994254,0.28,Fall
155.0,3640,3772,237,2919,581,238,1.9485194918326953,2.053724001807599,3.768494661049332,252.02683801187274,234.37743081502822,-0.09,Fall
155.02,3778,3927,268,2812,602,236,1.7686182636056083,2.2517086878349857,4.046398388595059,228.8606259339286,350.82100633142517,0.03,Fall
155.04,4007,3263,251,3116,532,246,2.426482020548895,3.5360994461992816,3.9942566359624827,250.82434409579852,322.78968841182774,-0.04,Fall
155.06,3579,3429,269,3663,528,228,1.7035408060969155,2.6597222713759554,4.229582704923637,273.7717686695506,241.80809578228738,-0.07,Fall
155.08,371,863,112,511,155,83,0.8378925114976992,0.18333554645307854,0.234202619174105,0.1394200910751118,0.30485622343126445,-0.020260643470104832,Fall
155.1,299,714,124,581,120,112,0.8553127327914787,0.16198312681277122,0.21758852888990465,-0.4490484642299957,-0.1882607993436194,0.17818560577693143,Fall
155.12,274,674,55,562,132,79,0.8741548380162895,0.11248291103642497,0.20690896468623832,0.03780944694444332,0.7660005053873757,-0.1762763931088797,Fall
155.14,350,850,50,509,90,74,0.8779976171007137,0.16391307761349505,0.19813522134491302,-0.49540465552942714,0.23961121023039625,-0.5550109973392078,Fall
155.16,345,798,125,684,152,52,0.8750613761290872,0.13688990506854606,0.2139240394188929,-0.7268881426433831,0.3258101802756346,0.3416047055183495,Fall
155.18,336,630,90,672,76,107,0.8985688968689218,0.1467435145596587,0.2023461918653637,0.4754316720421753,-0.1924955085972746,0.14043312960845242,Fall
155.2,397,574,58,592,170,92,0.882739821538586,0.16282990099717068,0.21598953199505516,-0.05862441862193655,0.41256900629274634,0.3633449671336147,Fall
155.22,272,532,56,664,161,109,0.8599384619666679,0.16139437517070246,0.23266010344573718,0.10878399961764071,0.6288056584303656,0.14695301782613035,Fall
155.24,417,897,59,665,97,106,0.85915293983462,0.12412227669401357,0.2178367601026186,-0.015199538682526452,0.24830681475502187,-0.03833262473774246,Fall
155.26,413,706,76,646,87,70,0.8814300047580913,0.12499713109107988,0.18061911597484148,-0.6827528625585109,0.38283755937420305,-0.06839450262122075,Fall
155.28,327,767,94,552,103,98,0.8919487509366335,0.13197276059796326,0.21004505848585392,0.09470711623137422,0.3509674311861543,-0.1597754496877239,Fall
155.3,447,749,67,526,161,101,0.8743355471540503,0.15378082710133173,0.19726017277401425,-0.041452994988644694,0.7200760515039499,0.07059145181853936,Fall
155.32,422,601,69,551,63,74,0.9269686499923703,0.1783812873250916,0.2084027405722039,0.5006611619456206,-0.8365525722280552,0.28847794896312673,Fall
155.34,260,621,66,821,166,49,0.8968256687789452,0.1467699479962376,0.21541904423585925,-0.688532241980336,0.06497469698612465,-0.5461020144992589,Fall
155.36,406,647,127,622,93,102,0.894282826110218,0.16794587381349296,0.19574140496321807,0.170058170971187,0.5462211953019686,-0.7320649781117411,Fall
155.38,254,785,81,581,101,54,0.9084849568296136,0.1379844193018441,0.20255306738735007,-0.35954621379051077,0.9204528647828162,0.10748422586843208,Fall
155.4,220,697,145,594,142,113,0.9132745289985192,0.11777794688346802,0.2266859956684406,0.8183318972287901,0.3842374717219401,-0.36777274305151564,Fall
155.42,331,780,114,532,159,74,0.8571742161861944,0.14787868927673284,0.2219115439422219,-0.1607264935022859,0.2384570330164072,-0.14056782133553233,Fall
155.44,326,771,124,658,163,85,0.8380740045424762,0.16484177699189956,0.20730997047162064,-0.21242621252710361,-0.24395845287233608,-0.698328753723684,Fall
155.46,313,574,120,848,108,88,0.9201511398136247,0.15349348717839073,0.24523060860920665,0.033463266707924655,-0.884609992205188,-0.5709579221621924,Fall
155.48,339,507,69,600,146,52,0.9069935677200368,0.13363013516100766,0.25621962150862954,-0.3720546029161168,0.4347408944445062,0.2529501316047524,Fall
155.5,231,554,117,601,179,95,0.8766727315953603,0.12426673636989505,0.21606043853182783,-0.8830529121502909,0.15441682140067925,0.40750079625753877,Fall
155.52,292,717,63,840,109,59,0.8618415736286823,0.1312037019943891,0.2219217433847256,-0.11525417963870124,0.07527956485437405,0.188071856845603,Fall
155.54,438,566,64,647,126,82,0.891458084213599,0.1397049365909202,0.24875943791810012,0.5737482895054402,-0.08972980345998903,-0.5896867582195574,Fall
155.56,368,701,119,516,152,79,0.9070939954496368,0.14705780819612757,0.1896938994980426,0.14727968399617575,0.035691550129317656,0.49933197481737396,Fall
155.58,318,592,67,788,110,119,0.9050821770048497,0.13354671438684348,0.2227090148623417,-1.0423495126809428,0.3273000933939318,-0.4292573974583115,Fall
155.6,301,808,53,593,119,73,0.8625807348033796,0.10258747345883099,0.20210085907976172,-0.07996682018337237,-0.5239436189746085,0.16272917104720078,Fall
155.62,389,775,113,768,179,82,0.8893209701148918,0.15693134623451127,0.22288968484092161,-0.43220233184996404,-0.3515628905101139,-0.47993012598894097,Fall
155.64,430,563,75,784,61,72,0.8624275989486475,0.12171793892280221,0.18979788484048127,0.43533785011334053,0.6882539603120253,0.11196654563240976,Fall
155.66,228,517,95,667,78,73,0.9129161220705349,0.1547693823670809,0.2241312504280856,-0.0915370560910965,-0.04899296239709599,0.18014534313720176,Fall
155.68,314,505,94,539,86,88,0.8711145120316428,0.17607418909023426,0.2567743599687753,0.44769330753737013,0.40688375522268155,0.3304139118073966,Fall
155.7,391,855,144,735,108,91,0.8409857216311021,0.14677504426186158,0.22853438538001883,-0.17286085816101673,-0.43856230535301216,0.4075299302641761,Fall
155.72,427,737,72,624,121,81,0.8764359885920672,0.1830652886858467,0.22922107205371872,-1.2892445901759542,-1.4484268392955226,-0.06175102072938933,Fall
155.74,385,798,70,794,162,74,0.8751509115345485,0.14319438922513045,0.24940341178029368,0.10466016141033288,0.8028348810133471,-0.15270678732890128,Fall
155.76,210,555,123,696,146,74,0.8843354999274636,0.12696721496602628,0.21810338760945935,-0.7544799832295022,0.12003547587090135,-0.1405246825556105,Fall
155.78,350,621,136,736,121,102,0.8724990144475593,0.1477112684481582,0.2503456279939228,-0.42010111656013394,0.08209264614933505,0.008967968028335173,Fall
155.8,426,560,56,577,146,83,0.8802655718070818,0.14288076388669982,0.21236928108728806,0.9022504923797077,0.23705748612027633,-0.21582178926817758,Fall
155.82,388,622,56,543,132,72,0.8825432510800855,0.14908103812408424,0.20223534000365465,0.2014174463286434,-0.29644987751162355,0.2638721500374947,Fall
155.84,420,570,54,467,129,88,0.8693352736579877,0.17686197425835884,0.2319419673362732,-0.09363754800865487,0.6642965234043128,0.20037425073837825,Fall
155.86,419,610,142,828,82,89,0.8958706306582819,0.172181950114943,0.2203173158252597,-0.05689061108974175,-0.4366507314204472,0.18875702936076064,Fall
155.88,241,664,89,473,80,41,0.8988891481388934,0.13335276159469778,0.2617196354644727,0.6672598231371885,-0.16467895210673011,-0.27299037528703857,Fall
155.9,208,574,91,498,159,77,0.9185761432640653,0.15783182692263945,0.21975926290004164,0.1985013100890357,-0.6472815490705416,-0.09386635219553624,Fall
155.92,341,899,147,682,150,75,0.8625385116102086,0.14882854904493462,0.2061493593448293,0.40514073151456736,-0.07532626295739459,-0.25050144999839496,Fall
155.94,346,819,67,537,127,40,0.8542634324099933,0.14072510531949597,0.23196142909391154,-0.0522241575843062,0.07295091115381949,-0.056083082374683325,Fall
155.96,339,652,82,764,160,106,0.8847031256825314,0.16039328776406125,0.18952427939786773,-0.9320462283078617,-0.813023270607183,0.1286619432857051,Fall
155.98,404,502,105,735,143,74,0.8973043998814138,0.1861468126921666,0.2204159808020933,0.6422339219383707,-0.11491571773530247,-0.5822986472017205,Fall
156.0,347,742,105,752,168,82,0.8652325162599361,0.15230849952496078,0.20939006189898135,0.24833404609895848,0.5887540665939056,-0.04996014469472879,Fall
156.02,306,553,110,456,118,48,0.889928058878689,0.14673131360360556,0.22234381103280015,-0.6484322825172715,0.05933767077539309,0.06744864584134413,Fall
156.04,440,690,80,676,73,79,0.9007443780509594,0.16170134917467366,0.21453292216610526,0.30699629454123867,0.32798042262048793,0.716294880434405,Fall
156.06,261,650,58,609,102,117,0.9120610499959417,0.12719985080903587,0.2230902214521433,-0.2206493217616478,0.571433678554721,0.21827171143092108,Fall
156.08,394,756,101,840,177,46,0.872424048093346,0.14198726548713536,0.2190695682344927,-0.3095477651149205,0.07855607695198817,0.5983474945961712,Fall
156.1,283,556,101,592,132,79,0.9103944072243408,0.14690361905279423,0.24870170604167932,0.8527359235964247,-0.5432005292697321,0.17339160766611122,Fall
156.12,446,739,50,550,98,96,0.8651991101366746,0.14977377977634357,0.2263135375399593,-0.21680307309463326,-0.08844596348025602,-0.010906770281592667,Fall
156.14,233,618,136,488,83,79,0.8923894959626846,0.11696943564996784,0.23455700964131454,-0.5919125959142202,-0.2344548820797848,0.2742369537670168,Fall
156.16,366,611,61,696,162,93,0.8852103728220597,0.17328812429171447,0.21888490136970998,-0.9794889531875133,0.15121556160735372,0.08135710020234183,Fall
156.18,395,646,70,458,166,118,0.8829070647889555,0.15193780960850337,0.23719974587717454,0.012015568440420971,-0.31766208468668894,-0.4003310085580795,Fall
156.2,319,542,122,608,63,104,0.8754162738708828,0.10325233928979602,0.23369679387980613,0.6954431665685666,-0.3147206383929352,-0.08884041696202791,Fall
156.22,402,798,83,708,70,59,0.9152799142157387,0.1542910063764687,0.24293669133009832,-0.027554096254985696,-0.6274022441357195,0.40313874934152105,Fall
156.24,201,656,92,589,69,82,0.9006252797735559,0.16063176720848266,0.1647418136066053,-0.02604564063305926,0.5124497154060751,-0.027791864622435776,Fall
156.26,381,727,140,641,173,61,0.9013648854984577,0.16453180654066593,0.2603321964841562,0.12198422592052122,-0.7244889412312654,-1.2188296142953456,Fall
156.28,220,514,73,734,157,56,0.8689663498208232,0.15616255181471614,0.23164582813826776,-0.16548368325836868,-0.1737727365308608,0.6226677365879891,Fall
156.3,305,725,113,756,87,57,0.9017592046633874,0.14415599737082677,0.2299015415223404,1.1004729057323188,1.2241131465885757,-0.2940416171917523,Fall
156.32,229,704,77,590,119,113,0.8737815035817784,0.15548707902534506,0.21099443109203084,0.014209219593122184,-0.6371463554328831,0.5005659787687615,Fall
156.34,360,743,56,577,107,43,0.8513807149790624,0.1650474828486919,0.25782079989549955,0.5315880107446967,-0.5019387525859466,-0.3128693526649614,Fall
156.36,304,756,138,626,167,112,0.9298248836786975,0.16636032180410937,0.22759536700231148,-0.3013715660976176,-0.30343754036983744,0.2878362531784931,Fall
156.38,329,751,86,825,176,69,0.9030429982070272,0.13485328251690598,0.20885976764759226,0.48139504152377227,0.7068182413168415,-0.3387033590457069,Fall
156.4,441,596,131,520,129,93,0.8541321172640945,0.13382968124484315,0.21086526713919684,-0.32303882197022316,0.38601004292097896,-0.24943055135018266,Fall
156.42,375,722,71,461,101,82,0.8913756121674908,0.19383409904259868,0.2603008455842067,-0.19124389874342979,-0.44617461939769476,-0.07603368745779038,Fall
156.44,368,800,63,478,162,50,0.8498791442354644,0.15164512916606604,0.20373255521911857,0.6097897734487193,0.5136968279944282,-0.2396388512523339,Fall
156.46,357,710,65,552,159,77,0.8848945132061528,0.14998306873087433,0.20766643371823276,0.006017901528894017,-0.42200535970424374,-0.23078688266020886,Fall
156.48,328,691,137,608,113,49,0.8863439871807856,0.15901672748155782,0.21308062307294853,-0.32023492353129884,0.7047703549682639,0.048344650271698014,Fall
156.5,201,605,101,641,177,86,0.8900156181295037,0.1538603838040095,0.19387748231646912,-1.0170188269586307,-0.4330545075809894,-0.5163590112601083,Fall
156.52,340,561,143,591,142,52,0.8729460740456266,0.19059926912186406,0.23750311855462014,0.33775766059046836,0.5238096379741032,0.34961528298989264,Fall
156.54,429,679,117,463,61,47,0.8772169043281173,0.12381101685357215,0.26628240676382975,0.24902386422495607,-0.11659485537775956,0.04331598968200632,Fall
156.56,228,564,137,826,116,59,0.9023254887477035,0.1468373518795445,0.21754332480831892,-0.06363251571366384,-0.4469968147047988,-0.36616847177498824,Fall
156.58,243,764,57,842,86,67,0.90853380301224,0.15464102638657565,0.2406409409557756,-0.07900700101517485,0.29927579598109266,0.44096045636742237,Fall
156.6,382,584,107,686,160,97,0.88149583256952,0.15088783398717537,0.26086570580311214,0.0031960744530332577,-0.32387893792572275,-0.02138265869248787,Fall
156.62,263,877,120,718,173,45,0.8914037063713925,0.14755236771899888,0.20321264973107964,0.17412841210836544,1.02466390109478,0.04434050976351117,Fall
156.64,439,642,88,610,116,115,0.898483693126143,0.15665433316760466,0.22823401335071133,0.09347001886504303,-0.29289402284261545,0.17375745111001248,Fall
156.66,210,852,146,664,60,109,0.885117424562891,0.15661402117419854,0.18216598524299726,0.15503794743546978,-0.006457421695020489,0.04090315105461844,Fall
156.68,373,688,57,807,128,103,0.8951508360189224,0.15068142101685852,0.17382710221261397,0.23523353072083902,-0.00950247226159913,0.08918418628245774,Fall
156.7,424,775,90,667,149,100,0.8380444426200483,0.16867833111510278,0.19450658026837703,0.5418370553518564,-0.20261719656394153,-0.9263591504152862,Fall
156.72,347,707,111,613,114,82,0.8902433909967578,0.14490011864731872,0.23521436484087457,0.14186474845837543,-0.1245673157991787,0.32512860112203673,Fall
156.74,240,542,76,812,128,87,0.9161065455889991,0.14647219783415724,0.21755471535578566,0.06818837750280238,-0.20213689133009896,0.0456028031696522,Fall
156.76,379,579,130,715,134,98,0.8789717990835485,0.12973404050414644,0.20228639827095385,0.45730722597765094,-0.051589659836026036,0.3639943948298372,Fall
156.78,261,809,68,494,76,68,0.8420854595258649,0.13184499811066525,0.23316301890865235,-0.6765130615151279,0.5607498530951364,-0.2954662668795127,Fall
156.8,372,705,89,788,84,53,0.9236818332738712,0.14919483899231137,0.21925226192053654,-0.3400901624057908,0.22224755610074304,-0.10487099289008704,Fall
156.82,302,894,90,532,63,66,0.901499762491721,0.14827241213467104,0.21336017887466133,0.23675516001432492,-0.09375232863566657,0.3490638940928295,Fall
156.84,330,788,85,450,74,107,0.8644376333666126,0.16766753374962978,0.21472216232720112,0.02080212100898696,-0.2650724181691774,-0.2419901130703339,Fall
156.86,264,663,56,470,87,110,0.8891240639591166,0.1766947228550852,0.23895039813706243,-0.00963827891835398,-0.42628537476087425,0.2841935987748614,Fall
156.88,343,594,91,633,120,75,0.9033685257870886,0.16042960238009077,0.23995806783404264,0.5495846099082103,-0.013211244970548496,-0.010225722889878972,Fall
156.9,425,607,54,600,153,101,0.8668170190233515,0.13606538967658088,0.21471169159930553,-0.04869103707966712,-0.5469082982941958,0.11770534900069994,Fall
156.92,356,547,91,650,60,50,0.8750011364674446,0.12019711946286224,0.2245560292679153,0.052520768703240274,-0.17281159988301345,0.15393802984561777,Fall
156.94,235,837,81,809,151,106,0.8866034879141913,0.11991514406202405,0.21520068504678447,1.2565162757582204,0.6289101032366803,-0.17829137759901334,Fall
156.96,251,899,121,642,118,118,0.8832353183720569,0.16064907980870258,0.2619156549944711,-0.5448773965460584,-0.949449752229343,0.14566100878770616,Fall
156.98,329,646,92,738,155,42,0.9148249204571393,0.1486214925953697,0.2099782632080275,-0.2503675472694972,-0.10368480401419505,0.43835530725791855,Fall
157.0,353,627,97,488,80,114,0.8856164093929704,0.16529043027667537,0.19660293776227847,0.3286223006825525,-0.0466830351473451,-0.16610442274164222,Fall
157.02,229,654,126,711,60,94,0.8487027396307723,0.1439351448522919,0.21899787801449122,-0.039437812228150106,0.1817285528013911,-0.4316644497417933,Fall
157.04,401,852,135,476,102,88,0.8505432564627573,0.12402565123374437,0.2200093530651245,0.16216221351814308,-0.24133516953428785,-0.061912498170849234,Fall
157.06,290,661,78,635,136,111,0.866950945776035,0.1735789117495716,0.2046925170018728,-0.3176561068976215,0.3090105260067048,0.13825407583217894,Fall
157.08,241,597,110,607,163,71,0.8432888567889041,0.1591064325762261,0.22705477902408155,-0.461687780359713,0.33470618769218413,0.12237666385243902,Fall
157.1,213,657,101,792,163,78,0.9011639466347189,0.15987257540788397,0.21296676806279347,0.15302175659238265,-1.0765914182059355,0.04681181820809751,Fall
157.12,249,627,61,500,179,55,0.8747932540276625,0.16858686209254856,0.2083360753764301,0.19101531617439704,-0.46440643172065627,-0.2259972673161359,Fall
157.14,273,570,141,820,76,104,0.8292073661359561,0.1395901089444264,0.2180382691549127,0.3510498703443611,0.7497725021418686,-0.02414441328993981,Fall
157.16,343,565,89,746,78,100,0.8626230081590297,0.11341183062282009,0.2286334161090601,0.060215711440755555,-0.44313568958539434,-0.07394726776642452,Fall
157.18,227,799,132,791,138,95,0.8786930777560843,0.13722216302379656,0.21038941880606235,1.2211193537884795,-0.15227487164534778,0.2434949694622083,Fall
157.2,366,796,94,450,96,87,0.8808348130786708,0.14082147480030888,0.1995638594544123,0.47670922231607965,0.32887747133294853,-0.5839585404512929,Fall
157.22,253,600,61,772,76,90,0.8693082648730713,0.15889426535462745,0.2384161917106122,-1.0684113174278278,-0.5338699796502513,0.04687150727102263,Fall
157.24,232,870,134,612,144,89,0.86430178576308,0.14299612071553347,0.19635878475645213,-0.27471955001734366,-0.03894995391019071,-0.013585139979229943,Fall
157.26,360,581,148,754,113,46,0.874489196942709,0.11712463586617909,0.2150183881595907,-0.11536806489391381,0.10158585860407235,0.1574147046133415,Fall
157.28,250,677,127,794,87,81,0.8768402567979126,0.1420807042338525,0.17352175737746559,-0.32507662528182396,0.29279276724704445,-0.1275091215563169,Fall
157.3,225,543,96,651,110,43,0.8996572584480896,0.1505262452790341,0.2519153262825389,-0.024556981664907822,0.31260051483437956,-0.3178624405236881,Fall
157.32,209,852,112,576,92,69,0.8888286521787911,0.17749328484157906,0.2294695036245718,0.8617414159862988,-0.07531007058758026,0.06191351103700176,Fall
157.34,436,664,83,832,134,55,0.8366990497182649,0.19641124135475854,0.23140772430378825,-1.3192261312396039,0.9557793033522926,-0.1294413777875274,Fall
157.36,219,566,147,481,60,79,0.8868321795547339,0.13867358169358363,0.24498202477987985,-0.29923268667439923,-0.40883487019542186,0.0753457798824045,Fall
157.38,434,609,88,515,74,44,0.9042689143469425,0.11752048944047928,0.20298029279233218,-0.7775399092712242,0.9757026612920149,0.4637328660413973,Fall
157.4,359,578,88,836,68,60,0.8931868362151555,0.16964947106360256,0.20293660889173754,-0.5757107683398489,-0.5177939005754756,0.3825017931704095,Fall
157.42,424,650,149,513,116,42,0.8759101482229684,0.15276800760988277,0.23548840704175864,0.9811801384064607,0.5423190664165989,-0.6748636830317124,Fall
157.44,413,818,95,604,132,81,0.8877350320252567,0.14259007925112693,0.23555154095833142,0.012223109333090244,-0.2592849571580556,0.6881048677848582,Fall
157.46,426,818,54,504,97,56,0.8839026803420761,0.12203947075190633,0.20627834623146543,-0.06887776254768722,-0.08015652751001254,-0.21658420204480053,Fall
157.48,324,678,64,598,150,117,0.8893182413588147,0.15442435369323065,0.20372361343712173,0.4175713773560968,-0.18499398856650517,-0.05316102189405353,Fall
157.5,389,821,73,810,165,52,0.8658555901547832,0.1386664178879017,0.24287471840302474,-0.7102367514577722,0.029828206351282138,-0.44276923009475927,Fall
157.52,441,548,140,646,167,47,0.8742024489594938,0.15415706744760468,0.24544772663543082,-0.6265694412265996,-0.47187501192520204,-0.189593234171055,Fall
157.54,399,525,99,638,91,62,0.8758418362997936,0.15669107233046378,0.21347842884470353,-0.06362403062647405,-0.6142393526842554,0.3933565478214349,Fall
157.56,386,793,65,761,94,96,0.918038736171738,0.13636482928030347,0.24473131992719277,0.44616107313379194,0.4157446996248005,0.20532131389651026,Fall
157.58,295,591,147,484,98,116,0.8697874657958966,0.16565034319761213,0.2215625546694257,-0.4389539622393369,0.7088932781520413,0.7670009195322948,Fall
157.6,373,784,63,718,121,72,0.8729714549014351,0.16956877756791114,0.20253027356976236,-0.029452145447216842,0.2748661468662835,0.6959158625623116,Fall
157.62,393,575,109,679,66,44,0.8766539951949947,0.12685520649891371,0.18144346801696834,0.3531520991297033,0.2805422762268268,0.0037268996028678803,Fall
157.64,391,804,94,523,76,84,0.906061937898743,0.19733454243343324,0.2026780944963807,0.13745710547853277,-0.07690620714783673,-0.5270794396909391,Fall
157.66,298,677,126,684,175,95,0.8851878101339838,0.17310214322271433,0.21278446503389506,0.16690760967042023,-0.2129390150025606,-0.40594780106476924,Fall
157.68,254,698,123,452,66,75,0.8506868732275957,0.14243315041901128,0.21631363420620556,0.9254317642394784,-0.5184122374547301,-0.2000977413466794,Fall
157.7,445,871,88,566,83,100,0.9006640127207203,0.15283775807381716,0.2099841726425517,0.572558862250289,0.2498151938010367,0.23173621544570744,Fall
157.72,368,762,103,805,118,104,0.8843739645096069,0.14734796282061738,0.22540665921551215,-0.20536223095345327,-0.31956667303809627,-0.20818891065073633,Fall
157.74,445,545,116,691,77,99,0.9039866732351372,0.15760968069880024,0.19146127352714487,0.4510316986900934,0.36098167114987906,0.6024502958298052,Fall
157.76,331,567,137,481,114,102,0.8711466760530048,0.17230821483076902,0.23804293677888144,-0.3114340329308594,-0.4365152418298483,0.7469047168520571,Fall
157.78,350,766,135,559,139,86,0.8891530998081285,0.12665526588434922,0.19872163965191159,0.028905414789141624,-0.06621488572933751,-0.34253103733144746,Fall
157.8,223,854,140,706,108,83,0.8624280019662676,0.14554631163756757,0.24623940425239244,-0.7815779684073946,-0.31034482504107214,-0.01660837018262763,Fall
157.82,277,810,123,700,122,96,0.9384353439866718,0.14903750729195223,0.22589755199732117,-0.46035384853545147,-0.4152862576254898,-0.5213236045154244,Fall
157.84,432,546,50,620,172,54,0.8893653475798219,0.1767759564147025,0.21474349117244587,0.1819282261370885,-0.5802098641230062,-0.48257584902618356,Fall
157.86,390,837,75,519,126,43,0.8764594114730068,0.1647572795377794,0.1996849771722812,-0.2405946129413847,0.05426605128780472,0.5248104030182261,Fall
157.88,275,692,121,678,156,105,0.8818854511367432,0.14299790700974035,0.24607525013974585,-0.22645856517550048,0.41716185493615443,0.7128547024649077,Fall
157.9,257,673,54,483,127,77,0.8426546687635323,0.13266130005819862,0.22017774934900705,-0.12773973678896697,-0.8292943647657436,-0.5773948768694066,Fall
157.92,339,764,105,695,154,51,0.8993063342009919,0.14011415799167382,0.21265645078461984,-0.2777381151676011,-0.5959694293416885,0.21320708754943382,Fall
157.94,408,621,129,472,149,86,0.8777098176491576,0.11740318008457037,0.26462718196014273,0.023503157129305462,-0.16439925443206924,-0.13612131026407767,Fall
157.96,322,678,103,690,157,81,0.8481706510667281,0.17611791192240933,0.22974597605937994,0.3148129995586174,0.8765551805782876,-0.10118694641077453,Fall
157.98,397,855,120,497,117,93,0.8842633292985427,0.1401304109532458,0.21912830476140205,-0.46870192582941383,-1.2673718058078758,-0.5820745572732391,Fall
158.0,280,758,133,537,110,43,0.8740893025893844,0.18755014818502938,0.20590104113537813,-0.7395907327767327,-0.2876050523882413,-0.2105844616754527,Fall
158.02,330,625,100,518,125,61,0.8523970969709358,0.15421078721129594,0.23995753774170303,0.9461702608661587,0.2062490549977978,0.434243936149884,Fall
158.04,312,614,137,695,62,78,0.8775806270007804,0.16164571571595626,0.20892527161213648,0.5829984842601978,-0.5535242226818381,-0.7674193667211182,Fall
158.06,273,809,85,845,165,96,0.9049987518729561,0.19153828074941837,0.2192789293021715,0.12035347372926086,-0.36468393463162735,0.5370541754900365,Fall
158.08,425,655,78,489,94,64,0.8730384499047076,0.1583440186199924,0.18231599924571126,0.3390001361432513,0.10588082909249233,-0.16082106161177892,Fall
158.1,326,641,68,586,163,119,0.8790584774177604,0.15687082800724214,0.233224799323242,-0.10065157412462608,-0.6007975838408276,-0.11792872482604565,Fall
158.12,351,757,119,594,150,102,0.843204658063577,0.15999039562702477,0.22806802545835075,0.2788816785466079,-1.397509872815531,-0.4286697713149882,Fall
158.14,203,845,118,609,172,42,0.8362346290792219,0.1536950513739093,0.2187638731306664,0.13616723600510341,-0.23073316791398674,0.21477458571292282,Fall
158.16,442,890,69,785,74,73,0.8705654211504721,0.17073511313993053,0.23080195412903992,0.4903208986028515,-0.3555955152667586,0.4987719945417042,Fall
158.18,289,559,146,718,167,43,0.8906136529303404,0.16187263126489815,0.24135710661859747,-0.5354008153300885,-0.04025064049888737,0.044445910625151026,Fall
158.2,351,618,104,552,142,58,0.8859418992905994,0.1503976199018891,0.22307690318960163,-0.1821305810725657,0.12560209504289796,-0.19794844818205798,Fall
158.22,427,779,71,542,115,105,0.9042010356314497,0.13973317923558157,0.2250701780337288,-0.8309721769442554,-0.6262947206207395,0.081989764731972,Fall
158.24,369,791,71,843,138,114,0.9245004611827536,0.18227355635328935,0.1952254417936734,-0.16784754789248435,-0.17081613544440272,0.0746191525916279,Fall
158.26,263,557,137,616,108,98,0.891584115665579,0.15406192989897005,0.2152733164620709,0.6048380604227109,-0.2361665194897228,0.3817518226901748,Fall
158.28,350,530,120,492,82,62,0.8352690323216089,0.1381516652302372,0.19688282051705927,-0.6776342525751744,-0.26492138744390614,0.5114717376096682,Fall
158.3,268,712,75,501,155,57,0.861070121296317,0.1134586536885111,0.22216529147959982,0.32748966836259313,-0.4979912777560664,-0.06679718400590397,Fall
158.32,239,698,77,512,81,72,0.8799306386083984,0.12733021300120573,0.1988962916807296,0.7198671403223138,-0.48805962951041715,0.17550712318452,Fall
158.34,375,759,136,500,100,63,0.8844526103641379,0.15069968675082257,0.22420146995942794,-0.15981505932887538,0.11149658811946597,-0.26463318502882194,Fall
158.36,281,682,109,477,140,71,0.8726346342090434,0.17203996434988747,0.22179894785848348,1.3951421491208735,-0.21144556668175438,-0.44470733655709094,Fall
158.38,247,729,84,689,174,100,0.9030186634432262,0.1670476136024162,0.24407557914153333,0.08961574846636909,-0.6750347446751479,0.5476631593785585,Fall
158.4,344,884,119,847,120,42,0.9054768516364473,0.14138518544160264,0.2129018366144322,-0.12180320828417668,0.0071669086050689616,0.5721502911762238,Fall
158.42,212,735,116,847,92,71,0.8741644684277499,0.1713230897420375,0.22482097111374644,-0.10542306035714538,0.158207103831995,-0.1341679758816114,Fall
158.44,413,843,132,533,89,52,0.8955703674198439,0.1533761113870096,0.2330401602945872,1.4170324171657942,-0.26335381110569556,0.5987715738163326,Fall
158.46,405,558,78,450,137,87,0.8566892629339005,0.12082554868062674,0.22028169554799135,-0.470540321094705,0.3622709843674636,-0.8787469475241679,Fall
158.48,384,889,145,496,170,48,0.8934503047411552,0.15708539953927794,0.2132061244251493,-0.34025513257652745,-0.41929868194826064,-0.7402420529451049,Fall
158.5,250,890,92,620,109,74,0.8480391611843916,0.15847538013114806,0.2280029601364804,-0.05084609623498056,-1.5579968859392244,-0.1841000168262155,Fall
158.52,203,884,95,545,75,107,0.8546687263985914,0.15151376997074914,0.2310080898992203,0.15278050041097752,0.5770448806329577,0.21679946386644128,Fall
158.54,301,676,63,777,144,44,0.8897442587087417,0.16387909881518478,0.22255626268070905,-0.8604723454939242,0.20595604883873656,-0.3550635389462402,Fall
158.56,336,759,119,786,91,76,0.8880879492246286,0.18114404048452726,0.24737514375975714,0.21399096060917797,-0.2340837490698251,0.07259520016940198,Fall
158.58,315,678,97,757,100,97,0.8706736816120058,0.18279048572838053,0.23085362244743332,-0.920321537025101,-0.27229388033417046,0.46544487393134154,Fall
158.6,200,786,136,676,94,80,0.8990615919156872,0.18105925309085424,0.22061794339855972,0.23203885826613677,-0.2505474604241291,-0.05168154176092286,Fall
158.62,375,554,86,602,162,87,0.8628586509057039,0.15298399618022834,0.2641897097947424,-0.22353792772447315,0.12127677666123449,-0.41750643174403124,Fall
158.64,297,636,146,621,63,47,0.8702242635622637,0.1563960486007791,0.2144403254541371,0.22558827221461378,0.5395821034271162,0.5322591368984316,Fall
158.66,251,712,71,781,137,77,0.8575439742061256,0.13918463380200102,0.232041642045297,-0.47655174836998443,-0.24592161894959194,-0.28444715898156747,Fall
158.68,214,634,109,745,169,98,0.9034246149502405,0.12604010296757026,0.2002882815423749,1.0384071394049437,-0.2707360444808436,0.6549872250279741,Fall
158.7,350,561,66,764,174,46,0.892153905407777,0.15731728629894118,0.2299459635908416,-0.18862565830051456,-0.3559326219037299,0.30603382504334153,Fall
158.72,262,541,107,812,174,40,0.9349906084758631,0.15849213261534686,0.17746280177768836,-0.4543018063393383,-0.23834687484886113,0.12326122938963602,Fall
158.74,397,602,122,454,64,66,0.8882426122200658,0.15866577933495488,0.20317145381025933,0.05593695035645512,-0.39537142518288526,-0.5969408270963943,Fall
158.76,272,755,103,832,77,90,0.8748127460568657,0.16250844698248817,0.22787321497511867,0.4462696210802176,0.1647275070589415,0.3058960602421468,Fall
158.78,336,836,117,485,139,70,0.8787960509533077,0.11571292247108642,0.24041441041032768,0.8235667888928148,-0.08242956237477876,-0.38974780625490213,Fall
158.8,262,808,146,808,166,46,0.8960005952943835,0.15498191451374047,0.2070171791175026,-0.6963824097029913,-0.21353746640770688,-0.31835347130854635,Fall
158.82,339,525,142,639,102,59,0.8578623203876973,0.17225036628060802,0.2291656975169901,0.04590502102183453,-0.7400062821572655,0.20825757607724574,Fall
158.84,312,560,93,773,169,48,0.9004397592347396,0.16166609067477472,0.20270809031500323,0.34579958309078707,0.017597593460878264,-0.37057017267948744,Fall
158.86,222,607,63,522,126,49,0.8957111339668692,0.14406283677142318,0.20914544058675616,-0.1334173252453703,0.2107788314276101,-0.28178040892492534,Fall
158.88,381,851,104,661,162,56,0.8690015323005992,0.1360445907885257,0.2324434071187026,-0.1342311582280864,0.3797902929838932,0.2868671235375065,Fall
158.9,435,522,59,549,139,75,0.868810267357638,0.16799535293268567,0.26306056628710534,-0.3458340823841079,-0.01724113030686716,-0.49021119630529375,Fall
158.92,283,534,126,454,179,85,0.8621241303296695,0.16218544102643676,0.20247632405285326,-0.590102366050227,-0.36514023636765025,-0.9905487337376453,Fall
158.94,352,816,140,506,131,49,0.8829289980062425,0.1522395734009408,0.21942990571442955,0.2426212756903822,0.12435216947846751,-0.08411525279515908,Fall
158.96,347,540,96,670,125,100,0.8796811986912942,0.12342834108243385,0.2376784359925071,0.3503899944322462,0.513419149955497,-0.41483469112379495,Fall
158.98,358,647,52,522,119,81,0.8439508278452474,0.13739644893328956,0.21847809873196747,-0.6974405763316167,-0.041635427946204166,-0.4236456054401093,Fall
159.0,288,604,103,717,159,117,0.9171572354763211,0.13341653632617353,0.18964507754298038,-0.4502488506451797,0.6094589560858084,-0.3058165628156766,Fall
159.02,446,859,71,734,62,93,0.8640311430630975,0.1096304531981139,0.2016162784897782,0.24826551287856188,-0.6932432534284385,-0.16933457112046313,Fall
159.04,201,689,133,825,75,113,0.8899705320714782,0.17961697035400018,0.2187948262650179,-0.5208478759378874,0.24115555392524315,0.12113961594801347,Fall
159.06,305,550,121,552,60,114,0.8721907734300672,0.17070181484247884,0.21038525947203182,0.7403465461262142,-0.6098158504834265,0.3670534668139547,Fall
159.08,210,886,111,667,60,111,0.9016688502235984,0.1330557682584322,0.20858645818946847,0.10916077055812203,0.12952254983794906,-0.143431233250163,Fall
159.1,361,765,117,606,138,101,0.8987596369523226,0.18352107066286213,0.2008360980582088,-0.45553378502574143,0.24302654121816386,0.20740281500074353,Fall
159.12,431,625,143,820,142,108,0.9005446434347207,0.16859491315906414,0.24466511008285616,0.3409888082628585,-0.562420800608866,-0.5637626522965714,Fall
159.14,442,767,65,747,74,87,0.8690063315667922,0.14187862449064909,0.21711156604705723,-0.10809912510774612,-0.22899143014175005,0.4003552538535715,Fall
159.16,419,788,75,529,154,119,0.8854225130998209,0.111562876575511,0.21615335222155085,0.19090501580594102,-0.03341255346124592,-0.8895445003168332,Fall
159.18,379,889,66,795,105,59,0.9013999296016688,0.15809806372945814,0.22918834191961393,-0.9626309900489467,0.0970007028387589,-0.09591567678620802,Fall
159.2,438,718,143,536,86,46,0.8785372535124143,0.12251863798719403,0.18064663240891793,0.42517278558774374,-0.1208762930245046,0.045998566954327,Fall
159.22,350,587,72,481,66,59,0.8449376969693387,0.1507548238700365,0.2148122100362166,-0.23887561573348295,0.70450080312029,0.5586686328665835,Fall
159.24,305,560,122,711,175,47,0.8894170183836301,0.15064688731964224,0.22521564846684142,-0.2809922316197656,-0.112127813035012,0.17206201461417062,Fall
159.26,369,831,106,574,81,104,0.8958830247198395,0.143082923898073,0.22452765682899048,0.08698285704838643,-0.12038884695916903,-0.24695894431147078,Fall
159.28,349,799,59,509,139,107,0.8975057329477176,0.13145943778792024,0.21568310888839226,0.2849859895953736,0.4047376345381563,0.31057941340912987,Fall
159.3,383,697,74,803,100,104,0.8891938524903176,0.1483693606684099,0.2192036378003352,0.7667548941639153,-1.0209677403151223,0.6172814514875535,Fall
159.32,410,791,69,791,72,54,0.8923201950182663,0.1255315233501672,0.19727109277045396,-0.4868357996604808,0.30136144597678927,0.17416392849263607,Fall
159.34,328,798,94,639,72,115,0.8356548601055601,0.17222043475560578,0.19756362172682407,-0.530062982080053,0.8213474345945745,-0.7377100645197746,Fall
159.36,311,537,121,460,141,76,0.9271653866957904,0.1547193435546469,0.21211487809346846,0.7320331375632385,-0.27362362920227307,0.20092289233274307,Fall
159.38,277,775,53,479,115,79,0.8734187004289655,0.15416393228208736,0.22366994601299509,0.05205139330264969,-0.024696443623165094,0.3118956235955079,Fall
159.4,244,655,67,642,121,62,0.8627860694237899,0.13370684448896664,0.22142929954870932,-0.2760922222318634,-0.18252909945436147,-0.23725289660167795,Fall
159.42,371,529,113,844,130,52,0.9250158476193212,0.17782762750486952,0.24333381152151123,0.7195230300425101,0.4239079522857456,0.4464023725758162,Fall
159.44,270,547,137,561,85,105,0.8702207818061944,0.12696199922192142,0.21358073741582942,0.1398862159036536,-0.5814395791810089,-0.36242837487199947,Fall
159.46,392,749,89,575,63,48,0.881931490067187,0.1402891269833146,0.233801406388432,0.5968222399607293,-0.33289747892281113,-0.314746941651553,Fall
159.48,350,881,105,667,80,81,0.8907051386304298,0.19921398489063136,0.20754977361711777,0.8278043556247042,-0.12737669141096347,0.8342437652897662,Fall
159.5,293,712,55,608,156,79,0.8861083002404166,0.15761151105980387,0.18279125414651606,0.36600226869629215,0.4680921707731167,-0.18994198629857525,Fall
159.52,385,548,104,825,74,61,0.8779045501580048,0.13439578981368647,0.21609528025272925,0.11720273437857964,0.6288330971984268,0.4924035991706098,Fall
159.54,243,659,91,798,104,62,0.8902644220386101,0.11033808748517217,0.21162674348321026,0.4208043182199646,0.05554987875376722,-0.1614737643784705,Fall
159.56,297,785,75,558,108,81,0.8539309122104197,0.1736956236750618,0.25361361941420413,-0.20697052076456895,0.16479513515793603,-0.024995263059342167,Fall
159.58,423,578,120,452,127,118,0.8874027767485542,0.13717176345659207,0.21458667247963686,0.6248886595471057,-0.3367677844289686,0.038150557837497365,Fall
159.6,380,897,78,451,178,45,0.8450078287005244,0.12721787815811295,0.23766416935553508,-0.006946935262684495,0.054576897631947445,0.3985460885276572,Fall
159.62,254,645,132,654,131,76,0.8935013829215833,0.1473524184671387,0.21014729486355738,-0.5067709650781127,0.21166638272226526,0.4953312401074502,Fall
159.64,439,774,89,473,73,55,0.8973878092388463,0.14277289896778794,0.18594884915105395,-0.39121222446355486,0.20511340723272642,-0.4306726301935155,Fall
159.66,372,762,114,731,170,108,0.8943133102742454,0.15186248370232783,0.24037730266968918,0.08951560436865465,0.8474244781094185,-0.12588158692788312,Fall
159.68,402,636,68,528,85,68,0.8626417134094548,0.16742735180294707,0.24953268796005462,0.2842185732956056,0.2616951693392331,0.21914170269053046,Fall
159.7,341,842,65,620,62,90,0.8886873381781393,0.13561924930971297,0.22316314074357396,-0.43652639006069777,0.47537628477541566,-0.0786004191293812,Fall
159.72,313,527,127,635,151,75,0.8677425374928511,0.164966895484039,0.22030657140920346,-0.4340636467273554,0.959298184747704,0.008586929703449608,Fall
159.74,220,867,142,566,142,79,0.9256345012142134,0.13096814483792146,0.24550258357895302,1.0890902733979275,-0.09729927200832976,0.06627771423674163,Fall
159.76,399,821,128,547,169,89,0.8873704943819964,0.1421097298965901,0.262252668319804,-0.5901981740417563,0.2078381868893447,0.12808905047264274,Fall
159.78,316,525,62,463,63,104,0.8381745197128998,0.15305138543099567,0.19773915090275337,0.5147324817106248,0.7514332886308255,0.4072648968614913,Fall
159.8,317,546,134,811,174,53,0.8827164014143216,0.15481354179120946,0.213003976867671,0.5266055117547139,0.4646737402627476,-0.48447397307208045,Fall
159.82,233,602,128,526,156,102,0.8709184560243196,0.14426945492750512,0.21232405363846624,0.13492101327914868,0.10919432743333071,-0.15342645770203275,Fall
159.84,252,790,73,620,177,61,0.8600115176034914,0.11777380310310546,0.22678861216544532,-0.7061811768596103,-0.07373490954991783,-0.677964972954374,Fall
159.86,238,889,139,459,179,75,0.9057195410054838,0.14519265618574367,0.20797140398096248,-1.0037395766443915,-0.0070898496993193035,-0.38030643930154456,Fall
159.88,288,578,130,524,62,53,0.8741121511146009,0.14965255565247482,0.23552718571274497,0.40335877207343496,0.5796919995288543,0.000901531366417699,Fall
159.9,265,854,65,744,122,56,0.8676642171684494,0.13920226090786916,0.25528232154058367,-0.047656908898007735,0.6015681938332135,-0.2198474805833809,Fall
159.92,236,770,72,625,179,65,0.8725725742349494,0.15125010534191308,0.18439567002541737,-0.27503308489921274,0.0076635065015579935,-0.1404317314831055,Fall
159.94,369,514,86,594,115,90,0.8738453971070597,0.16260661360299214,0.20102110979706103,-0.494150007342497,-0.0755139433880947,-0.5016719984693367,Fall
159.96,363,617,80,819,172,82,0.9067290431888035,0.15471624554009036,0.22730610336399384,0.7321009751224068,-0.543386919685807,0.23792288061305578,Fall
159.98,211,853,103,560,69,73,0.8404629753067043,0.1400442989758709,0.23186098834783936,0.24165005499056974,0.22028171274098152,-0.03585034925229129,Fall
